,YIELD_SPREAD,CPI,HY_SPREAD,VIX,SKEW,VIX3M,VIX_BKWD,T5YIE,ICSA,T5YIE_ZONE,ICSA_ZONE,REGIME,REGIME_SCORE,IG_SPREAD,IG_SCORE,STLFSI,FSI_SCORE,SAHM,SAHM_SCORE,LAGGING_TOTAL,RISK_SCORE,SIGNAL,ACTION,LEADING_SCORE,COINCIDENT_SCORE,LAGGING_SCORE,S_YIELD,S_CPI,S_REGIME,S_VIX,S_SKEW,S_BKWD,S_HY,S_IG,S_FSI,S_SAHM
2022-01-03,0.85,5.957820738137087,4.62,16.600000381469727,151.49000549316406,21.530000686645508,-4.930000305175781,2.95,22.9,HIGH,NEUTRAL,둔화_주의,2,1.45,1,-0.6984,0,-0.2,0,1,3.76,🟡 흐림,위험자산 10~20% 축소,2.29,1.17,0.31,0,2,2,0,2,0,0,1,0,0
2022-01-04,0.89,5.957820738137087,4.62,16.90999984741211,150.36000061035156,21.6200008392334,-4.710000991821289,2.93,22.9,HIGH,NEUTRAL,둔화_주의,2,1.45,1,-0.6984,0,-0.2,0,1,3.76,🟡 흐림,위험자산 10~20% 축소,2.29,1.17,0.31,0,2,2,0,2,0,0,1,0,0
2022-01-05,0.88,5.957820738137087,4.62,19.729999542236328,143.41000366210938,23.469999313354492,-3.739999771118164,2.87,22.9,HIGH,NEUTRAL,둔화_주의,2,1.45,1,-0.6984,0,-0.2,0,1,3.76,🟡 흐림,위험자산 10~20% 축소,2.29,1.17,0.31,0,2,2,0,2,0,0,1,0,0
2022-01-06,0.85,5.957820738137087,4.62,19.610000610351562,140.77000427246094,23.5,-3.8899993896484375,2.77,22.9,HIGH,NEUTRAL,둔화_주의,2,1.45,1,-0.6984,0,-0.2,0,1,3.76,🟡 흐림,위험자산 10~20% 축소,2.29,1.17,0.31,0,2,2,0,2,0,0,1,0,0
2022-01-07,0.89,5.957820738137087,4.62,18.760000228881836,139.13999938964844,22.8700008392334,-4.1100006103515625,2.78,22.9,HIGH,NEUTRAL,둔화_주의,2,1.45,1,-0.6984,0,-0.2,0,1,3.18,🟡 흐림,위험자산 10~20% 축소,2.29,0.58,0.31,0,2,2,0,1,0,0,1,0,0
2022-01-10,0.86,5.957820738137087,4.62,19.399999618530273,139.24000549316406,22.68000030517578,-3.280000686645508,2.77,25.0,HIGH,NEUTRAL,둔화_주의,2,1.45,1,-0.6984,0,-0.2,0,1,3.18,🟡 흐림,위험자산 10~20% 축소,2.29,0.58,0.31,0,2,2,0,1,0,0,1,0,0
2022-01-11,0.85,5.957820738137087,4.62,18.40999984741211,138.08999633789062,21.979999542236328,-3.5699996948242188,2.87,25.0,HIGH,NEUTRAL,둔화_주의,2,1.45,1,-0.6984,0,-0.2,0,1,3.18,🟡 흐림,위험자산 10~20% 축소,2.29,0.58,0.31,0,2,2,0,1,0,0,1,0,0
2022-01-12,0.82,5.957820738137087,4.62,17.6200008392334,135.72999572753906,21.579999923706055,-3.9599990844726562,2.82,25.0,HIGH,NEUTRAL,둔화_주의,2,1.45,1,-0.6984,0,-0.2,0,1,3.18,🟡 흐림,위험자산 10~20% 축소,2.29,0.58,0.31,0,2,2,0,1,0,0,1,0,0
2022-01-13,0.79,5.957820738137087,4.62,20.309999465942383,133.1300048828125,23.40999984741211,-3.1000003814697266,2.77,25.0,HIGH,NEUTRAL,둔화_주의,2,1.45,1,-0.6984,0,-0.2,0,1,3.76,🟡 흐림,위험자산 10~20% 축소,2.29,1.17,0.31,0,2,2,1,1,0,0,1,0,0
2022-01-14,0.79,5.957820738137087,4.62,19.190000534057617,133.85000610351562,22.81999969482422,-3.6299991607666016,2.79,25.0,HIGH,NEUTRAL,둔화_주의,2,1.45,1,-0.659,0,-0.2,0,1,3.18,🟡 흐림,위험자산 10~20% 축소,2.29,0.58,0.31,0,2,2,0,1,0,0,1,0,0
2022-01-17,0.79,5.957820738137087,4.62,19.190000534057617,133.85000610351562,22.81999969482422,-3.6299991607666016,2.79,24.6,HIGH,NEUTRAL,둔화_주의,2,1.45,1,-0.659,0,-0.2,0,1,3.18,🟡 흐림,위험자산 10~20% 축소,2.29,0.58,0.31,0,2,2,0,1,0,0,1,0,0
2022-01-18,0.81,5.957820738137087,4.62,22.790000915527344,129.72000122070312,25.1200008392334,-2.3299999237060547,2.8,24.6,HIGH,NEUTRAL,둔화_주의,2,1.45,1,-0.659,0,-0.2,0,1,3.18,🟡 흐림,위험자산 10~20% 축소,2.29,0.58,0.31,0,2,2,1,0,0,0,1,0,0
2022-01-19,0.79,5.957820738137087,4.62,23.850000381469727,134.72999572753906,25.809999465942383,-1.9599990844726562,2.73,24.6,HIGH,NEUTRAL,둔화_주의,2,1.45,1,-0.659,0,-0.2,0,1,3.76,🟡 흐림,위험자산 10~20% 축소,2.29,1.17,0.31,0,2,2,1,1,0,0,1,0,0
2022-01-20,0.75,5.957820738137087,4.62,25.59000015258789,127.58000183105469,27.25,-1.6599998474121094,2.74,24.6,HIGH,NEUTRAL,둔화_주의,2,1.45,1,-0.659,0,-0.2,0,1,3.18,🟡 흐림,위험자산 10~20% 축소,2.29,0.58,0.31,0,2,2,1,0,0,0,1,0,0
2022-01-21,0.74,5.957820738137087,4.62,28.850000381469727,136.17999267578125,29.950000762939453,-1.1000003814697266,2.7,24.6,HIGH,NEUTRAL,둔화_주의,2,1.45,1,-0.3817,0,-0.2,0,1,3.76,🟡 흐림,위험자산 10~20% 축소,2.29,1.17,0.31,0,2,2,1,1,0,0,1,0,0
2022-01-24,0.76,5.957820738137087,4.62,29.899999618530273,136.05999755859375,30.81999969482422,-0.9200000762939453,2.74,24.0,HIGH,NEUTRAL,둔화_주의,2,1.45,1,-0.3817,0,-0.2,0,1,3.76,🟡 흐림,위험자산 10~20% 축소,2.29,1.17,0.31,0,2,2,1,1,0,0,1,0,0
2022-01-25,0.76,5.957820738137087,4.62,31.15999984741211,133.89999389648438,31.760000228881836,-0.6000003814697266,2.78,24.0,HIGH,NEUTRAL,둔화_주의,2,1.45,1,-0.3817,0,-0.2,0,1,4.35,🟡 흐림,위험자산 10~20% 축소,2.29,1.75,0.31,0,2,2,2,1,0,0,1,0,0
2022-01-26,0.72,5.957820738137087,4.62,31.959999084472656,133.3800048828125,31.950000762939453,0.009998321533203125,2.75,24.0,HIGH,NEUTRAL,둔화_주의,2,1.45,1,-0.3817,0,-0.2,0,1,4.93,🟡 흐림,위험자산 10~20% 축소,2.29,2.33,0.31,0,2,2,2,1,1,0,1,0,0
2022-01-27,0.63,5.957820738137087,4.62,30.489999771118164,132.22000122070312,30.8700008392334,-0.3800010681152344,2.76,24.0,HIGH,NEUTRAL,둔화_주의,2,1.45,1,-0.3817,0,-0.2,0,1,4.35,🟡 흐림,위험자산 10~20% 축소,2.29,1.75,0.31,0,2,2,2,1,0,0,1,0,0
2022-01-28,0.63,5.957820738137087,4.62,27.65999984741211,132.9600067138672,28.81999969482422,-1.1599998474121094,2.8,24.0,HIGH,NEUTRAL,둔화_주의,2,1.45,1,-0.2,0,-0.2,0,1,3.76,🟡 흐림,위험자산 10~20% 축소,2.29,1.17,0.31,0,2,2,1,1,0,0,1,0,0
2022-01-31,0.61,5.957820738137087,4.62,24.829999923706055,131.44000244140625,26.850000381469727,-2.020000457763672,2.82,23.1,HIGH,NEUTRAL,둔화_주의,2,1.45,1,-0.2,0,-0.2,0,1,3.76,🟡 흐림,위험자산 10~20% 축소,2.29,1.17,0.31,0,2,2,1,1,0,0,1,0,0
2022-02-01,0.63,5.957820738137087,4.62,21.959999084472656,133.0,24.760000228881836,-2.8000011444091797,2.8,23.1,HIGH,NEUTRAL,둔화_주의,2,1.45,1,-0.2,0,-0.13,0,1,3.76,🟡 흐림,위험자산 10~20% 축소,2.29,1.17,0.31,0,2,2,1,1,0,0,1,0,0
2022-02-02,0.62,5.957820738137087,4.62,22.09000015258789,133.0,25.139999389648438,-3.049999237060547,2.79,23.1,HIGH,NEUTRAL,둔화_주의,2,1.45,1,-0.2,0,-0.13,0,1,3.76,🟡 흐림,위험자산 10~20% 축소,2.29,1.17,0.31,0,2,2,1,1,0,0,1,0,0
2022-02-03,0.63,5.957820738137087,4.62,24.350000381469727,132.75,26.670000076293945,-2.3199996948242188,2.76,23.1,HIGH,NEUTRAL,둔화_주의,2,1.45,1,-0.2,0,-0.13,0,1,3.76,🟡 흐림,위험자산 10~20% 축소,2.29,1.17,0.31,0,2,2,1,1,0,0,1,0,0
2022-02-04,0.62,5.957820738137087,4.62,23.219999313354492,132.75,26.25,-3.030000686645508,2.78,23.1,HIGH,NEUTRAL,둔화_주의,2,1.45,1,-0.5115,0,-0.13,0,1,3.76,🟡 흐림,위험자산 10~20% 축소,2.29,1.17,0.31,0,2,2,1,1,0,0,1,0,0
2022-02-07,0.62,5.957820738137087,4.62,22.860000610351562,132.75,25.690000534057617,-2.8299999237060547,2.75,21.0,HIGH,LOW,과열,1,1.45,1,-0.5115,0,-0.13,0,1,3.19,🟡 흐림,위험자산 10~20% 축소,1.71,1.17,0.31,0,2,1,1,1,0,0,1,0,0
2022-02-08,0.61,5.957820738137087,4.62,21.440000534057617,127.72000122070312,24.540000915527344,-3.1000003814697266,2.77,21.0,HIGH,LOW,과열,1,1.45,1,-0.5115,0,-0.13,0,1,2.61,🟢 맑음,기본 비중 유지,1.71,0.58,0.31,0,2,1,1,0,0,0,1,0,0
2022-02-09,0.58,5.957820738137087,4.62,19.959999084472656,129.77999877929688,23.489999771118164,-3.530000686645508,2.78,21.0,HIGH,LOW,과열,1,1.45,1,-0.5115,0,-0.13,0,1,2.03,🟢 맑음,기본 비중 유지,1.71,0.0,0.31,0,2,1,0,0,0,0,1,0,0
2022-02-10,0.42,5.957820738137087,4.62,23.90999984741211,128.11000061035156,26.06999969482422,-2.1599998474121094,2.81,21.0,HIGH,LOW,과열,1,1.45,1,-0.5115,0,-0.13,0,1,2.61,🟢 맑음,기본 비중 유지,1.71,0.58,0.31,0,2,1,1,0,0,0,1,0,0
2022-02-11,0.42,5.957820738137087,4.62,27.360000610351562,126.80999755859375,28.829999923706055,-1.4699993133544922,2.82,21.0,HIGH,LOW,과열,1,1.45,1,-0.5838,0,-0.13,0,1,2.61,🟢 맑음,기본 비중 유지,1.71,0.58,0.31,0,2,1,1,0,0,0,1,0,0
2022-02-14,0.4,5.957820738137087,4.62,28.329999923706055,128.1199951171875,29.440000534057617,-1.1100006103515625,2.91,23.4,HIGH,NEUTRAL,둔화_주의,2,1.45,1,-0.5838,0,-0.13,0,1,3.18,🟡 흐림,위험자산 10~20% 축소,2.29,0.58,0.31,0,2,2,1,0,0,0,1,0,0
2022-02-15,0.47,5.957820738137087,4.62,25.700000762939453,129.75999450683594,27.280000686645508,-1.5799999237060547,2.89,23.4,HIGH,NEUTRAL,둔화_주의,2,1.45,1,-0.5838,0,-0.13,0,1,3.18,🟡 흐림,위험자산 10~20% 축소,2.29,0.58,0.31,0,2,2,1,0,0,0,1,0,0
2022-02-16,0.51,5.957820738137087,4.62,24.290000915527344,132.75,26.260000228881836,-1.9699993133544922,2.87,23.4,HIGH,NEUTRAL,둔화_주의,2,1.45,1,-0.5838,0,-0.13,0,1,3.76,🟡 흐림,위험자산 10~20% 축소,2.29,1.17,0.31,0,2,2,1,1,0,0,1,0,0
2022-02-17,0.48,5.957820738137087,4.62,28.110000610351562,131.30999755859375,29.31999969482422,-1.2099990844726562,2.87,23.4,HIGH,NEUTRAL,둔화_주의,2,1.45,1,-0.5838,0,-0.13,0,1,3.76,🟡 흐림,위험자산 10~20% 축소,2.29,1.17,0.31,0,2,2,1,1,0,0,1,0,0
2022-02-18,0.45,5.957820738137087,4.62,27.75,128.36000061035156,29.219999313354492,-1.4699993133544922,2.86,23.4,HIGH,NEUTRAL,둔화_주의,2,1.45,1,-0.1634,0,-0.13,0,1,3.18,🟡 흐림,위험자산 10~20% 축소,2.29,0.58,0.31,0,2,2,1,0,0,0,1,0,0
2022-02-21,0.45,5.957820738137087,4.62,27.75,128.36000061035156,29.219999313354492,-1.4699993133544922,2.86,22.4,HIGH,NEUTRAL,둔화_주의,2,1.45,1,-0.1634,0,-0.13,0,1,3.18,🟡 흐림,위험자산 10~20% 축소,2.29,0.58,0.31,0,2,2,1,0,0,0,1,0,0
2022-02-22,0.38,5.957820738137087,4.62,28.809999465942383,128.3300018310547,29.110000610351562,-0.3000011444091797,2.89,22.4,HIGH,NEUTRAL,둔화_주의,2,1.45,1,-0.1634,0,-0.13,0,1,3.18,🟡 흐림,위험자산 10~20% 축소,2.29,0.58,0.31,0,2,2,1,0,0,0,1,0,0
2022-02-23,0.41,5.957820738137087,4.62,31.020000457763672,126.87999725341797,30.8799991607666,0.1400012969970703,3.01,22.4,HIGH,NEUTRAL,둔화_주의,2,1.45,1,-0.1634,0,-0.13,0,1,4.35,🟡 흐림,위험자산 10~20% 축소,2.29,1.75,0.31,0,2,2,2,0,1,0,1,0,0
2022-02-24,0.42,5.957820738137087,4.62,30.31999969482422,130.47999572753906,30.049999237060547,0.2700004577636719,3.05,22.4,HIGH,NEUTRAL,둔화_주의,2,1.45,1,-0.1634,0,-0.13,0,1,4.93,🟡 흐림,위험자산 10~20% 축소,2.29,2.33,0.31,0,2,2,2,1,1,0,1,0,0
2022-02-25,0.42,5.957820738137087,4.62,27.59000015258789,132.50999450683594,28.040000915527344,-0.4500007629394531,3.02,22.4,HIGH,NEUTRAL,둔화_주의,2,1.45,1,-0.0045,0,-0.13,0,1,3.76,🟡 흐림,위험자산 10~20% 축소,2.29,1.17,0.31,0,2,2,1,1,0,0,1,0,0
2022-02-28,0.39,5.957820738137087,4.62,30.149999618530273,137.36000061035156,29.649999618530273,0.5,3.11,20.8,HIGH,LOW,과열,1,1.45,1,-0.0045,0,-0.13,0,1,4.36,🟡 흐림,위험자산 10~20% 축소,1.71,2.33,0.31,0,2,1,2,1,1,0,1,0,0
2022-03-01,0.41,5.957820738137087,4.62,33.31999969482422,134.4199981689453,32.59000015258789,0.7299995422363281,3.14,20.8,HIGH,LOW,과열,1,1.45,1,-0.0045,0,-0.1,0,1,4.36,🟡 흐림,위험자산 10~20% 축소,1.71,2.33,0.31,0,2,1,2,1,1,0,1,0,0
2022-03-02,0.36,5.957820738137087,4.62,30.739999771118164,136.11000061035156,30.969999313354492,-0.22999954223632812,3.23,20.8,HIGH,LOW,과열,1,1.45,1,-0.0045,0,-0.1,0,1,3.78,🟡 흐림,위험자산 10~20% 축소,1.71,1.75,0.31,0,2,1,2,1,0,0,1,0,0
2022-03-03,0.33,5.957820738137087,4.62,30.479999542236328,133.27999877929688,30.799999237060547,-0.31999969482421875,3.17,20.8,HIGH,LOW,과열,1,1.45,1,-0.0045,0,-0.1,0,1,3.78,🟡 흐림,위험자산 10~20% 축소,1.71,1.75,0.31,0,2,1,2,1,0,0,1,0,0
2022-03-04,0.24,5.957820738137087,4.62,31.979999542236328,133.27999877929688,32.34000015258789,-0.3600006103515625,3.19,20.8,HIGH,LOW,과열,1,1.45,1,0.2958,1,-0.1,0,2,4.09,🟡 흐림,위험자산 10~20% 축소,1.71,1.75,0.62,0,2,1,2,1,0,0,1,1,0
2022-03-07,0.23,5.957820738137087,4.62,36.45000076293945,136.69000244140625,35.7400016784668,0.7099990844726562,3.29,22.2,HIGH,NEUTRAL,둔화_주의,2,1.45,1,0.2958,1,-0.1,0,2,5.24,🟡 흐림,위험자산 10~20% 축소,2.29,2.33,0.62,0,2,2,2,1,1,0,1,1,0
2022-03-08,0.23,5.957820738137087,4.62,35.130001068115234,135.25,35.0,0.13000106811523438,3.43,22.2,HIGH,NEUTRAL,둔화_주의,2,1.45,1,0.2958,1,-0.1,0,2,5.24,🟡 흐림,위험자산 10~20% 축소,2.29,2.33,0.62,0,2,2,2,1,1,0,1,1,0
2022-03-09,0.26,5.957820738137087,4.62,32.45000076293945,134.1199951171875,33.060001373291016,-0.6100006103515625,3.33,22.2,HIGH,NEUTRAL,둔화_주의,2,1.45,1,0.2958,1,-0.1,0,2,4.66,🟡 흐림,위험자산 10~20% 축소,2.29,1.75,0.62,0,2,2,2,1,0,0,1,1,0
2022-03-10,0.26,5.957820738137087,4.62,30.229999542236328,130.94000244140625,31.520000457763672,-1.2900009155273438,3.42,22.2,HIGH,NEUTRAL,둔화_주의,2,1.45,1,0.2958,1,-0.1,0,2,4.66,🟡 흐림,위험자산 10~20% 축소,2.29,1.75,0.62,0,2,2,2,1,0,0,1,1,0
2022-03-11,0.25,5.957820738137087,4.62,30.75,130.6999969482422,32.34000015258789,-1.5900001525878906,3.52,22.2,HIGH,NEUTRAL,둔화_주의,2,1.45,1,0.1519,1,-0.1,0,2,4.66,🟡 흐림,위험자산 10~20% 축소,2.29,1.75,0.62,0,2,2,2,1,0,0,1,1,0
2022-03-14,0.27,5.957820738137087,4.62,31.770000457763672,131.80999755859375,33.31999969482422,-1.5499992370605469,3.5,21.7,HIGH,LOW,과열,1,1.45,1,0.1519,1,-0.1,0,2,4.09,🟡 흐림,위험자산 10~20% 축소,1.71,1.75,0.62,0,2,1,2,1,0,0,1,1,0
2022-03-15,0.3,5.957820738137087,4.62,29.829999923706055,130.66000366210938,31.959999084472656,-2.1299991607666016,3.42,21.7,HIGH,LOW,과열,1,1.45,1,0.1519,1,-0.1,0,2,3.51,🟡 흐림,위험자산 10~20% 축소,1.71,1.17,0.62,0,2,1,1,1,0,0,1,1,0
2022-03-16,0.24,5.957820738137087,4.62,26.670000076293945,132.0,28.959999084472656,-2.289999008178711,3.34,21.7,HIGH,LOW,과열,1,1.45,1,0.1519,1,-0.1,0,2,3.51,🟡 흐림,위험자산 10~20% 축소,1.71,1.17,0.62,0,2,1,1,1,0,0,1,1,0
2022-03-17,0.26,5.957820738137087,4.62,25.670000076293945,134.92999267578125,28.219999313354492,-2.549999237060547,3.51,21.7,HIGH,LOW,과열,1,1.45,1,0.1519,1,-0.1,0,2,3.51,🟡 흐림,위험자산 10~20% 축소,1.71,1.17,0.62,0,2,1,1,1,0,0,1,1,0
2022-03-18,0.17,5.957820738137087,4.62,23.8700008392334,136.63999938964844,26.549999237060547,-2.6799983978271484,3.48,21.7,HIGH,LOW,과열,1,1.45,1,-0.3062,0,-0.1,0,1,3.19,🟡 흐림,위험자산 10~20% 축소,1.71,1.17,0.31,0,2,1,1,1,0,0,1,0,0
2022-03-21,0.18,5.957820738137087,4.62,23.530000686645508,135.72999572753906,26.3799991607666,-2.8499984741210938,3.52,20.7,HIGH,LOW,과열,1,1.45,1,-0.3062,0,-0.1,0,1,3.19,🟡 흐림,위험자산 10~20% 축소,1.71,1.17,0.31,0,2,1,1,1,0,0,1,0,0
2022-03-22,0.2,5.957820738137087,4.62,22.940000534057617,139.72000122070312,25.850000381469727,-2.9099998474121094,3.52,20.7,HIGH,LOW,과열,1,1.45,1,-0.3062,0,-0.1,0,1,3.19,🟡 흐림,위험자산 10~20% 축소,1.71,1.17,0.31,0,2,1,1,1,0,0,1,0,0
2022-03-23,0.19,5.957820738137087,4.62,23.56999969482422,136.7100067138672,26.40999984741211,-2.8400001525878906,3.57,20.7,HIGH,LOW,과열,1,1.45,1,-0.3062,0,-0.1,0,1,3.19,🟡 흐림,위험자산 10~20% 축소,1.71,1.17,0.31,0,2,1,1,1,0,0,1,0,0
2022-03-24,0.21,5.957820738137087,4.62,21.670000076293945,138.38999938964844,25.299999237060547,-3.6299991607666016,3.57,20.7,HIGH,LOW,과열,1,1.45,1,-0.3062,0,-0.1,0,1,3.19,🟡 흐림,위험자산 10~20% 축소,1.71,1.17,0.31,0,2,1,1,1,0,0,1,0,0
2022-03-25,0.18,5.957820738137087,4.62,20.809999465942383,140.25999450683594,24.719999313354492,-3.9099998474121094,3.59,20.7,HIGH,LOW,과열,1,1.45,1,-0.6093,0,-0.1,0,1,3.78,🟡 흐림,위험자산 10~20% 축소,1.71,1.75,0.31,0,2,1,1,2,0,0,1,0,0
2022-03-28,0.11,5.957820738137087,4.62,19.6299991607666,138.8699951171875,24.18000030517578,-4.55000114440918,3.56,21.4,HIGH,LOW,과열,1,1.45,1,-0.6093,0,-0.1,0,1,2.61,🟢 맑음,기본 비중 유지,1.71,0.58,0.31,0,2,1,0,1,0,0,1,0,0
2022-03-29,0.06,5.957820738137087,4.62,18.899999618530273,140.0,23.190000534057617,-4.290000915527344,3.4,21.4,HIGH,LOW,과열,1,1.45,1,-0.6093,0,-0.1,0,1,2.61,🟢 맑음,기본 비중 유지,1.71,0.58,0.31,0,2,1,0,1,0,0,1,0,0
2022-03-30,0.04,5.957820738137087,4.62,19.329999923706055,139.27999877929688,23.56999969482422,-4.239999771118164,3.41,21.4,HIGH,LOW,과열,1,1.45,1,-0.6093,0,-0.1,0,1,2.61,🟢 맑음,기본 비중 유지,1.71,0.58,0.31,0,2,1,0,1,0,0,1,0,0
2022-03-31,0.04,5.957820738137087,4.62,20.559999465942383,140.72999572753906,24.459999084472656,-3.8999996185302734,3.34,21.4,HIGH,LOW,과열,1,1.45,1,-0.6093,0,-0.1,0,1,3.78,🟡 흐림,위험자산 10~20% 축소,1.71,1.75,0.31,0,2,1,1,2,0,0,1,0,0
2022-04-01,-0.05,5.957820738137087,4.62,19.6299991607666,145.50999450683594,24.209999084472656,-4.579999923706055,3.28,21.4,HIGH,LOW,과열,1,1.45,1,-0.4745,0,-0.13,0,1,3.76,🟡 흐림,위험자산 10~20% 축소,2.29,1.17,0.31,1,2,1,0,2,0,0,1,0,0
2022-04-04,-0.01,5.957820738137087,4.62,18.56999969482422,146.47999572753906,23.030000686645508,-4.460000991821289,3.28,21.4,HIGH,LOW,과열,1,1.45,1,-0.4745,0,-0.13,0,1,3.76,🟡 흐림,위험자산 10~20% 축소,2.29,1.17,0.31,1,2,1,0,2,0,0,1,0,0
2022-04-05,0.03,5.957820738137087,4.62,21.030000686645508,141.3300018310547,24.899999618530273,-3.8699989318847656,3.31,21.4,HIGH,LOW,과열,1,1.45,1,-0.4745,0,-0.13,0,1,3.78,🟡 흐림,위험자산 10~20% 축소,1.71,1.75,0.31,0,2,1,1,2,0,0,1,0,0
2022-04-06,0.11,5.957820738137087,4.62,22.100000381469727,144.27000427246094,25.799999237060547,-3.6999988555908203,3.28,21.4,HIGH,LOW,과열,1,1.45,1,-0.4745,0,-0.13,0,1,3.78,🟡 흐림,위험자산 10~20% 축소,1.71,1.75,0.31,0,2,1,1,2,0,0,1,0,0
2022-04-07,0.19,5.957820738137087,4.62,21.549999237060547,139.5500030517578,25.229999542236328,-3.6800003051757812,3.26,21.4,HIGH,LOW,과열,1,1.45,1,-0.4745,0,-0.13,0,1,3.19,🟡 흐림,위험자산 10~20% 축소,1.71,1.17,0.31,0,2,1,1,1,0,0,1,0,0
2022-04-08,0.19,5.957820738137087,4.62,21.15999984741211,141.50999450683594,25.170000076293945,-4.010000228881836,3.33,21.4,HIGH,LOW,과열,1,1.45,1,-0.3683,0,-0.13,0,1,3.78,🟡 흐림,위험자산 10~20% 축소,1.71,1.75,0.31,0,2,1,1,2,0,0,1,0,0
2022-04-11,0.29,5.957820738137087,4.62,24.3700008392334,137.91000366210938,27.0,-2.6299991607666016,3.37,21.4,HIGH,LOW,과열,1,1.45,1,-0.3683,0,-0.13,0,1,3.19,🟡 흐림,위험자산 10~20% 축소,1.71,1.17,0.31,0,2,1,1,1,0,0,1,0,0
2022-04-12,0.33,5.957820738137087,4.62,24.260000228881836,137.6199951171875,27.170000076293945,-2.9099998474121094,3.31,21.4,HIGH,LOW,과열,1,1.45,1,-0.3683,0,-0.13,0,1,3.19,🟡 흐림,위험자산 10~20% 축소,1.71,1.17,0.31,0,2,1,1,1,0,0,1,0,0
2022-04-13,0.33,5.957820738137087,4.62,21.81999969482422,139.86000061035156,25.540000915527344,-3.720001220703125,3.25,21.4,HIGH,LOW,과열,1,1.45,1,-0.3683,0,-0.13,0,1,3.19,🟡 흐림,위험자산 10~20% 축소,1.71,1.17,0.31,0,2,1,1,1,0,0,1,0,0
2022-04-14,0.36,5.957820738137087,4.62,22.700000762939453,134.38999938964844,26.030000686645508,-3.3299999237060547,3.33,21.4,HIGH,LOW,과열,1,1.45,1,-0.3683,0,-0.13,0,1,3.19,🟡 흐림,위험자산 10~20% 축소,1.71,1.17,0.31,0,2,1,1,1,0,0,1,0,0
2022-04-15,0.36,5.957820738137087,4.62,22.700000762939453,134.38999938964844,26.030000686645508,-3.3299999237060547,3.33,21.4,HIGH,LOW,과열,1,1.45,1,-0.2785,0,-0.13,0,1,3.19,🟡 흐림,위험자산 10~20% 축소,1.71,1.17,0.31,0,2,1,1,1,0,0,1,0,0
2022-04-18,0.39,5.957820738137087,4.62,22.170000076293945,130.94000244140625,25.75,-3.5799999237060547,3.36,21.0,HIGH,LOW,과열,1,1.45,1,-0.2785,0,-0.13,0,1,3.19,🟡 흐림,위험자산 10~20% 축소,1.71,1.17,0.31,0,2,1,1,1,0,0,1,0,0
2022-04-19,0.32,5.957820738137087,4.62,21.3700008392334,130.94000244140625,25.059999465942383,-3.6899986267089844,3.36,21.0,HIGH,LOW,과열,1,1.45,1,-0.2785,0,-0.13,0,1,3.19,🟡 흐림,위험자산 10~20% 축소,1.71,1.17,0.31,0,2,1,1,1,0,0,1,0,0
2022-04-20,0.25,5.957820738137087,4.62,20.31999969482422,134.17999267578125,24.149999618530273,-3.8299999237060547,3.36,21.0,HIGH,LOW,과열,1,1.45,1,-0.2785,0,-0.13,0,1,3.19,🟡 흐림,위험자산 10~20% 축소,1.71,1.17,0.31,0,2,1,1,1,0,0,1,0,0
2022-04-21,0.22,5.957820738137087,4.62,22.68000030517578,132.72000122070312,26.110000610351562,-3.4300003051757812,3.37,21.0,HIGH,LOW,과열,1,1.45,1,-0.2785,0,-0.13,0,1,3.19,🟡 흐림,위험자산 10~20% 축소,1.71,1.17,0.31,0,2,1,1,1,0,0,1,0,0
2022-04-22,0.18,5.957820738137087,4.62,28.209999084472656,136.22000122070312,29.8700008392334,-1.6600017547607422,3.37,21.0,HIGH,LOW,과열,1,1.45,1,-0.3842,0,-0.13,0,1,3.19,🟡 흐림,위험자산 10~20% 축소,1.71,1.17,0.31,0,2,1,1,1,0,0,1,0,0
2022-04-25,0.18,5.957820738137087,4.62,27.020000457763672,133.4199981689453,29.06999969482422,-2.049999237060547,3.27,20.9,HIGH,LOW,과열,1,1.45,1,-0.3842,0,-0.13,0,1,3.19,🟡 흐림,위험자산 10~20% 축소,1.71,1.17,0.31,0,2,1,1,1,0,0,1,0,0
2022-04-26,0.23,5.957820738137087,4.62,33.52000045776367,133.4199981689453,33.13999938964844,0.3800010681152344,3.25,20.9,HIGH,LOW,과열,1,1.45,1,-0.3842,0,-0.13,0,1,4.36,🟡 흐림,위험자산 10~20% 축소,1.71,2.33,0.31,0,2,1,2,1,1,0,1,0,0
2022-04-27,0.24,5.957820738137087,4.62,31.600000381469727,138.08999633789062,32.20000076293945,-0.6000003814697266,3.28,20.9,HIGH,LOW,과열,1,1.45,1,-0.3842,0,-0.13,0,1,3.78,🟡 흐림,위험자산 10~20% 축소,1.71,1.75,0.31,0,2,1,2,1,0,0,1,0,0
2022-04-28,0.22,5.957820738137087,4.62,29.989999771118164,136.35000610351562,31.149999618530273,-1.1599998474121094,3.39,20.9,HIGH,LOW,과열,1,1.45,1,-0.3842,0,-0.13,0,1,3.19,🟡 흐림,위험자산 10~20% 축소,1.71,1.17,0.31,0,2,1,1,1,0,0,1,0,0
2022-04-29,0.19,5.957820738137087,4.62,33.400001525878906,136.69000244140625,33.18000030517578,0.220001220703125,3.3,20.9,HIGH,LOW,과열,1,1.45,1,0.1824,1,-0.13,0,2,4.67,🟡 흐림,위험자산 10~20% 축소,1.71,2.33,0.62,0,2,1,2,1,1,0,1,1,0
2022-05-02,0.26,5.957820738137087,4.62,32.34000015258789,131.39999389648438,33.0099983215332,-0.6699981689453125,3.21,21.8,HIGH,LOW,과열,1,1.45,1,0.1824,1,-0.07,0,2,4.09,🟡 흐림,위험자산 10~20% 축소,1.71,1.75,0.62,0,2,1,2,1,0,0,1,1,0
2022-05-03,0.19,5.957820738137087,4.62,29.25,129.0,30.809999465942383,-1.5599994659423828,3.21,21.8,HIGH,LOW,과열,1,1.45,1,0.1824,1,-0.07,0,2,2.92,🟢 맑음,기본 비중 유지,1.71,0.58,0.62,0,2,1,1,0,0,0,1,1,0
2022-05-04,0.27,5.957820738137087,4.62,25.420000076293945,127.75,28.09000015258789,-2.6700000762939453,3.24,21.8,HIGH,LOW,과열,1,1.45,1,0.1824,1,-0.07,0,2,2.92,🟢 맑음,기본 비중 유지,1.71,0.58,0.62,0,2,1,1,0,0,0,1,1,0
2022-05-05,0.34,5.957820738137087,4.62,31.200000762939453,128.64999389648438,32.68000030517578,-1.4799995422363281,3.23,21.8,HIGH,LOW,과열,1,1.45,1,0.1824,1,-0.07,0,2,3.51,🟡 흐림,위험자산 10~20% 축소,1.71,1.17,0.62,0,2,1,2,0,0,0,1,1,0
2022-05-06,0.4,5.957820738137087,4.62,30.190000534057617,126.20999908447266,32.310001373291016,-2.1200008392333984,3.22,21.8,HIGH,LOW,과열,1,1.45,1,0.2118,1,-0.07,0,2,3.51,🟡 흐림,위험자산 10~20% 축소,1.71,1.17,0.62,0,2,1,2,0,0,0,1,1,0
2022-05-09,0.44,5.957820738137087,4.62,34.75,127.05000305175781,35.04999923706055,-0.2999992370605469,3.06,20.4,HIGH,LOW,과열,1,1.45,1,0.2118,1,-0.07,0,2,3.51,🟡 흐림,위험자산 10~20% 축소,1.71,1.17,0.62,0,2,1,2,0,0,0,1,1,0
2022-05-10,0.37,5.957820738137087,4.62,32.9900016784668,125.86000061035156,33.970001220703125,-0.9799995422363281,2.92,20.4,HIGH,LOW,과열,1,1.45,1,0.2118,1,-0.07,0,2,3.51,🟡 흐림,위험자산 10~20% 축소,1.71,1.17,0.62,0,2,1,2,0,0,0,1,1,0
2022-05-11,0.25,5.957820738137087,4.62,32.560001373291016,124.51000213623047,33.630001068115234,-1.0699996948242188,3.0,20.4,HIGH,LOW,과열,1,1.45,1,0.2118,1,-0.07,0,2,3.51,🟡 흐림,위험자산 10~20% 축소,1.71,1.17,0.62,0,2,1,2,0,0,0,1,1,0
2022-05-12,0.28,5.957820738137087,4.62,31.770000457763672,119.91000366210938,33.08000183105469,-1.3100013732910156,2.89,20.4,HIGH,LOW,과열,1,1.45,1,0.2118,1,-0.07,0,2,3.51,🟡 흐림,위험자산 10~20% 축소,1.71,1.17,0.62,0,2,1,2,0,0,0,1,1,0
2022-05-13,0.32,5.957820738137087,4.62,28.8700008392334,122.08999633789062,30.700000762939453,-1.8299999237060547,3.03,20.4,HIGH,LOW,과열,1,1.45,1,0.5613,1,-0.07,0,2,2.92,🟢 맑음,기본 비중 유지,1.71,0.58,0.62,0,2,1,1,0,0,0,1,1,0
2022-05-16,0.3,5.957820738137087,4.62,27.469999313354492,117.52999877929688,29.510000228881836,-2.0400009155273438,3.04,22.5,HIGH,NEUTRAL,둔화_주의,2,1.45,1,0.5613,1,-0.07,0,2,3.49,🟡 흐림,위험자산 10~20% 축소,2.29,0.58,0.62,0,2,2,1,0,0,0,1,1,0
2022-05-17,0.27,5.957820738137087,4.62,26.100000381469727,117.68000030517578,28.3700008392334,-2.270000457763672,3.08,22.5,HIGH,NEUTRAL,둔화_주의,2,1.45,1,0.5613,1,-0.07,0,2,3.49,🟡 흐림,위험자산 10~20% 축소,2.29,0.58,0.62,0,2,2,1,0,0,0,1,1,0
2022-05-18,0.21,5.957820738137087,4.62,30.959999084472656,123.45999908447266,32.79999923706055,-1.8400001525878906,3.05,22.5,HIGH,NEUTRAL,둔화_주의,2,1.45,1,0.5613,1,-0.07,0,2,4.08,🟡 흐림,위험자산 10~20% 축소,2.29,1.17,0.62,0,2,2,2,0,0,0,1,1,0
2022-05-19,0.21,5.957820738137087,4.62,29.350000381469727,122.66000366210938,30.790000915527344,-1.4400005340576172,2.97,22.5,HIGH,NEUTRAL,둔화_주의,2,1.45,1,0.5613,1,-0.07,0,2,3.49,🟡 흐림,위험자산 10~20% 축소,2.29,0.58,0.62,0,2,2,1,0,0,0,1,1,0
2022-05-20,0.18,5.957820738137087,4.62,29.43000030517578,122.31999969482422,31.139999389648438,-1.7099990844726562,2.88,22.5,HIGH,NEUTRAL,둔화_주의,2,1.45,1,0.3062,1,-0.07,0,2,3.49,🟡 흐림,위험자산 10~20% 축소,2.29,0.58,0.62,0,2,2,1,0,0,0,1,1,0
2022-05-23,0.21,5.957820738137087,4.62,28.479999542236328,120.55000305175781,30.290000915527344,-1.8100013732910156,2.92,21.1,HIGH,LOW,과열,1,1.45,1,0.3062,1,-0.07,0,2,2.92,🟢 맑음,기본 비중 유지,1.71,0.58,0.62,0,2,1,1,0,0,0,1,1,0
2022-05-24,0.26,5.957820738137087,4.62,29.450000762939453,122.95999908447266,30.739999771118164,-1.289999008178711,2.87,21.1,HIGH,LOW,과열,1,1.45,1,0.3062,1,-0.07,0,2,2.92,🟢 맑음,기본 비중 유지,1.71,0.58,0.62,0,2,1,1,0,0,0,1,1,0
2022-05-25,0.27,5.957820738137087,4.62,28.3700008392334,118.8499984741211,29.729999542236328,-1.3599987030029297,2.88,21.1,HIGH,LOW,과열,1,1.45,1,0.3062,1,-0.07,0,2,2.92,🟢 맑음,기본 비중 유지,1.71,0.58,0.62,0,2,1,1,0,0,0,1,1,0
2022-05-26,0.29,5.957820738137087,4.62,27.5,122.27999877929688,29.280000686645508,-1.7800006866455078,2.96,21.1,HIGH,LOW,과열,1,1.45,1,0.3062,1,-0.07,0,2,2.92,🟢 맑음,기본 비중 유지,1.71,0.58,0.62,0,2,1,1,0,0,0,1,1,0
2022-05-27,0.27,5.957820738137087,4.62,25.719999313354492,121.25,28.020000457763672,-2.3000011444091797,2.95,21.1,HIGH,LOW,과열,1,1.45,1,0.2803,1,-0.07,0,2,2.92,🟢 맑음,기본 비중 유지,1.71,0.58,0.62,0,2,1,1,0,0,0,1,1,0
2022-05-30,0.27,5.957820738137087,4.62,25.719999313354492,121.25,28.020000457763672,-2.3000011444091797,2.95,19.9,HIGH,LOW,과열,1,1.45,1,0.2803,1,-0.07,0,2,2.92,🟢 맑음,기본 비중 유지,1.71,0.58,0.62,0,2,1,1,0,0,0,1,1,0
2022-05-31,0.32,5.957820738137087,4.62,26.190000534057617,119.0999984741211,27.989999771118164,-1.7999992370605469,2.96,19.9,HIGH,LOW,과열,1,1.45,1,0.2803,1,-0.07,0,2,2.92,🟢 맑음,기본 비중 유지,1.71,0.58,0.62,0,2,1,1,0,0,0,1,1,0
2022-06-01,0.28,5.957820738137087,4.62,25.690000534057617,119.30000305175781,27.719999313354492,-2.029998779296875,2.96,19.9,HIGH,LOW,과열,1,1.45,1,0.2803,1,0.0,0,2,2.92,🟢 맑음,기본 비중 유지,1.71,0.58,0.62,0,2,1,1,0,0,0,1,1,0
2022-06-02,0.27,5.957820738137087,4.62,24.719999313354492,121.4000015258789,27.059999465942383,-2.3400001525878906,2.97,19.9,HIGH,LOW,과열,1,1.45,1,0.2803,1,0.0,0,2,2.92,🟢 맑음,기본 비중 유지,1.71,0.58,0.62,0,2,1,1,0,0,0,1,1,0
2022-06-03,0.3,5.957820738137087,4.62,24.790000915527344,122.25,27.329999923706055,-2.539999008178711,3.04,19.9,HIGH,LOW,과열,1,1.45,1,-0.1614,0,0.0,0,1,2.61,🟢 맑음,기본 비중 유지,1.71,0.58,0.31,0,2,1,1,0,0,0,1,0,0
2022-06-06,0.31,5.957820738137087,4.62,25.06999969482422,122.36000061035156,27.219999313354492,-2.1499996185302734,3.05,21.3,HIGH,LOW,과열,1,1.45,1,-0.1614,0,0.0,0,1,2.61,🟢 맑음,기본 비중 유지,1.71,0.58,0.31,0,2,1,1,0,0,0,1,0,0
2022-06-07,0.23,5.957820738137087,4.62,24.020000457763672,120.66000366210938,26.520000457763672,-2.5,3.03,21.3,HIGH,LOW,과열,1,1.45,1,-0.1614,0,0.0,0,1,2.61,🟢 맑음,기본 비중 유지,1.71,0.58,0.31,0,2,1,1,0,0,0,1,0,0
2022-06-08,0.25,5.957820738137087,4.62,23.959999084472656,119.12999725341797,26.540000915527344,-2.5800018310546875,3.06,21.3,HIGH,LOW,과열,1,1.45,1,-0.1614,0,0.0,0,1,2.61,🟢 맑음,기본 비중 유지,1.71,0.58,0.31,0,2,1,1,0,0,0,1,0,0
2022-06-09,0.21,5.957820738137087,4.62,26.09000015258789,120.66000366210938,28.010000228881836,-1.9200000762939453,3.08,21.3,HIGH,LOW,과열,1,1.45,1,-0.1614,0,0.0,0,1,2.61,🟢 맑음,기본 비중 유지,1.71,0.58,0.31,0,2,1,1,0,0,0,1,0,0
2022-06-10,0.09,5.957820738137087,4.62,27.75,121.63999938964844,29.719999313354492,-1.9699993133544922,3.13,21.3,HIGH,LOW,과열,1,1.45,1,-0.0468,0,0.0,0,1,2.61,🟢 맑음,기본 비중 유지,1.71,0.58,0.31,0,2,1,1,0,0,0,1,0,0
2022-06-13,0.03,5.957820738137087,4.62,34.02000045776367,124.13999938964844,34.2400016784668,-0.220001220703125,3.11,21.1,HIGH,LOW,과열,1,1.45,1,-0.0468,0,0.0,0,1,3.19,🟡 흐림,위험자산 10~20% 축소,1.71,1.17,0.31,0,2,1,2,0,0,0,1,0,0
2022-06-14,0.04,5.957820738137087,4.62,32.689998626708984,125.16000366210938,33.279998779296875,-0.5900001525878906,2.88,21.1,HIGH,LOW,과열,1,1.45,1,-0.0468,0,0.0,0,1,3.19,🟡 흐림,위험자산 10~20% 축소,1.71,1.17,0.31,0,2,1,2,0,0,0,1,0,0
2022-06-15,0.13,5.957820738137087,4.62,29.6200008392334,118.36000061035156,30.780000686645508,-1.1599998474121094,3.0,21.1,HIGH,LOW,과열,1,1.45,1,-0.0468,0,0.0,0,1,2.61,🟢 맑음,기본 비중 유지,1.71,0.58,0.31,0,2,1,1,0,0,0,1,0,0
2022-06-16,0.14,5.957820738137087,4.62,32.95000076293945,122.4800033569336,33.4900016784668,-0.5400009155273438,2.87,21.1,HIGH,LOW,과열,1,1.45,1,-0.0468,0,0.0,0,1,3.19,🟡 흐림,위험자산 10~20% 축소,1.71,1.17,0.31,0,2,1,2,0,0,0,1,0,0
2022-06-17,0.08,5.957820738137087,4.62,31.1299991607666,121.1500015258789,32.36000061035156,-1.230001449584961,2.8,21.1,HIGH,LOW,과열,1,1.45,1,0.0348,1,0.0,0,2,3.51,🟡 흐림,위험자산 10~20% 축소,1.71,1.17,0.62,0,2,1,2,0,0,0,1,1,0
2022-06-20,0.08,5.957820738137087,4.62,31.1299991607666,121.1500015258789,32.36000061035156,-1.230001449584961,2.8,21.4,HIGH,LOW,과열,1,1.45,1,0.0348,1,0.0,0,2,3.51,🟡 흐림,위험자산 10~20% 축소,1.71,1.17,0.62,0,2,1,2,0,0,0,1,1,0
2022-06-21,0.1,5.957820738137087,4.62,30.190000534057617,121.37999725341797,31.25,-1.0599994659423828,2.84,21.4,HIGH,LOW,과열,1,1.45,1,0.0348,1,0.0,0,2,3.51,🟡 흐림,위험자산 10~20% 축소,1.71,1.17,0.62,0,2,1,2,0,0,0,1,1,0
2022-06-22,0.1,5.957820738137087,4.62,28.950000762939453,119.22000122070312,30.239999771118164,-1.289999008178711,2.74,21.4,HIGH,LOW,과열,1,1.45,1,0.0348,1,0.0,0,2,2.92,🟢 맑음,기본 비중 유지,1.71,0.58,0.62,0,2,1,1,0,0,0,1,1,0
2022-06-23,0.08,5.957820738137087,4.62,29.049999237060547,121.11000061035156,30.190000534057617,-1.1400012969970703,2.69,21.4,HIGH,LOW,과열,1,1.45,1,0.0348,1,0.0,0,2,2.92,🟢 맑음,기본 비중 유지,1.71,0.58,0.62,0,2,1,1,0,0,0,1,1,0
2022-06-24,0.09,5.957820738137087,4.62,27.229999542236328,120.43000030517578,28.950000762939453,-1.720001220703125,2.82,21.4,HIGH,LOW,과열,1,1.45,1,0.377,1,0.0,0,2,2.92,🟢 맑음,기본 비중 유지,1.71,0.58,0.62,0,2,1,1,0,0,0,1,1,0
2022-06-27,0.12,5.957820738137087,4.62,26.950000762939453,119.9800033569336,28.18000030517578,-1.2299995422363281,2.79,21.2,HIGH,LOW,과열,1,1.45,1,0.377,1,0.0,0,2,2.92,🟢 맑음,기본 비중 유지,1.71,0.58,0.62,0,2,1,1,0,0,0,1,1,0
2022-06-28,0.1,5.957820738137087,4.62,28.360000610351562,120.45999908447266,29.149999618530273,-0.7899990081787109,2.73,21.2,HIGH,LOW,과열,1,1.45,1,0.377,1,0.0,0,2,2.92,🟢 맑음,기본 비중 유지,1.71,0.58,0.62,0,2,1,1,0,0,0,1,1,0
2022-06-29,0.04,5.957820738137087,4.62,28.15999984741211,119.26000213623047,29.0,-0.8400001525878906,2.59,21.2,HIGH,LOW,과열,1,1.45,1,0.377,1,0.0,0,2,2.92,🟢 맑음,기본 비중 유지,1.71,0.58,0.62,0,2,1,1,0,0,0,1,1,0
2022-06-30,0.06,5.957820738137087,4.62,28.709999084472656,119.94000244140625,29.709999084472656,-1.0,2.58,21.2,HIGH,LOW,과열,1,1.45,1,0.377,1,0.0,0,2,2.92,🟢 맑음,기본 비중 유지,1.71,0.58,0.62,0,2,1,1,0,0,0,1,1,0
2022-07-01,0.04,5.957820738137087,4.62,26.700000762939453,118.58999633789062,28.520000457763672,-1.8199996948242188,2.6,21.2,HIGH,LOW,과열,1,1.45,1,0.6124,1,-0.03,0,2,2.92,🟢 맑음,기본 비중 유지,1.71,0.58,0.62,0,2,1,1,0,0,0,1,1,0
2022-07-04,0.04,5.957820738137087,4.62,26.700000762939453,118.58999633789062,28.520000457763672,-1.8199996948242188,2.6,21.4,HIGH,LOW,과열,1,1.45,1,0.6124,1,-0.03,0,2,2.92,🟢 맑음,기본 비중 유지,1.71,0.58,0.62,0,2,1,1,0,0,0,1,1,0
2022-07-05,0.0,5.957820738137087,4.62,27.540000915527344,118.19000244140625,28.899999618530273,-1.3599987030029297,2.51,21.4,HIGH,LOW,과열,1,1.45,1,0.6124,1,-0.03,0,2,3.49,🟡 흐림,위험자산 10~20% 축소,2.29,0.58,0.62,1,2,1,1,0,0,0,1,1,0
2022-07-06,-0.04,5.957820738137087,4.62,26.729999542236328,117.44999694824219,28.389999389648438,-1.6599998474121094,2.48,21.4,HIGH,LOW,과열,1,1.45,1,0.6124,1,-0.03,0,2,3.49,🟡 흐림,위험자산 10~20% 축소,2.29,0.58,0.62,1,2,1,1,0,0,0,1,1,0
2022-07-07,-0.02,5.957820738137087,4.62,26.079999923706055,118.76000213623047,28.030000686645508,-1.9500007629394531,2.53,21.4,HIGH,LOW,과열,1,1.45,1,0.6124,1,-0.03,0,2,3.49,🟡 흐림,위험자산 10~20% 축소,2.29,0.58,0.62,1,2,1,1,0,0,0,1,1,0
2022-07-08,-0.03,5.957820738137087,4.62,24.639999389648438,118.12999725341797,27.299999237060547,-2.6599998474121094,2.62,21.4,HIGH,LOW,과열,1,1.45,1,0.4266,1,-0.03,0,2,3.49,🟡 흐림,위험자산 10~20% 축소,2.29,0.58,0.62,1,2,1,1,0,0,0,1,1,0
2022-07-11,-0.08,5.957820738137087,4.62,26.170000076293945,119.80000305175781,28.25,-2.0799999237060547,2.56,21.2,HIGH,LOW,과열,1,1.45,1,0.4266,1,-0.03,0,2,3.49,🟡 흐림,위험자산 10~20% 축소,2.29,0.58,0.62,1,2,1,1,0,0,0,1,1,0
2022-07-12,-0.07,5.957820738137087,4.62,27.290000915527344,121.33000183105469,28.81999969482422,-1.529998779296875,2.5,21.2,HIGH,LOW,과열,1,1.45,1,0.4266,1,-0.03,0,2,3.49,🟡 흐림,위험자산 10~20% 축소,2.29,0.58,0.62,1,2,1,1,0,0,0,1,1,0
2022-07-13,-0.22,5.957820738137087,4.62,26.81999969482422,120.41000366210938,28.559999465942383,-1.739999771118164,2.51,21.2,HIGH,LOW,과열,1,1.45,1,0.4266,1,-0.03,0,2,3.49,🟡 흐림,위험자산 10~20% 축소,2.29,0.58,0.62,1,2,1,1,0,0,0,1,1,0
2022-07-14,-0.19,5.957820738137087,4.62,26.399999618530273,121.91999816894531,28.610000610351562,-2.210000991821289,2.54,21.2,HIGH,LOW,과열,1,1.45,1,0.4266,1,-0.03,0,2,3.49,🟡 흐림,위험자산 10~20% 축소,2.29,0.58,0.62,1,2,1,1,0,0,0,1,1,0
2022-07-15,-0.2,5.957820738137087,4.62,24.229999542236328,122.4800033569336,27.079999923706055,-2.8500003814697266,2.59,21.2,HIGH,LOW,과열,1,1.45,1,0.0665,1,-0.03,0,2,3.49,🟡 흐림,위험자산 10~20% 축소,2.29,0.58,0.62,1,2,1,1,0,0,0,1,1,0
2022-07-18,-0.19,5.957820738137087,4.62,25.299999237060547,120.55000305175781,27.81999969482422,-2.520000457763672,2.63,21.6,HIGH,LOW,과열,1,1.45,1,0.0665,1,-0.03,0,2,3.49,🟡 흐림,위험자산 10~20% 축소,2.29,0.58,0.62,1,2,1,1,0,0,0,1,1,0
2022-07-19,-0.22,5.957820738137087,4.62,24.5,120.04000091552734,27.309999465942383,-2.809999465942383,2.67,21.6,HIGH,LOW,과열,1,1.45,1,0.0665,1,-0.03,0,2,3.49,🟡 흐림,위험자산 10~20% 축소,2.29,0.58,0.62,1,2,1,1,0,0,0,1,1,0
2022-07-20,-0.21,5.957820738137087,4.62,23.8799991607666,117.23999786376953,26.700000762939453,-2.8200016021728516,2.67,21.6,HIGH,LOW,과열,1,1.45,1,0.0665,1,-0.03,0,2,3.49,🟡 흐림,위험자산 10~20% 축소,2.29,0.58,0.62,1,2,1,1,0,0,0,1,1,0
2022-07-21,-0.19,5.957820738137087,4.62,23.110000610351562,118.70999908447266,26.219999313354492,-3.1099987030029297,2.55,21.6,HIGH,LOW,과열,1,1.45,1,0.0665,1,-0.03,0,2,3.49,🟡 흐림,위험자산 10~20% 축소,2.29,0.58,0.62,1,2,1,1,0,0,0,1,1,0
2022-07-22,-0.21,5.957820738137087,4.62,23.030000686645508,119.1500015258789,25.969999313354492,-2.9399986267089844,2.56,21.6,HIGH,LOW,과열,1,1.45,1,-0.2732,0,-0.03,0,1,3.18,🟡 흐림,위험자산 10~20% 축소,2.29,0.58,0.31,1,2,1,1,0,0,0,1,0,0
2022-07-25,-0.19,5.957820738137087,4.62,23.360000610351562,119.45999908447266,25.799999237060547,-2.4399986267089844,2.58,22.1,HIGH,NEUTRAL,둔화_주의,2,1.45,1,-0.2732,0,-0.03,0,1,3.75,🟡 흐림,위험자산 10~20% 축소,2.86,0.58,0.31,1,2,2,1,0,0,0,1,0,0
2022-07-26,-0.21,5.957820738137087,4.62,24.690000534057617,121.29000091552734,26.420000076293945,-1.7299995422363281,2.56,22.1,HIGH,NEUTRAL,둔화_주의,2,1.45,1,-0.2732,0,-0.03,0,1,3.75,🟡 흐림,위험자산 10~20% 축소,2.86,0.58,0.31,1,2,2,1,0,0,0,1,0,0
2022-07-27,-0.18,5.957820738137087,4.62,23.239999771118164,121.91999816894531,25.309999465942383,-2.0699996948242188,2.61,22.1,HIGH,NEUTRAL,둔화_주의,2,1.45,1,-0.2732,0,-0.03,0,1,3.75,🟡 흐림,위험자산 10~20% 축소,2.86,0.58,0.31,1,2,2,1,0,0,0,1,0,0
2022-07-28,-0.17,5.957820738137087,4.62,22.329999923706055,122.66999816894531,24.329999923706055,-2.0,2.67,22.1,HIGH,NEUTRAL,둔화_주의,2,1.45,1,-0.2732,0,-0.03,0,1,3.75,🟡 흐림,위험자산 10~20% 축소,2.86,0.58,0.31,1,2,2,1,0,0,0,1,0,0
2022-07-29,-0.22,5.957820738137087,4.62,21.329999923706055,122.29000091552734,23.790000915527344,-2.460000991821289,2.73,22.1,HIGH,NEUTRAL,둔화_주의,2,1.45,1,-0.1936,0,-0.03,0,1,3.75,🟡 흐림,위험자산 10~20% 축소,2.86,0.58,0.31,1,2,2,1,0,0,0,1,0,0
2022-08-01,-0.3,5.957820738137087,4.62,22.84000015258789,122.94000244140625,24.860000610351562,-2.020000457763672,2.72,22.8,HIGH,NEUTRAL,둔화_주의,2,1.45,1,-0.1936,0,0.03,0,1,3.75,🟡 흐림,위험자산 10~20% 축소,2.86,0.58,0.31,1,2,2,1,0,0,0,1,0,0
2022-08-02,-0.31,5.957820738137087,4.62,23.93000030517578,121.77999877929688,25.65999984741211,-1.7299995422363281,2.69,22.8,HIGH,NEUTRAL,둔화_주의,2,1.45,1,-0.1936,0,0.03,0,1,3.75,🟡 흐림,위험자산 10~20% 축소,2.86,0.58,0.31,1,2,2,1,0,0,0,1,0,0
2022-08-03,-0.37,5.957820738137087,4.62,21.950000762939453,121.16000366210938,24.3700008392334,-2.4200000762939453,2.72,22.8,HIGH,NEUTRAL,둔화_주의,2,1.45,1,-0.1936,0,0.03,0,1,3.75,🟡 흐림,위험자산 10~20% 축소,2.86,0.58,0.31,1,2,2,1,0,0,0,1,0,0
2022-08-04,-0.35,5.957820738137087,4.62,21.440000534057617,122.80999755859375,24.31999969482422,-2.8799991607666016,2.64,22.8,HIGH,NEUTRAL,둔화_주의,2,1.45,1,-0.1936,0,0.03,0,1,3.75,🟡 흐림,위험자산 10~20% 축소,2.86,0.58,0.31,1,2,2,1,0,0,0,1,0,0
2022-08-05,-0.41,5.957820738137087,4.62,21.149999618530273,122.80999755859375,24.18000030517578,-3.030000686645508,2.64,22.8,HIGH,NEUTRAL,둔화_주의,2,1.45,1,-0.4828,0,0.03,0,1,3.75,🟡 흐림,위험자산 10~20% 축소,2.86,0.58,0.31,1,2,2,1,0,0,0,1,0,0
2022-08-08,-0.44,5.957820738137087,4.62,21.290000915527344,123.69000244140625,24.479999542236328,-3.1899986267089844,2.65,22.1,HIGH,NEUTRAL,둔화_주의,2,1.45,1,-0.4828,0,0.03,0,1,3.75,🟡 흐림,위험자산 10~20% 축소,2.86,0.58,0.31,1,2,2,1,0,0,0,1,0,0
2022-08-09,-0.48,5.957820738137087,4.62,21.770000457763672,123.91000366210938,24.690000534057617,-2.9200000762939453,2.66,22.1,HIGH,NEUTRAL,둔화_주의,2,1.45,1,-0.4828,0,0.03,0,1,3.75,🟡 흐림,위험자산 10~20% 축소,2.86,0.58,0.31,1,2,2,1,0,0,0,1,0,0
2022-08-10,-0.45,5.957820738137087,4.62,19.739999771118164,125.04000091552734,23.459999084472656,-3.719999313354492,2.61,22.1,HIGH,NEUTRAL,둔화_주의,2,1.45,1,-0.4828,0,0.03,0,1,3.17,🟡 흐림,위험자산 10~20% 축소,2.86,0.0,0.31,1,2,2,0,0,0,0,1,0,0
2022-08-11,-0.36,5.957820738137087,4.62,20.200000762939453,126.83999633789062,23.709999084472656,-3.509998321533203,2.67,22.1,HIGH,NEUTRAL,둔화_주의,2,1.45,1,-0.4828,0,0.03,0,1,3.75,🟡 흐림,위험자산 10~20% 축소,2.86,0.58,0.31,1,2,2,1,0,0,0,1,0,0
2022-08-12,-0.41,5.957820738137087,4.62,19.530000686645508,129.33999633789062,23.309999465942383,-3.779998779296875,2.67,22.1,HIGH,NEUTRAL,둔화_주의,2,1.45,1,-0.4033,0,0.03,0,1,3.17,🟡 흐림,위험자산 10~20% 축소,2.86,0.0,0.31,1,2,2,0,0,0,0,1,0,0
2022-08-15,-0.41,5.957820738137087,4.62,19.950000762939453,127.62000274658203,23.31999969482422,-3.3699989318847656,2.62,22.0,HIGH,NEUTRAL,둔화_주의,2,1.45,1,-0.4033,0,0.03,0,1,3.17,🟡 흐림,위험자산 10~20% 축소,2.86,0.0,0.31,1,2,2,0,0,0,0,1,0,0
2022-08-16,-0.43,5.957820738137087,4.62,19.690000534057617,126.08999633789062,23.31999969482422,-3.6299991607666016,2.61,22.0,HIGH,NEUTRAL,둔화_주의,2,1.45,1,-0.4033,0,0.03,0,1,3.17,🟡 흐림,위험자산 10~20% 축소,2.86,0.0,0.31,1,2,2,0,0,0,0,1,0,0
2022-08-17,-0.39,5.957820738137087,4.62,19.899999618530273,122.05999755859375,23.600000381469727,-3.700000762939453,2.65,22.0,HIGH,NEUTRAL,둔화_주의,2,1.45,1,-0.4033,0,0.03,0,1,3.17,🟡 흐림,위험자산 10~20% 축소,2.86,0.0,0.31,1,2,2,0,0,0,0,1,0,0
2022-08-18,-0.34,5.957820738137087,4.62,19.559999465942383,124.22000122070312,23.389999389648438,-3.8299999237060547,2.7,22.0,HIGH,NEUTRAL,둔화_주의,2,1.45,1,-0.4033,0,0.03,0,1,3.17,🟡 흐림,위험자산 10~20% 축소,2.86,0.0,0.31,1,2,2,0,0,0,0,1,0,0
2022-08-19,-0.27,5.957820738137087,4.62,20.600000381469727,123.68000030517578,24.31999969482422,-3.719999313354492,2.72,22.0,HIGH,NEUTRAL,둔화_주의,2,1.45,1,-0.3679,0,0.03,0,1,3.75,🟡 흐림,위험자산 10~20% 축소,2.86,0.58,0.31,1,2,2,1,0,0,0,1,0,0
2022-08-22,-0.29,5.957820738137087,4.62,23.799999237060547,123.93000030517578,26.0,-2.200000762939453,2.74,21.5,HIGH,LOW,과열,1,1.45,1,-0.3679,0,0.03,0,1,3.18,🟡 흐림,위험자산 10~20% 축소,2.29,0.58,0.31,1,2,1,1,0,0,0,1,0,0
2022-08-23,-0.24,5.957820738137087,4.62,24.110000610351562,123.83000183105469,25.920000076293945,-1.8099994659423828,2.77,21.5,HIGH,LOW,과열,1,1.45,1,-0.3679,0,0.03,0,1,3.18,🟡 흐림,위험자산 10~20% 축소,2.29,0.58,0.31,1,2,1,1,0,0,0,1,0,0
2022-08-24,-0.25,5.957820738137087,4.62,22.81999969482422,122.77999877929688,24.889999389648438,-2.0699996948242188,2.79,21.5,HIGH,LOW,과열,1,1.45,1,-0.3679,0,0.03,0,1,3.18,🟡 흐림,위험자산 10~20% 축소,2.29,0.58,0.31,1,2,1,1,0,0,0,1,0,0
2022-08-25,-0.32,5.957820738137087,4.62,21.780000686645508,123.0999984741211,24.1299991607666,-2.3499984741210938,2.77,21.5,HIGH,LOW,과열,1,1.45,1,-0.3679,0,0.03,0,1,3.18,🟡 흐림,위험자산 10~20% 축소,2.29,0.58,0.31,1,2,1,1,0,0,0,1,0,0
2022-08-26,-0.33,5.957820738137087,4.62,25.559999465942383,124.56999969482422,26.559999465942383,-1.0,2.73,21.5,HIGH,LOW,과열,1,1.45,1,-0.2039,0,0.03,0,1,3.18,🟡 흐림,위험자산 10~20% 축소,2.29,0.58,0.31,1,2,1,1,0,0,0,1,0,0
2022-08-29,-0.3,5.957820738137087,4.62,26.209999084472656,121.97000122070312,26.81999969482422,-0.6100006103515625,2.71,21.0,HIGH,LOW,과열,1,1.45,1,-0.2039,0,0.03,0,1,3.18,🟡 흐림,위험자산 10~20% 축소,2.29,0.58,0.31,1,2,1,1,0,0,0,1,0,0
2022-08-30,-0.35,5.957820738137087,4.62,26.209999084472656,121.01000213623047,26.90999984741211,-0.7000007629394531,2.67,21.0,HIGH,LOW,과열,1,1.45,1,-0.2039,0,0.03,0,1,3.18,🟡 흐림,위험자산 10~20% 축소,2.29,0.58,0.31,1,2,1,1,0,0,0,1,0,0
2022-08-31,-0.3,5.957820738137087,4.62,25.8700008392334,119.70999908447266,26.649999618530273,-0.779998779296875,2.58,21.0,HIGH,LOW,과열,1,1.45,1,-0.2039,0,0.03,0,1,3.18,🟡 흐림,위험자산 10~20% 축소,2.29,0.58,0.31,1,2,1,1,0,0,0,1,0,0
2022-09-01,-0.25,5.957820738137087,4.62,25.559999465942383,120.73999786376953,26.43000030517578,-0.8700008392333984,2.52,21.0,HIGH,LOW,과열,1,1.45,1,-0.2039,0,0.0,0,1,3.18,🟡 흐림,위험자산 10~20% 축소,2.29,0.58,0.31,1,2,1,1,0,0,0,1,0,0
2022-09-02,-0.2,5.957820738137087,4.62,25.469999313354492,119.80999755859375,26.479999542236328,-1.010000228881836,2.55,21.0,HIGH,LOW,과열,1,1.45,1,-0.1353,0,0.0,0,1,3.18,🟡 흐림,위험자산 10~20% 축소,2.29,0.58,0.31,1,2,1,1,0,0,0,1,0,0
2022-09-05,-0.2,5.957820738137087,4.62,25.469999313354492,119.80999755859375,26.479999542236328,-1.010000228881836,2.55,20.3,HIGH,LOW,과열,1,1.45,1,-0.1353,0,0.0,0,1,3.18,🟡 흐림,위험자산 10~20% 축소,2.29,0.58,0.31,1,2,1,1,0,0,0,1,0,0
2022-09-06,-0.17,5.957820738137087,4.62,26.90999984741211,119.83999633789062,27.59000015258789,-0.6800003051757812,2.56,20.3,HIGH,LOW,과열,1,1.45,1,-0.1353,0,0.0,0,1,3.18,🟡 흐림,위험자산 10~20% 축소,2.29,0.58,0.31,1,2,1,1,0,0,0,1,0,0
2022-09-07,-0.18,5.957820738137087,4.62,24.639999389648438,119.05000305175781,26.100000381469727,-1.460000991821289,2.51,20.3,HIGH,LOW,과열,1,1.45,1,-0.1353,0,0.0,0,1,3.18,🟡 흐림,위험자산 10~20% 축소,2.29,0.58,0.31,1,2,1,1,0,0,0,1,0,0
2022-09-08,-0.19,5.957820738137087,4.62,23.610000610351562,119.08000183105469,25.520000457763672,-1.9099998474121094,2.46,20.3,HIGH,LOW,과열,1,1.45,1,-0.1353,0,0.0,0,1,3.18,🟡 흐림,위험자산 10~20% 축소,2.29,0.58,0.31,1,2,1,1,0,0,0,1,0,0
2022-09-09,-0.23,5.957820738137087,4.62,22.790000915527344,119.66000366210938,25.139999389648438,-2.3499984741210938,2.51,20.3,HIGH,LOW,과열,1,1.45,1,-0.3095,0,0.0,0,1,3.18,🟡 흐림,위험자산 10~20% 축소,2.29,0.58,0.31,1,2,1,1,0,0,0,1,0,0
2022-09-12,-0.21,5.957820738137087,4.62,23.8700008392334,121.05999755859375,25.3700008392334,-1.5,2.52,19.5,HIGH,LOW,과열,1,1.45,1,-0.3095,0,0.0,0,1,3.18,🟡 흐림,위험자산 10~20% 축소,2.29,0.58,0.31,1,2,1,1,0,0,0,1,0,0
2022-09-13,-0.33,5.957820738137087,4.62,27.270000457763672,125.45999908447266,27.950000762939453,-0.6800003051757812,2.56,19.5,HIGH,LOW,과열,1,1.45,1,-0.3095,0,0.0,0,1,3.18,🟡 흐림,위험자산 10~20% 축소,2.29,0.58,0.31,1,2,1,1,0,0,0,1,0,0
2022-09-14,-0.37,5.957820738137087,4.62,26.15999984741211,120.19000244140625,27.459999084472656,-1.2999992370605469,2.62,19.5,HIGH,LOW,과열,1,1.45,1,-0.3095,0,0.0,0,1,3.18,🟡 흐림,위험자산 10~20% 축소,2.29,0.58,0.31,1,2,1,1,0,0,0,1,0,0
2022-09-15,-0.42,5.957820738137087,4.62,26.270000457763672,119.97000122070312,27.600000381469727,-1.3299999237060547,2.57,19.5,HIGH,LOW,과열,1,1.45,1,-0.3095,0,0.0,0,1,3.18,🟡 흐림,위험자산 10~20% 축소,2.29,0.58,0.31,1,2,1,1,0,0,0,1,0,0
2022-09-16,-0.4,5.957820738137087,4.62,26.299999237060547,117.70999908447266,27.6299991607666,-1.3299999237060547,2.49,19.5,HIGH,LOW,과열,1,1.45,1,-0.437,0,0.0,0,1,3.18,🟡 흐림,위험자산 10~20% 축소,2.29,0.58,0.31,1,2,1,1,0,0,0,1,0,0
2022-09-19,-0.46,5.957820738137087,4.62,25.760000228881836,116.26000213623047,27.010000228881836,-1.25,2.44,20.2,HIGH,LOW,과열,1,1.45,1,-0.437,0,0.0,0,1,3.18,🟡 흐림,위험자산 10~20% 축소,2.29,0.58,0.31,1,2,1,1,0,0,0,1,0,0
2022-09-20,-0.39,5.957820738137087,4.62,27.15999984741211,116.69000244140625,27.8799991607666,-0.7199993133544922,2.48,20.2,HIGH,LOW,과열,1,1.45,1,-0.437,0,0.0,0,1,3.18,🟡 흐림,위험자산 10~20% 축소,2.29,0.58,0.31,1,2,1,1,0,0,0,1,0,0
2022-09-21,-0.51,5.957820738137087,4.62,27.989999771118164,116.20999908447266,28.760000228881836,-0.7700004577636719,2.47,20.2,HIGH,LOW,과열,1,1.45,1,-0.437,0,0.0,0,1,3.75,🟡 흐림,위험자산 10~20% 축소,2.86,0.58,0.31,2,2,1,1,0,0,0,1,0,0
2022-09-22,-0.41,5.957820738137087,4.62,27.350000381469727,115.86000061035156,28.219999313354492,-0.8699989318847656,2.45,20.2,HIGH,LOW,과열,1,1.45,1,-0.437,0,0.0,0,1,3.18,🟡 흐림,위험자산 10~20% 축소,2.29,0.58,0.31,1,2,1,1,0,0,0,1,0,0
2022-09-23,-0.51,5.957820738137087,4.62,29.920000076293945,118.98999786376953,30.31999969482422,-0.39999961853027344,2.38,20.2,HIGH,LOW,과열,1,1.45,1,0.1338,1,0.0,0,2,4.07,🟡 흐림,위험자산 10~20% 축소,2.86,0.58,0.62,2,2,1,1,0,0,0,1,1,0
2022-09-26,-0.39,5.957820738137087,4.62,32.2599983215332,120.01000213623047,31.770000457763672,0.48999786376953125,2.33,19.0,HIGH,LOW,과열,1,1.45,1,0.1338,1,0.0,0,2,4.66,🟡 흐림,위험자산 10~20% 축소,2.29,1.75,0.62,1,2,1,2,0,1,0,1,1,0
2022-09-27,-0.33,5.957820738137087,4.62,32.599998474121094,120.38999938964844,32.119998931884766,0.4799995422363281,2.35,19.0,HIGH,LOW,과열,1,1.45,1,0.1338,1,0.0,0,2,4.66,🟡 흐림,위험자산 10~20% 축소,2.29,1.75,0.62,1,2,1,2,0,1,0,1,1,0
2022-09-28,-0.35,5.957820738137087,4.62,30.18000030517578,120.37999725341797,30.579999923706055,-0.39999961853027344,2.37,19.0,HIGH,LOW,과열,1,1.45,1,0.1338,1,0.0,0,2,4.08,🟡 흐림,위험자산 10~20% 축소,2.29,1.17,0.62,1,2,1,2,0,0,0,1,1,0
2022-09-29,-0.4,5.957820738137087,4.62,31.84000015258789,121.54000091552734,31.739999771118164,0.10000038146972656,2.18,19.0,NEUTRAL,LOW,골디락스,-1,1.45,1,0.1338,1,0.0,0,2,3.59,🟡 흐림,위험자산 10~20% 축소,1.71,1.75,0.62,1,2,0,2,0,1,0,1,1,0
2022-09-30,-0.39,5.957820738137087,4.62,31.6200008392334,121.54000091552734,31.860000610351562,-0.23999977111816406,2.14,19.0,NEUTRAL,LOW,골디락스,-1,1.45,1,0.5225,1,0.0,0,2,3.01,🟡 흐림,위험자산 10~20% 축소,1.71,1.17,0.62,1,2,0,2,0,0,0,1,1,0
2022-10-03,-0.45,5.957820738137087,4.62,30.100000381469727,121.37999725341797,30.690000534057617,-0.5900001525878906,2.26,20.3,NEUTRAL,LOW,골디락스,-1,1.45,1,0.5225,1,0.07,0,2,3.01,🟡 흐림,위험자산 10~20% 축소,1.71,1.17,0.62,1,2,0,2,0,0,0,1,1,0
2022-10-04,-0.48,5.957820738137087,4.62,29.06999969482422,122.45999908447266,29.670000076293945,-0.6000003814697266,2.28,20.3,NEUTRAL,LOW,골디락스,-1,1.45,1,0.5225,1,0.07,0,2,2.42,🟢 맑음,기본 비중 유지,1.71,0.58,0.62,1,2,0,1,0,0,0,1,1,0
2022-10-05,-0.39,5.957820738137087,4.62,28.549999237060547,121.77999877929688,29.43000030517578,-0.8800010681152344,2.26,20.3,NEUTRAL,LOW,골디락스,-1,1.45,1,0.5225,1,0.07,0,2,2.42,🟢 맑음,기본 비중 유지,1.71,0.58,0.62,1,2,0,1,0,0,0,1,1,0
2022-10-06,-0.4,5.957820738137087,4.62,30.520000457763672,122.44000244140625,30.790000915527344,-0.2700004577636719,2.29,20.3,NEUTRAL,LOW,골디락스,-1,1.45,1,0.5225,1,0.07,0,2,3.01,🟡 흐림,위험자산 10~20% 축소,1.71,1.17,0.62,1,2,0,2,0,0,0,1,1,0
2022-10-07,-0.41,5.957820738137087,4.62,31.360000610351562,121.80999755859375,32.099998474121094,-0.7399978637695312,2.36,20.3,HIGH,LOW,과열,1,1.45,1,0.1667,1,0.07,0,2,4.08,🟡 흐림,위험자산 10~20% 축소,2.29,1.17,0.62,1,2,1,2,0,0,0,1,1,0
2022-10-10,-0.41,5.957820738137087,4.62,32.45000076293945,120.06999969482422,32.72999954223633,-0.279998779296875,2.36,20.7,HIGH,LOW,과열,1,1.45,1,0.1667,1,0.07,0,2,4.08,🟡 흐림,위험자산 10~20% 축소,2.29,1.17,0.62,1,2,1,2,0,0,0,1,1,0
2022-10-11,-0.37,5.957820738137087,4.62,33.630001068115234,120.12000274658203,33.36000061035156,0.2700004577636719,2.36,20.7,HIGH,LOW,과열,1,1.45,1,0.1667,1,0.07,0,2,4.66,🟡 흐림,위험자산 10~20% 축소,2.29,1.75,0.62,1,2,1,2,0,1,0,1,1,0
2022-10-12,-0.37,5.957820738137087,4.62,33.56999969482422,119.98999786376953,33.130001068115234,0.4399986267089844,2.32,20.7,HIGH,LOW,과열,1,1.45,1,0.1667,1,0.07,0,2,4.66,🟡 흐림,위험자산 10~20% 축소,2.29,1.75,0.62,1,2,1,2,0,1,0,1,1,0
2022-10-13,-0.5,5.957820738137087,4.62,31.940000534057617,117.81999969482422,31.799999237060547,0.1400012969970703,2.38,20.7,HIGH,LOW,과열,1,1.45,1,0.1667,1,0.07,0,2,4.66,🟡 흐림,위험자산 10~20% 축소,2.29,1.75,0.62,1,2,1,2,0,1,0,1,1,0
2022-10-14,-0.48,5.957820738137087,4.62,32.02000045776367,119.30000305175781,32.45000076293945,-0.43000030517578125,2.44,20.7,HIGH,LOW,과열,1,1.45,1,0.2894,1,0.07,0,2,4.08,🟡 흐림,위험자산 10~20% 축소,2.29,1.17,0.62,1,2,1,2,0,0,0,1,1,0
2022-10-17,-0.43,5.957820738137087,4.62,31.3700008392334,116.97000122070312,31.739999771118164,-0.3699989318847656,2.48,19.9,HIGH,LOW,과열,1,1.45,1,0.2894,1,0.07,0,2,4.08,🟡 흐림,위험자산 10~20% 축소,2.29,1.17,0.62,1,2,1,2,0,0,0,1,1,0
2022-10-18,-0.42,5.957820738137087,4.62,30.5,116.87999725341797,30.979999542236328,-0.4799995422363281,2.42,19.9,HIGH,LOW,과열,1,1.45,1,0.2894,1,0.07,0,2,4.08,🟡 흐림,위험자산 10~20% 축소,2.29,1.17,0.62,1,2,1,2,0,0,0,1,1,0
2022-10-19,-0.41,5.957820738137087,4.62,30.760000228881836,117.26000213623047,31.350000381469727,-0.5900001525878906,2.46,19.9,HIGH,LOW,과열,1,1.45,1,0.2894,1,0.07,0,2,4.08,🟡 흐림,위험자산 10~20% 축소,2.29,1.17,0.62,1,2,1,2,0,0,0,1,1,0
2022-10-20,-0.38,5.957820738137087,4.62,29.979999542236328,117.41000366210938,30.809999465942383,-0.8299999237060547,2.65,19.9,HIGH,LOW,과열,1,1.45,1,0.2894,1,0.07,0,2,3.49,🟡 흐림,위험자산 10~20% 축소,2.29,0.58,0.62,1,2,1,1,0,0,0,1,1,0
2022-10-21,-0.28,5.957820738137087,4.62,29.690000534057617,116.19000244140625,30.469999313354492,-0.779998779296875,2.69,19.9,HIGH,LOW,과열,1,1.45,1,-0.1472,0,0.07,0,1,3.18,🟡 흐림,위험자산 10~20% 축소,2.29,0.58,0.31,1,2,1,1,0,0,0,1,0,0
2022-10-24,-0.25,5.957820738137087,4.62,29.850000381469727,114.97000122070312,30.329999923706055,-0.4799995422363281,2.72,20.2,HIGH,LOW,과열,1,1.45,1,-0.1472,0,0.07,0,1,3.18,🟡 흐림,위험자산 10~20% 축소,2.29,0.58,0.31,1,2,1,1,0,0,0,1,0,0
2022-10-25,-0.32,5.957820738137087,4.62,28.459999084472656,114.63999938964844,29.290000915527344,-0.8300018310546875,2.62,20.2,HIGH,LOW,과열,1,1.45,1,-0.1472,0,0.07,0,1,3.18,🟡 흐림,위험자산 10~20% 축소,2.29,0.58,0.31,1,2,1,1,0,0,0,1,0,0
2022-10-26,-0.35,5.957820738137087,4.62,27.280000686645508,113.86000061035156,28.459999084472656,-1.1799983978271484,2.56,20.2,HIGH,LOW,과열,1,1.45,1,-0.1472,0,0.07,0,1,3.18,🟡 흐림,위험자산 10~20% 축소,2.29,0.58,0.31,1,2,1,1,0,0,0,1,0,0
2022-10-27,-0.34,5.957820738137087,4.62,27.389999389648438,113.2300033569336,28.280000686645508,-0.8900012969970703,2.57,20.2,HIGH,LOW,과열,1,1.45,1,-0.1472,0,0.07,0,1,3.18,🟡 흐림,위험자산 10~20% 축소,2.29,0.58,0.31,1,2,1,1,0,0,0,1,0,0
2022-10-28,-0.39,5.957820738137087,4.62,25.75,112.05999755859375,26.899999618530273,-1.1499996185302734,2.62,20.2,HIGH,LOW,과열,1,1.45,1,-0.2933,0,0.07,0,1,3.18,🟡 흐림,위험자산 10~20% 축소,2.29,0.58,0.31,1,2,1,1,0,0,0,1,0,0
2022-10-31,-0.41,5.957820738137087,4.62,25.8799991607666,111.95999908447266,26.920000076293945,-1.0400009155273438,2.67,20.2,HIGH,LOW,과열,1,1.45,1,-0.2933,0,0.07,0,1,3.18,🟡 흐림,위험자산 10~20% 축소,2.29,0.58,0.31,1,2,1,1,0,0,0,1,0,0
2022-11-01,-0.47,5.957820738137087,4.62,25.809999465942383,111.44000244140625,26.690000534057617,-0.8800010681152344,2.65,20.2,HIGH,LOW,과열,1,1.45,1,-0.2933,0,0.07,0,1,3.18,🟡 흐림,위험자산 10~20% 축소,2.29,0.58,0.31,1,2,1,1,0,0,0,1,0,0
2022-11-02,-0.51,5.957820738137087,4.62,25.860000610351562,111.98999786376953,27.219999313354492,-1.3599987030029297,2.68,20.2,HIGH,LOW,과열,1,1.45,1,-0.2933,0,0.07,0,1,3.75,🟡 흐림,위험자산 10~20% 축소,2.86,0.58,0.31,2,2,1,1,0,0,0,1,0,0
2022-11-03,-0.57,5.957820738137087,4.62,25.299999237060547,110.33999633789062,26.700000762939453,-1.4000015258789062,2.54,20.2,HIGH,LOW,과열,1,1.45,1,-0.2933,0,0.07,0,1,3.75,🟡 흐림,위험자산 10~20% 축소,2.86,0.58,0.31,2,2,1,1,0,0,0,1,0,0
2022-11-04,-0.49,5.957820738137087,4.62,24.549999237060547,111.62000274658203,26.389999389648438,-1.8400001525878906,2.61,20.2,HIGH,LOW,과열,1,1.45,1,-0.3869,0,0.07,0,1,3.18,🟡 흐림,위험자산 10~20% 축소,2.29,0.58,0.31,1,2,1,1,0,0,0,1,0,0
2022-11-07,-0.5,5.957820738137087,4.62,24.350000381469727,111.66999816894531,26.260000228881836,-1.9099998474121094,2.67,20.4,HIGH,LOW,과열,1,1.45,1,-0.3869,0,0.07,0,1,3.18,🟡 흐림,위험자산 10~20% 축소,2.29,0.58,0.31,1,2,1,1,0,0,0,1,0,0
2022-11-08,-0.53,5.957820738137087,4.62,25.540000915527344,113.55000305175781,27.100000381469727,-1.5599994659423828,2.61,20.4,HIGH,LOW,과열,1,1.45,1,-0.3869,0,0.07,0,1,3.75,🟡 흐림,위험자산 10~20% 축소,2.86,0.58,0.31,2,2,1,1,0,0,0,1,0,0
2022-11-09,-0.49,5.957820738137087,4.62,26.09000015258789,114.36000061035156,27.90999984741211,-1.8199996948242188,2.53,20.4,HIGH,LOW,과열,1,1.45,1,-0.3869,0,0.07,0,1,3.18,🟡 흐림,위험자산 10~20% 축소,2.29,0.58,0.31,1,2,1,1,0,0,0,1,0,0
2022-11-10,-0.52,5.957820738137087,4.62,23.530000686645508,111.41999816894531,26.18000030517578,-2.6499996185302734,2.47,20.4,HIGH,LOW,과열,1,1.45,1,-0.3869,0,0.07,0,1,3.75,🟡 흐림,위험자산 10~20% 축소,2.86,0.58,0.31,2,2,1,1,0,0,0,1,0,0
2022-11-11,-0.52,5.957820738137087,4.62,22.520000457763672,114.08999633789062,25.739999771118164,-3.219999313354492,2.47,20.4,HIGH,LOW,과열,1,1.45,1,-0.3225,0,0.07,0,1,3.75,🟡 흐림,위험자산 10~20% 축소,2.86,0.58,0.31,2,2,1,1,0,0,0,1,0,0
2022-11-14,-0.52,5.957820738137087,4.62,23.729999542236328,113.66999816894531,26.1299991607666,-2.3999996185302734,2.42,21.0,HIGH,LOW,과열,1,1.45,1,-0.3225,0,0.07,0,1,3.75,🟡 흐림,위험자산 10~20% 축소,2.86,0.58,0.31,2,2,1,1,0,0,0,1,0,0
2022-11-15,-0.57,5.957820738137087,4.62,24.540000915527344,115.94000244140625,26.59000015258789,-2.049999237060547,2.4,21.0,HIGH,LOW,과열,1,1.45,1,-0.3225,0,0.07,0,1,3.75,🟡 흐림,위험자산 10~20% 축소,2.86,0.58,0.31,2,2,1,1,0,0,0,1,0,0
2022-11-16,-0.68,5.957820738137087,4.62,24.110000610351562,115.55999755859375,26.030000686645508,-1.9200000762939453,2.35,21.0,HIGH,LOW,과열,1,1.45,1,-0.3225,0,0.07,0,1,3.75,🟡 흐림,위험자산 10~20% 축소,2.86,0.58,0.31,2,2,1,1,0,0,0,1,0,0
2022-11-17,-0.66,5.957820738137087,4.62,23.93000030517578,115.23999786376953,25.829999923706055,-1.8999996185302734,2.32,21.0,HIGH,LOW,과열,1,1.45,1,-0.3225,0,0.07,0,1,3.75,🟡 흐림,위험자산 10~20% 축소,2.86,0.58,0.31,2,2,1,1,0,0,0,1,0,0
2022-11-18,-0.69,5.957820738137087,4.62,23.1200008392334,114.97000122070312,25.329999923706055,-2.2099990844726562,2.28,21.0,NEUTRAL,LOW,골디락스,-1,1.45,1,-0.2252,0,0.07,0,1,2.68,🟢 맑음,기본 비중 유지,2.29,0.58,0.31,2,2,0,1,0,0,0,1,0,0
2022-11-21,-0.65,5.957820738137087,4.62,22.360000610351562,114.5199966430664,24.719999313354492,-2.3599987030029297,2.34,22.0,HIGH,NEUTRAL,둔화_주의,2,1.45,1,-0.2252,0,0.07,0,1,4.32,🟡 흐림,위험자산 10~20% 축소,3.43,0.58,0.31,2,2,2,1,0,0,0,1,0,0
2022-11-22,-0.71,5.957820738137087,4.62,21.290000915527344,116.23999786376953,23.829999923706055,-2.539999008178711,2.35,22.0,HIGH,NEUTRAL,둔화_주의,2,1.45,1,-0.2252,0,0.07,0,1,4.32,🟡 흐림,위험자산 10~20% 축소,3.43,0.58,0.31,2,2,2,1,0,0,0,1,0,0
2022-11-23,-0.75,5.957820738137087,4.62,20.350000381469727,118.6500015258789,23.3799991607666,-3.029998779296875,2.33,22.0,HIGH,NEUTRAL,둔화_주의,2,1.45,1,-0.2252,0,0.07,0,1,4.32,🟡 흐림,위험자산 10~20% 축소,3.43,0.58,0.31,2,2,2,1,0,0,0,1,0,0
2022-11-24,-0.75,5.957820738137087,4.62,20.350000381469727,118.6500015258789,23.3799991607666,-3.029998779296875,2.33,22.0,HIGH,NEUTRAL,둔화_주의,2,1.45,1,-0.2252,0,0.07,0,1,4.32,🟡 흐림,위험자산 10~20% 축소,3.43,0.58,0.31,2,2,2,1,0,0,0,1,0,0
2022-11-25,-0.74,5.957820738137087,4.62,20.5,128.11000061035156,23.59000015258789,-3.0900001525878906,2.34,22.0,HIGH,NEUTRAL,둔화_주의,2,1.45,1,-0.2278,0,0.07,0,1,4.32,🟡 흐림,위험자산 10~20% 축소,3.43,0.58,0.31,2,2,2,1,0,0,0,1,0,0
2022-11-28,-0.77,5.957820738137087,4.62,22.209999084472656,118.47000122070312,24.899999618530273,-2.690000534057617,2.29,20.9,NEUTRAL,LOW,골디락스,-1,1.45,1,-0.2278,0,0.07,0,1,2.68,🟢 맑음,기본 비중 유지,2.29,0.58,0.31,2,2,0,1,0,0,0,1,0,0
2022-11-29,-0.73,5.957820738137087,4.62,21.889999389648438,120.37999725341797,24.649999618530273,-2.760000228881836,2.3,20.9,NEUTRAL,LOW,골디락스,-1,1.45,1,-0.2278,0,0.07,0,1,2.68,🟢 맑음,기본 비중 유지,2.29,0.58,0.31,2,2,0,1,0,0,0,1,0,0
2022-11-30,-0.7,5.957820738137087,4.62,20.579999923706055,118.47000122070312,23.530000686645508,-2.950000762939453,2.41,20.9,HIGH,LOW,과열,1,1.45,1,-0.2278,0,0.07,0,1,3.75,🟡 흐림,위험자산 10~20% 축소,2.86,0.58,0.31,2,2,1,1,0,0,0,1,0,0
2022-12-01,-0.72,5.957820738137087,4.62,19.84000015258789,117.79000091552734,23.309999465942383,-3.469999313354492,2.45,20.9,HIGH,LOW,과열,1,1.45,1,-0.2278,0,0.03,0,1,3.17,🟡 흐림,위험자산 10~20% 축소,2.86,0.0,0.31,2,2,1,0,0,0,0,1,0,0
2022-12-02,-0.77,5.957820738137087,4.62,19.059999465942383,118.11000061035156,22.959999084472656,-3.8999996185302734,2.51,20.9,HIGH,LOW,과열,1,1.45,1,-0.1172,0,0.03,0,1,3.17,🟡 흐림,위험자산 10~20% 축소,2.86,0.0,0.31,2,2,1,0,0,0,0,1,0,0
2022-12-05,-0.81,5.957820738137087,4.62,20.75,117.75,23.889999389648438,-3.1399993896484375,2.46,20.9,HIGH,LOW,과열,1,1.45,1,-0.1172,0,0.03,0,1,3.75,🟡 흐림,위험자산 10~20% 축소,2.86,0.58,0.31,2,2,1,1,0,0,0,1,0,0
2022-12-06,-0.83,5.957820738137087,4.62,22.170000076293945,117.11000061035156,24.719999313354492,-2.549999237060547,2.38,20.9,HIGH,LOW,과열,1,1.45,1,-0.1172,0,0.03,0,1,3.75,🟡 흐림,위험자산 10~20% 축소,2.86,0.58,0.31,2,2,1,1,0,0,0,1,0,0
2022-12-07,-0.84,5.957820738137087,4.62,22.68000030517578,117.80999755859375,25.18000030517578,-2.5,2.33,20.9,HIGH,LOW,과열,1,1.45,1,-0.1172,0,0.03,0,1,3.75,🟡 흐림,위험자산 10~20% 축소,2.86,0.58,0.31,2,2,1,1,0,0,0,1,0,0
2022-12-08,-0.83,5.957820738137087,4.62,22.290000915527344,117.54000091552734,24.729999542236328,-2.4399986267089844,2.36,20.9,HIGH,LOW,과열,1,1.45,1,-0.1172,0,0.03,0,1,3.75,🟡 흐림,위험자산 10~20% 축소,2.86,0.58,0.31,2,2,1,1,0,0,0,1,0,0
2022-12-09,-0.76,5.957820738137087,4.62,22.829999923706055,119.23999786376953,25.209999084472656,-2.3799991607666016,2.3,20.9,NEUTRAL,LOW,골디락스,-1,1.45,1,0.122,1,0.03,0,2,2.99,🟢 맑음,기본 비중 유지,2.29,0.58,0.62,2,2,0,1,0,0,0,1,1,0
2022-12-12,-0.78,5.957820738137087,4.62,25.0,121.86000061035156,25.670000076293945,-0.6700000762939453,2.35,20.9,HIGH,LOW,과열,1,1.45,1,0.122,1,0.03,0,2,4.07,🟡 흐림,위험자산 10~20% 축소,2.86,0.58,0.62,2,2,1,1,0,0,0,1,1,0
2022-12-13,-0.71,5.957820738137087,4.62,22.549999237060547,122.7300033569336,24.290000915527344,-1.7400016784667969,2.31,20.9,HIGH,LOW,과열,1,1.45,1,0.122,1,0.03,0,2,4.07,🟡 흐림,위험자산 10~20% 축소,2.86,0.58,0.62,2,2,1,1,0,0,0,1,1,0
2022-12-14,-0.74,5.957820738137087,4.62,21.139999389648438,124.2300033569336,23.459999084472656,-2.3199996948242188,2.25,20.9,NEUTRAL,LOW,골디락스,-1,1.45,1,0.122,1,0.03,0,2,2.99,🟢 맑음,기본 비중 유지,2.29,0.58,0.62,2,2,0,1,0,0,0,1,1,0
2022-12-15,-0.79,5.957820738137087,4.62,22.829999923706055,124.48999786376953,25.079999923706055,-2.25,2.21,20.9,NEUTRAL,LOW,골디락스,-1,1.45,1,0.122,1,0.03,0,2,2.99,🟢 맑음,기본 비중 유지,2.29,0.58,0.62,2,2,0,1,0,0,0,1,1,0
2022-12-16,-0.69,5.957820738137087,4.62,22.6200008392334,120.04000091552734,25.149999618530273,-2.529998779296875,2.14,20.9,NEUTRAL,LOW,골디락스,-1,1.45,1,0.0079,1,0.03,0,2,2.99,🟢 맑음,기본 비중 유지,2.29,0.58,0.62,2,2,0,1,0,0,0,1,1,0
2022-12-19,-0.68,5.957820738137087,4.62,22.420000076293945,117.08999633789062,25.079999923706055,-2.6599998474121094,2.19,21.3,NEUTRAL,LOW,골디락스,-1,1.45,1,0.0079,1,0.03,0,2,2.99,🟢 맑음,기본 비중 유지,2.29,0.58,0.62,2,2,0,1,0,0,0,1,1,0
2022-12-20,-0.56,5.957820738137087,4.62,21.479999542236328,115.56999969482422,24.399999618530273,-2.9200000762939453,2.26,21.3,NEUTRAL,LOW,골디락스,-1,1.45,1,0.0079,1,0.03,0,2,2.99,🟢 맑음,기본 비중 유지,2.29,0.58,0.62,2,2,0,1,0,0,0,1,1,0
2022-12-21,-0.53,5.957820738137087,4.62,20.06999969482422,114.25,23.350000381469727,-3.280000686645508,2.31,21.3,HIGH,LOW,과열,1,1.45,1,0.0079,1,0.03,0,2,4.07,🟡 흐림,위험자산 10~20% 축소,2.86,0.58,0.62,2,2,1,1,0,0,0,1,1,0
2022-12-22,-0.57,5.957820738137087,4.62,21.969999313354492,114.41999816894531,24.780000686645508,-2.8100013732910156,2.24,21.3,NEUTRAL,LOW,골디락스,-1,1.45,1,0.0079,1,0.03,0,2,2.99,🟢 맑음,기본 비중 유지,2.29,0.58,0.62,2,2,0,1,0,0,0,1,1,0
2022-12-23,-0.56,5.957820738137087,4.62,20.8700008392334,114.56999969482422,24.1299991607666,-3.259998321533203,2.29,21.3,NEUTRAL,LOW,골디락스,-1,1.45,1,0.0265,1,0.03,0,2,2.99,🟢 맑음,기본 비중 유지,2.29,0.58,0.62,2,2,0,1,0,0,0,1,1,0
2022-12-26,-0.56,5.957820738137087,4.62,20.8700008392334,114.56999969482422,24.1299991607666,-3.259998321533203,2.29,20.5,NEUTRAL,LOW,골디락스,-1,1.45,1,0.0265,1,0.03,0,2,2.99,🟢 맑음,기본 비중 유지,2.29,0.58,0.62,2,2,0,1,0,0,0,1,1,0
2022-12-27,-0.48,5.957820738137087,4.62,21.649999618530273,113.44000244140625,24.43000030517578,-2.780000686645508,2.33,20.5,HIGH,LOW,과열,1,1.45,1,0.0265,1,0.03,0,2,3.49,🟡 흐림,위험자산 10~20% 축소,2.29,0.58,0.62,1,2,1,1,0,0,0,1,1,0
2022-12-28,-0.43,5.957820738137087,4.62,22.139999389648438,112.02999877929688,24.579999923706055,-2.440000534057617,2.33,20.5,HIGH,LOW,과열,1,1.45,1,0.0265,1,0.03,0,2,3.49,🟡 흐림,위험자산 10~20% 축소,2.29,0.58,0.62,1,2,1,1,0,0,0,1,1,0
2022-12-29,-0.51,5.957820738137087,4.62,21.440000534057617,113.2699966430664,23.950000762939453,-2.510000228881836,2.32,20.5,HIGH,LOW,과열,1,1.45,1,0.0265,1,0.03,0,2,4.07,🟡 흐림,위험자산 10~20% 축소,2.86,0.58,0.62,2,2,1,1,0,0,0,1,1,0
2022-12-30,-0.53,5.957820738137087,4.62,21.670000076293945,113.56999969482422,24.290000915527344,-2.6200008392333984,2.33,20.5,HIGH,LOW,과열,1,1.45,1,-0.0383,0,0.03,0,1,3.75,🟡 흐림,위험자산 10~20% 축소,2.86,0.58,0.31,2,2,1,1,0,0,0,1,0,0
2023-01-02,-0.53,5.957820738137087,4.62,21.670000076293945,113.56999969482422,24.290000915527344,-2.6200008392333984,2.33,20.5,HIGH,LOW,과열,1,1.45,1,-0.0383,0,-0.07,0,1,3.75,🟡 흐림,위험자산 10~20% 축소,2.86,0.58,0.31,2,2,1,1,0,0,0,1,0,0
2023-01-03,-0.61,5.957820738137087,4.62,22.899999618530273,112.73999786376953,24.579999923706055,-1.6800003051757812,2.29,20.5,NEUTRAL,LOW,골디락스,-1,1.45,1,-0.0383,0,-0.07,0,1,2.68,🟢 맑음,기본 비중 유지,2.29,0.58,0.31,2,2,0,1,0,0,0,1,0,0
2023-01-04,-0.67,5.957820738137087,4.62,22.010000228881836,112.13999938964844,23.809999465942383,-1.7999992370605469,2.21,20.5,NEUTRAL,LOW,골디락스,-1,1.45,1,-0.0383,0,-0.07,0,1,2.68,🟢 맑음,기본 비중 유지,2.29,0.58,0.31,2,2,0,1,0,0,0,1,0,0
2023-01-05,-0.74,5.957820738137087,4.62,22.459999084472656,112.66999816894531,24.06999969482422,-1.6100006103515625,2.22,20.5,NEUTRAL,LOW,골디락스,-1,1.45,1,-0.0383,0,-0.07,0,1,2.68,🟢 맑음,기본 비중 유지,2.29,0.58,0.31,2,2,0,1,0,0,0,1,0,0
2023-01-06,-0.69,5.957820738137087,4.62,21.1299991607666,113.86000061035156,23.18000030517578,-2.0500011444091797,2.18,20.5,NEUTRAL,LOW,골디락스,-1,1.45,1,-0.1651,0,-0.07,0,1,2.68,🟢 맑음,기본 비중 유지,2.29,0.58,0.31,2,2,0,1,0,0,0,1,0,0
2023-01-09,-0.66,5.957820738137087,4.62,21.969999313354492,114.41999816894531,23.739999771118164,-1.7700004577636719,2.18,21.0,NEUTRAL,LOW,골디락스,-1,1.45,1,-0.1651,0,-0.07,0,1,2.68,🟢 맑음,기본 비중 유지,2.29,0.58,0.31,2,2,0,1,0,0,0,1,0,0
2023-01-10,-0.63,5.957820738137087,4.62,20.579999923706055,114.6500015258789,22.739999771118164,-2.1599998474121094,2.2,21.0,NEUTRAL,LOW,골디락스,-1,1.45,1,-0.1651,0,-0.07,0,1,2.68,🟢 맑음,기본 비중 유지,2.29,0.58,0.31,2,2,0,1,0,0,0,1,0,0
2023-01-11,-0.66,5.957820738137087,4.62,21.09000015258789,115.0999984741211,22.739999771118164,-1.6499996185302734,2.21,21.0,NEUTRAL,LOW,골디락스,-1,1.45,1,-0.1651,0,-0.07,0,1,2.68,🟢 맑음,기본 비중 유지,2.29,0.58,0.31,2,2,0,1,0,0,0,1,0,0
2023-01-12,-0.69,5.957820738137087,4.62,18.829999923706055,117.38999938964844,21.579999923706055,-2.75,2.21,21.0,NEUTRAL,LOW,골디락스,-1,1.45,1,-0.1651,0,-0.07,0,1,2.1,🟢 맑음,기본 비중 유지,2.29,0.0,0.31,2,2,0,0,0,0,0,1,0,0
2023-01-13,-0.73,5.957820738137087,4.62,18.350000381469727,121.69999694824219,21.139999389648438,-2.789999008178711,2.2,21.0,NEUTRAL,LOW,골디락스,-1,1.45,1,-0.423,0,-0.07,0,1,2.1,🟢 맑음,기본 비중 유지,2.29,0.0,0.31,2,2,0,0,0,0,0,1,0,0
2023-01-16,-0.73,5.957820738137087,4.62,18.350000381469727,121.69999694824219,21.139999389648438,-2.789999008178711,2.2,20.4,NEUTRAL,LOW,골디락스,-1,1.45,1,-0.423,0,-0.07,0,1,2.1,🟢 맑음,기본 비중 유지,2.29,0.0,0.31,2,2,0,0,0,0,0,1,0,0
2023-01-17,-0.65,5.957820738137087,4.62,19.360000610351562,120.01000213623047,21.450000762939453,-2.0900001525878906,2.18,20.4,NEUTRAL,LOW,골디락스,-1,1.45,1,-0.423,0,-0.07,0,1,2.1,🟢 맑음,기본 비중 유지,2.29,0.0,0.31,2,2,0,0,0,0,0,1,0,0
2023-01-18,-0.69,5.957820738137087,4.62,20.34000015258789,119.91000366210938,22.270000457763672,-1.9300003051757812,2.09,20.4,NEUTRAL,LOW,골디락스,-1,1.45,1,-0.423,0,-0.07,0,1,2.68,🟢 맑음,기본 비중 유지,2.29,0.58,0.31,2,2,0,1,0,0,0,1,0,0
2023-01-19,-0.7,5.957820738137087,4.62,20.520000457763672,121.2300033569336,22.450000762939453,-1.9300003051757812,2.21,20.4,NEUTRAL,LOW,골디락스,-1,1.45,1,-0.423,0,-0.07,0,1,2.68,🟢 맑음,기본 비중 유지,2.29,0.58,0.31,2,2,0,1,0,0,0,1,0,0
2023-01-20,-0.66,5.957820738137087,4.62,19.850000381469727,120.19000244140625,21.719999313354492,-1.8699989318847656,2.23,20.4,NEUTRAL,LOW,골디락스,-1,1.45,1,-0.3908,0,-0.07,0,1,2.1,🟢 맑음,기본 비중 유지,2.29,0.0,0.31,2,2,0,0,0,0,0,1,0,0
2023-01-23,-0.69,5.957820738137087,4.62,19.809999465942383,120.91000366210938,21.600000381469727,-1.7900009155273438,2.28,20.4,NEUTRAL,LOW,골디락스,-1,1.45,1,-0.3908,0,-0.07,0,1,2.1,🟢 맑음,기본 비중 유지,2.29,0.0,0.31,2,2,0,0,0,0,0,1,0,0
2023-01-24,-0.66,5.957820738137087,4.62,19.200000762939453,121.33999633789062,20.90999984741211,-1.7099990844726562,2.29,20.4,NEUTRAL,LOW,골디락스,-1,1.45,1,-0.3908,0,-0.07,0,1,2.1,🟢 맑음,기본 비중 유지,2.29,0.0,0.31,2,2,0,0,0,0,0,1,0,0
2023-01-25,-0.65,5.957820738137087,4.62,19.079999923706055,121.04000091552734,20.940000534057617,-1.8600006103515625,2.28,20.4,NEUTRAL,LOW,골디락스,-1,1.45,1,-0.3908,0,-0.07,0,1,2.1,🟢 맑음,기본 비중 유지,2.29,0.0,0.31,2,2,0,0,0,0,0,1,0,0
2023-01-26,-0.68,5.957820738137087,4.62,18.729999542236328,121.48999786376953,20.700000762939453,-1.970001220703125,2.32,20.4,HIGH,LOW,과열,1,1.45,1,-0.3908,0,-0.07,0,1,3.17,🟡 흐림,위험자산 10~20% 축소,2.86,0.0,0.31,2,2,1,0,0,0,0,1,0,0
2023-01-27,-0.67,5.957820738137087,4.62,18.510000228881836,121.97000122070312,20.469999313354492,-1.9599990844726562,2.33,20.4,HIGH,LOW,과열,1,1.45,1,-0.511,0,-0.07,0,1,3.17,🟡 흐림,위험자산 10~20% 축소,2.86,0.0,0.31,2,2,1,0,0,0,0,1,0,0
2023-01-30,-0.7,5.957820738137087,4.62,19.940000534057617,120.69000244140625,21.3700008392334,-1.4300003051757812,2.3,20.0,NEUTRAL,LOW,골디락스,-1,1.45,1,-0.511,0,-0.07,0,1,2.1,🟢 맑음,기본 비중 유지,2.29,0.0,0.31,2,2,0,0,0,0,0,1,0,0
2023-01-31,-0.69,5.957820738137087,4.62,19.399999618530273,123.29000091552734,20.809999465942383,-1.4099998474121094,2.27,20.0,NEUTRAL,LOW,골디락스,-1,1.45,1,-0.511,0,-0.07,0,1,2.1,🟢 맑음,기본 비중 유지,2.29,0.0,0.31,2,2,0,0,0,0,0,1,0,0
2023-02-01,-0.7,5.957820738137087,4.62,17.8700008392334,122.19000244140625,19.969999313354492,-2.0999984741210938,2.29,20.0,NEUTRAL,LOW,골디락스,-1,1.45,1,-0.511,0,0.0,0,1,2.1,🟢 맑음,기본 비중 유지,2.29,0.0,0.31,2,2,0,0,0,0,0,1,0,0
2023-02-02,-0.69,5.957820738137087,4.62,18.729999542236328,123.87999725341797,20.84000015258789,-2.1100006103515625,2.26,20.0,NEUTRAL,LOW,골디락스,-1,1.45,1,-0.511,0,0.0,0,1,2.1,🟢 맑음,기본 비중 유지,2.29,0.0,0.31,2,2,0,0,0,0,0,1,0,0
2023-02-03,-0.77,5.957820738137087,4.62,18.329999923706055,123.08000183105469,20.780000686645508,-2.450000762939453,2.27,20.0,NEUTRAL,LOW,골디락스,-1,1.45,1,-0.5509,0,0.0,0,1,2.1,🟢 맑음,기본 비중 유지,2.29,0.0,0.31,2,2,0,0,0,0,0,1,0,0
2023-02-06,-0.81,5.957820738137087,4.62,19.43000030517578,123.01000213623047,21.43000030517578,-2.0,2.33,21.5,HIGH,LOW,과열,1,1.45,1,-0.5509,0,0.0,0,1,3.17,🟡 흐림,위험자산 10~20% 축소,2.86,0.0,0.31,2,2,1,0,0,0,0,1,0,0
2023-02-07,-0.8,5.957820738137087,4.62,18.65999984741211,123.36000061035156,20.780000686645508,-2.1200008392333984,2.4,21.5,HIGH,LOW,과열,1,1.45,1,-0.5509,0,0.0,0,1,3.17,🟡 흐림,위험자산 10~20% 축소,2.86,0.0,0.31,2,2,1,0,0,0,0,1,0,0
2023-02-08,-0.82,5.957820738137087,4.62,19.6299991607666,121.5199966430664,21.81999969482422,-2.190000534057617,2.46,21.5,HIGH,LOW,과열,1,1.45,1,-0.5509,0,0.0,0,1,3.17,🟡 흐림,위험자산 10~20% 축소,2.86,0.0,0.31,2,2,1,0,0,0,0,1,0,0
2023-02-09,-0.81,5.957820738137087,4.62,20.709999084472656,120.58000183105469,22.5,-1.7900009155273438,2.45,21.5,HIGH,LOW,과열,1,1.45,1,-0.5509,0,0.0,0,1,3.75,🟡 흐림,위험자산 10~20% 축소,2.86,0.58,0.31,2,2,1,1,0,0,0,1,0,0
2023-02-10,-0.76,5.957820738137087,4.62,20.530000686645508,120.87999725341797,22.549999237060547,-2.019998550415039,2.47,21.5,HIGH,LOW,과열,1,1.45,1,-0.6103,0,0.0,0,1,3.75,🟡 흐림,위험자산 10~20% 축소,2.86,0.58,0.31,2,2,1,1,0,0,0,1,0,0
2023-02-13,-0.8,5.957820738137087,4.62,20.34000015258789,122.4800033569336,21.969999313354492,-1.6299991607666016,2.44,22.0,HIGH,NEUTRAL,둔화_주의,2,1.45,1,-0.6103,0,0.0,0,1,4.32,🟡 흐림,위험자산 10~20% 축소,3.43,0.58,0.31,2,2,2,1,0,0,0,1,0,0
2023-02-14,-0.83,5.957820738137087,4.62,18.90999984741211,122.4800033569336,21.139999389648438,-2.229999542236328,2.45,22.0,HIGH,NEUTRAL,둔화_주의,2,1.45,1,-0.6103,0,0.0,0,1,3.74,🟡 흐림,위험자산 10~20% 축소,3.43,0.0,0.31,2,2,2,0,0,0,0,1,0,0
2023-02-15,-0.81,5.957820738137087,4.62,18.229999542236328,121.36000061035156,20.68000030517578,-2.450000762939453,2.51,22.0,HIGH,NEUTRAL,둔화_주의,2,1.45,1,-0.6103,0,0.0,0,1,3.74,🟡 흐림,위험자산 10~20% 축소,3.43,0.0,0.31,2,2,2,0,0,0,0,1,0,0
2023-02-16,-0.76,5.957820738137087,4.62,20.170000076293945,123.08999633789062,21.8799991607666,-1.7099990844726562,2.52,22.0,HIGH,NEUTRAL,둔화_주의,2,1.45,1,-0.6103,0,0.0,0,1,4.32,🟡 흐림,위험자산 10~20% 축소,3.43,0.58,0.31,2,2,2,1,0,0,0,1,0,0
2023-02-17,-0.78,5.957820738137087,4.62,20.020000457763672,122.88999938964844,21.770000457763672,-1.75,2.5,22.0,HIGH,NEUTRAL,둔화_주의,2,1.45,1,-0.4691,0,0.0,0,1,4.32,🟡 흐림,위험자산 10~20% 축소,3.43,0.58,0.31,2,2,2,1,0,0,0,1,0,0
2023-02-20,-0.78,5.957820738137087,4.62,20.020000457763672,122.88999938964844,21.770000457763672,-1.75,2.5,21.7,HIGH,LOW,과열,1,1.45,1,-0.4691,0,0.0,0,1,3.75,🟡 흐림,위험자산 10~20% 축소,2.86,0.58,0.31,2,2,1,1,0,0,0,1,0,0
2023-02-21,-0.72,5.957820738137087,4.62,22.8700008392334,124.08999633789062,23.3799991607666,-0.5099983215332031,2.58,21.7,HIGH,LOW,과열,1,1.45,1,-0.4691,0,0.0,0,1,3.75,🟡 흐림,위험자산 10~20% 축소,2.86,0.58,0.31,2,2,1,1,0,0,0,1,0,0
2023-02-22,-0.73,5.957820738137087,4.62,22.290000915527344,122.80999755859375,22.68000030517578,-0.3899993896484375,2.52,21.7,HIGH,LOW,과열,1,1.45,1,-0.4691,0,0.0,0,1,3.75,🟡 흐림,위험자산 10~20% 축소,2.86,0.58,0.31,2,2,1,1,0,0,0,1,0,0
2023-02-23,-0.78,5.957820738137087,4.62,21.139999389648438,121.8499984741211,21.739999771118164,-0.6000003814697266,2.5,21.7,HIGH,LOW,과열,1,1.45,1,-0.4691,0,0.0,0,1,3.75,🟡 흐림,위험자산 10~20% 축소,2.86,0.58,0.31,2,2,1,1,0,0,0,1,0,0
2023-02-24,-0.83,5.957820738137087,4.62,21.670000076293945,121.22000122070312,22.43000030517578,-0.7600002288818359,2.47,21.7,HIGH,LOW,과열,1,1.45,1,-0.2309,0,0.0,0,1,3.75,🟡 흐림,위험자산 10~20% 축소,2.86,0.58,0.31,2,2,1,1,0,0,0,1,0,0
2023-02-27,-0.86,5.957820738137087,4.62,20.950000762939453,120.54000091552734,21.59000015258789,-0.6399993896484375,2.49,20.7,HIGH,LOW,과열,1,1.45,1,-0.2309,0,0.0,0,1,3.75,🟡 흐림,위험자산 10~20% 축소,2.86,0.58,0.31,2,2,1,1,0,0,0,1,0,0
2023-02-28,-0.89,5.957820738137087,4.62,20.700000762939453,120.01000213623047,21.31999969482422,-0.6199989318847656,2.58,20.7,HIGH,LOW,과열,1,1.45,1,-0.2309,0,0.0,0,1,3.75,🟡 흐림,위험자산 10~20% 축소,2.86,0.58,0.31,2,2,1,1,0,0,0,1,0,0
2023-03-01,-0.88,4.917719362889961,4.62,20.579999923706055,118.88999938964844,21.360000610351562,-0.7800006866455078,2.59,20.7,HIGH,LOW,과열,1,1.45,1,-0.2309,0,0.0,0,1,3.75,🟡 흐림,위험자산 10~20% 축소,2.86,0.58,0.31,2,2,1,1,0,0,0,1,0,0
2023-03-02,-0.81,4.917719362889961,4.62,19.59000015258789,118.88999938964844,20.6299991607666,-1.039999008178711,2.65,20.7,HIGH,LOW,과열,1,1.45,1,-0.2309,0,0.0,0,1,3.17,🟡 흐림,위험자산 10~20% 축소,2.86,0.0,0.31,2,2,1,0,0,0,0,1,0,0
2023-03-03,-0.89,4.917719362889961,4.62,18.489999771118164,118.13999938964844,19.979999542236328,-1.489999771118164,2.71,20.7,HIGH,LOW,과열,1,1.45,1,-0.4473,0,0.0,0,1,3.17,🟡 흐림,위험자산 10~20% 축소,2.86,0.0,0.31,2,2,1,0,0,0,0,1,0,0
2023-03-06,-0.91,4.917719362889961,4.62,18.610000610351562,120.19000244140625,19.989999771118164,-1.3799991607666016,2.7,23.0,HIGH,NEUTRAL,둔화_주의,2,1.45,1,-0.4473,0,0.0,0,1,3.74,🟡 흐림,위험자산 10~20% 축소,3.43,0.0,0.31,2,2,2,0,0,0,0,1,0,0
2023-03-07,-1.03,4.917719362889961,4.62,19.59000015258789,120.55999755859375,20.59000015258789,-1.0,2.54,23.0,HIGH,NEUTRAL,둔화_주의,2,1.45,1,-0.4473,0,0.0,0,1,3.74,🟡 흐림,위험자산 10~20% 축소,3.43,0.0,0.31,2,2,2,0,0,0,0,1,0,0
2023-03-08,-1.07,4.917719362889961,4.62,19.110000610351562,120.55999755859375,20.190000534057617,-1.0799999237060547,2.47,23.0,HIGH,NEUTRAL,둔화_주의,2,1.45,1,-0.4473,0,0.0,0,1,3.74,🟡 흐림,위험자산 10~20% 축소,3.43,0.0,0.31,2,2,2,0,0,0,0,1,0,0
2023-03-09,-0.97,4.917719362889961,4.62,22.610000610351562,122.22000122070312,22.8700008392334,-0.26000022888183594,2.43,23.0,HIGH,NEUTRAL,둔화_주의,2,1.45,1,-0.4473,0,0.0,0,1,4.32,🟡 흐림,위험자산 10~20% 축소,3.43,0.58,0.31,2,2,2,1,0,0,0,1,0,0
2023-03-10,-0.9,4.917719362889961,4.62,24.799999237060547,130.27000427246094,25.389999389648438,-0.5900001525878906,2.34,23.0,HIGH,NEUTRAL,둔화_주의,2,1.45,1,-0.0888,0,0.0,0,1,4.91,🟡 흐림,위험자산 10~20% 축소,3.43,1.17,0.31,2,2,2,1,1,0,0,1,0,0
2023-03-13,-0.48,4.917719362889961,4.62,26.520000457763672,132.13999938964844,26.639999389648438,-0.11999893188476562,2.26,22.2,NEUTRAL,NEUTRAL,둔화_주의,2,1.45,1,-0.0888,0,0.0,0,1,4.34,🟡 흐림,위험자산 10~20% 축소,2.86,1.17,0.31,1,2,2,1,1,0,0,1,0,0
2023-03-14,-0.56,4.917719362889961,4.62,23.729999542236328,132.72000122070312,24.8700008392334,-1.1400012969970703,2.35,22.2,HIGH,NEUTRAL,둔화_주의,2,1.45,1,-0.0888,0,0.0,0,1,4.91,🟡 흐림,위험자산 10~20% 축소,3.43,1.17,0.31,2,2,2,1,1,0,0,1,0,0
2023-03-15,-0.42,4.917719362889961,4.62,26.139999389648438,136.6199951171875,27.200000762939453,-1.0600013732910156,2.33,22.2,HIGH,NEUTRAL,둔화_주의,2,1.45,1,-0.0888,0,0.0,0,1,4.34,🟡 흐림,위험자산 10~20% 축소,2.86,1.17,0.31,1,2,2,1,1,0,0,1,0,0
2023-03-16,-0.58,4.917719362889961,4.62,22.989999771118164,134.52999877929688,24.559999465942383,-1.5699996948242188,2.26,22.2,NEUTRAL,NEUTRAL,둔화_주의,2,1.45,1,-0.0888,0,0.0,0,1,4.91,🟡 흐림,위험자산 10~20% 축소,3.43,1.17,0.31,2,2,2,1,1,0,0,1,0,0
2023-03-17,-0.42,4.917719362889961,4.62,25.510000228881836,131.33999633789062,27.420000076293945,-1.9099998474121094,2.1,22.2,NEUTRAL,NEUTRAL,둔화_주의,2,1.45,1,1.101,2,0.0,0,3,4.96,🟡 흐림,위험자산 10~20% 축소,2.86,1.17,0.94,1,2,2,1,1,0,0,1,2,0
2023-03-20,-0.45,4.917719362889961,4.62,24.149999618530273,129.91000366210938,25.850000381469727,-1.7000007629394531,2.14,23.0,NEUTRAL,NEUTRAL,둔화_주의,2,1.45,1,1.101,2,0.0,0,3,4.38,🟡 흐림,위험자산 10~20% 축소,2.86,0.58,0.94,1,2,2,1,0,0,0,1,2,0
2023-03-21,-0.58,4.917719362889961,4.62,21.3799991607666,127.45999908447266,23.56999969482422,-2.190000534057617,2.25,23.0,NEUTRAL,NEUTRAL,둔화_주의,2,1.45,1,1.101,2,0.0,0,3,4.95,🟡 흐림,위험자산 10~20% 축소,3.43,0.58,0.94,2,2,2,1,0,0,0,1,2,0
2023-03-22,-0.48,4.917719362889961,4.62,22.260000228881836,123.16000366210938,24.3799991607666,-2.1199989318847656,2.31,23.0,HIGH,NEUTRAL,둔화_주의,2,1.45,1,1.101,2,0.0,0,3,4.38,🟡 흐림,위험자산 10~20% 축소,2.86,0.58,0.94,1,2,2,1,0,0,0,1,2,0
2023-03-23,-0.38,4.917719362889961,4.62,22.610000610351562,123.16000366210938,24.530000686645508,-1.9200000762939453,2.26,23.0,NEUTRAL,NEUTRAL,둔화_주의,2,1.45,1,1.101,2,0.0,0,3,4.38,🟡 흐림,위험자산 10~20% 축소,2.86,0.58,0.94,1,2,2,1,0,0,0,1,2,0
2023-03-24,-0.38,4.917719362889961,4.62,21.739999771118164,126.87999725341797,23.959999084472656,-2.219999313354492,2.21,23.0,NEUTRAL,NEUTRAL,둔화_주의,2,1.45,1,0.2685,1,0.0,0,2,4.07,🟡 흐림,위험자산 10~20% 축소,2.86,0.58,0.62,1,2,2,1,0,0,0,1,1,0
2023-03-27,-0.41,4.917719362889961,4.62,20.600000381469727,126.0,22.8700008392334,-2.270000457763672,2.27,23.4,NEUTRAL,NEUTRAL,둔화_주의,2,1.45,1,0.2685,1,0.0,0,2,4.07,🟡 흐림,위험자산 10~20% 축소,2.86,0.58,0.62,1,2,2,1,0,0,0,1,1,0
2023-03-28,-0.47,4.917719362889961,4.62,19.969999313354492,122.9000015258789,22.3799991607666,-2.4099998474121094,2.34,23.4,HIGH,NEUTRAL,둔화_주의,2,1.45,1,0.2685,1,0.0,0,2,3.48,🟡 흐림,위험자산 10~20% 축소,2.86,0.0,0.62,1,2,2,0,0,0,0,1,1,0
2023-03-29,-0.51,4.917719362889961,4.62,19.1200008392334,123.76000213623047,21.489999771118164,-2.3699989318847656,2.38,23.4,HIGH,NEUTRAL,둔화_주의,2,1.45,1,0.2685,1,0.0,0,2,4.05,🟡 흐림,위험자산 10~20% 축소,3.43,0.0,0.62,2,2,2,0,0,0,0,1,1,0
2023-03-30,-0.55,4.917719362889961,4.62,19.020000457763672,126.30999755859375,21.450000762939453,-2.4300003051757812,2.4,23.4,HIGH,NEUTRAL,둔화_주의,2,1.45,1,0.2685,1,0.0,0,2,4.05,🟡 흐림,위험자산 10~20% 축소,3.43,0.0,0.62,2,2,2,0,0,0,0,1,1,0
2023-03-31,-0.58,4.917719362889961,4.62,18.700000762939453,125.8499984741211,21.229999542236328,-2.529998779296875,2.4,23.4,HIGH,NEUTRAL,둔화_주의,2,1.45,1,-0.2719,0,0.0,0,1,3.74,🟡 흐림,위험자산 10~20% 축소,3.43,0.0,0.31,2,2,2,0,0,0,0,1,0,0
2023-04-03,-0.54,4.917719362889961,4.62,18.549999237060547,126.20999908447266,20.829999923706055,-2.280000686645508,2.39,21.7,HIGH,LOW,과열,1,1.45,1,-0.2719,0,0.0,0,1,3.17,🟡 흐림,위험자산 10~20% 축소,2.86,0.0,0.31,2,2,1,0,0,0,0,1,0,0
2023-04-04,-0.49,4.917719362889961,4.62,19.0,127.02999877929688,21.34000015258789,-2.3400001525878906,2.32,21.7,HIGH,LOW,과열,1,1.45,1,-0.2719,0,0.0,0,1,2.6,🟢 맑음,기본 비중 유지,2.29,0.0,0.31,1,2,1,0,0,0,0,1,0,0
2023-04-05,-0.49,4.917719362889961,4.62,19.079999923706055,126.9800033569336,21.479999542236328,-2.3999996185302734,2.29,21.7,NEUTRAL,LOW,골디락스,-1,1.45,1,-0.2719,0,0.0,0,1,1.53,🟢 맑음,기본 비중 유지,1.71,0.0,0.31,1,2,0,0,0,0,0,1,0,0
2023-04-06,-0.52,4.917719362889961,4.62,18.399999618530273,124.41999816894531,21.0,-2.6000003814697266,2.31,21.7,HIGH,LOW,과열,1,1.45,1,-0.2719,0,0.0,0,1,3.17,🟡 흐림,위험자산 10~20% 축소,2.86,0.0,0.31,2,2,1,0,0,0,0,1,0,0
2023-04-07,-0.58,4.917719362889961,4.62,18.399999618530273,124.41999816894531,21.0,-2.6000003814697266,2.33,21.7,HIGH,LOW,과열,1,1.45,1,-0.095,0,0.0,0,1,3.17,🟡 흐림,위험자산 10~20% 축소,2.86,0.0,0.31,2,2,1,0,0,0,0,1,0,0
2023-04-10,-0.59,4.917719362889961,4.62,18.969999313354492,126.95999908447266,21.06999969482422,-2.1000003814697266,2.34,22.0,HIGH,NEUTRAL,둔화_주의,2,1.45,1,-0.095,0,0.0,0,1,3.74,🟡 흐림,위험자산 10~20% 축소,3.43,0.0,0.31,2,2,2,0,0,0,0,1,0,0
2023-04-11,-0.6,4.917719362889961,4.62,19.100000381469727,127.41999816894531,21.010000228881836,-1.9099998474121094,2.36,22.0,HIGH,NEUTRAL,둔화_주의,2,1.45,1,-0.095,0,0.0,0,1,3.74,🟡 흐림,위험자산 10~20% 축소,3.43,0.0,0.31,2,2,2,0,0,0,0,1,0,0
2023-04-12,-0.54,4.917719362889961,4.62,19.09000015258789,130.0,21.049999237060547,-1.9599990844726562,2.29,22.0,NEUTRAL,NEUTRAL,둔화_주의,2,1.45,1,-0.095,0,0.0,0,1,4.32,🟡 흐림,위험자산 10~20% 축소,3.43,0.58,0.31,2,2,2,0,1,0,0,1,0,0
2023-04-13,-0.51,4.917719362889961,4.62,17.799999237060547,132.36000061035156,20.260000228881836,-2.460000991821289,2.29,22.0,NEUTRAL,NEUTRAL,둔화_주의,2,1.45,1,-0.095,0,0.0,0,1,4.32,🟡 흐림,위험자산 10~20% 축소,3.43,0.58,0.31,2,2,2,0,1,0,0,1,0,0
2023-04-14,-0.56,4.917719362889961,4.62,17.06999969482422,134.64999389648438,20.030000686645508,-2.960000991821289,2.31,22.0,HIGH,NEUTRAL,둔화_주의,2,1.45,1,-0.4843,0,0.0,0,1,4.32,🟡 흐림,위험자산 10~20% 축소,3.43,0.58,0.31,2,2,2,0,1,0,0,1,0,0
2023-04-17,-0.58,4.917719362889961,4.62,16.950000762939453,135.0399932861328,19.649999618530273,-2.6999988555908203,2.35,22.3,HIGH,NEUTRAL,둔화_주의,2,1.45,1,-0.4843,0,0.0,0,1,4.32,🟡 흐림,위험자산 10~20% 축소,3.43,0.58,0.31,2,2,2,0,1,0,0,1,0,0
2023-04-18,-0.61,4.917719362889961,4.62,16.829999923706055,137.1199951171875,19.81999969482422,-2.989999771118164,2.33,22.3,HIGH,NEUTRAL,둔화_주의,2,1.45,1,-0.4843,0,0.0,0,1,4.32,🟡 흐림,위험자산 10~20% 축소,3.43,0.58,0.31,2,2,2,0,1,0,0,1,0,0
2023-04-19,-0.64,4.917719362889961,4.62,16.459999084472656,137.1199951171875,20.020000457763672,-3.5600013732910156,2.33,22.3,HIGH,NEUTRAL,둔화_주의,2,1.45,1,-0.4843,0,0.0,0,1,4.32,🟡 흐림,위험자산 10~20% 축소,3.43,0.58,0.31,2,2,2,0,1,0,0,1,0,0
2023-04-20,-0.6,4.917719362889961,4.62,17.170000076293945,133.49000549316406,20.549999237060547,-3.3799991607666016,2.28,22.3,NEUTRAL,NEUTRAL,둔화_주의,2,1.45,1,-0.4843,0,0.0,0,1,4.32,🟡 흐림,위험자산 10~20% 축소,3.43,0.58,0.31,2,2,2,0,1,0,0,1,0,0
2023-04-21,-0.6,4.917719362889961,4.62,16.770000457763672,132.94000244140625,20.389999389648438,-3.6199989318847656,2.3,22.3,NEUTRAL,NEUTRAL,둔화_주의,2,1.45,1,-0.6583,0,0.0,0,1,4.32,🟡 흐림,위험자산 10~20% 축소,3.43,0.58,0.31,2,2,2,0,1,0,0,1,0,0
2023-04-24,-0.6,4.917719362889961,4.62,16.889999389648438,132.39999389648438,20.399999618530273,-3.510000228881836,2.33,20.9,HIGH,LOW,과열,1,1.45,1,-0.6583,0,0.0,0,1,3.75,🟡 흐림,위험자산 10~20% 축소,2.86,0.58,0.31,2,2,1,0,1,0,0,1,0,0
2023-04-25,-0.46,4.917719362889961,4.62,18.760000228881836,130.2899932861328,21.649999618530273,-2.8899993896484375,2.26,20.9,NEUTRAL,LOW,골디락스,-1,1.45,1,-0.6583,0,0.0,0,1,2.11,🟢 맑음,기본 비중 유지,1.71,0.58,0.31,1,2,0,0,1,0,0,1,0,0
2023-04-26,-0.47,4.917719362889961,4.62,18.84000015258789,130.5,21.540000915527344,-2.700000762939453,2.26,20.9,NEUTRAL,LOW,골디락스,-1,1.45,1,-0.6583,0,0.0,0,1,2.11,🟢 맑음,기본 비중 유지,1.71,0.58,0.31,1,2,0,0,1,0,0,1,0,0
2023-04-27,-0.54,4.917719362889961,4.62,17.030000686645508,136.60000610351562,20.3700008392334,-3.3400001525878906,2.29,20.9,NEUTRAL,LOW,골디락스,-1,1.45,1,-0.6583,0,0.0,0,1,2.68,🟢 맑음,기본 비중 유지,2.29,0.58,0.31,2,2,0,0,1,0,0,1,0,0
2023-04-28,-0.6,4.917719362889961,4.62,15.779999732971191,138.44000244140625,19.540000915527344,-3.7600011825561523,2.2,20.9,NEUTRAL,LOW,골디락스,-1,1.45,1,-0.2917,0,0.0,0,1,2.68,🟢 맑음,기본 비중 유지,2.29,0.58,0.31,2,2,0,0,1,0,0,1,0,0
2023-05-01,-0.55,4.131851231385042,4.62,16.079999923706055,135.66000366210938,19.670000076293945,-3.5900001525878906,2.24,21.3,NEUTRAL,LOW,골디락스,-1,1.45,1,-0.2917,0,0.03,0,1,2.68,🟢 맑음,기본 비중 유지,2.29,0.58,0.31,2,2,0,0,1,0,0,1,0,0
2023-05-02,-0.53,4.131851231385042,4.62,17.780000686645508,131.08999633789062,20.75,-2.969999313354492,2.18,21.3,NEUTRAL,LOW,골디락스,-1,1.45,1,-0.2917,0,0.03,0,1,2.68,🟢 맑음,기본 비중 유지,2.29,0.58,0.31,2,2,0,0,1,0,0,1,0,0
2023-05-03,-0.51,4.131851231385042,4.62,18.34000015258789,130.41000366210938,21.290000915527344,-2.950000762939453,2.19,21.3,NEUTRAL,LOW,골디락스,-1,1.45,1,-0.2917,0,0.03,0,1,2.68,🟢 맑음,기본 비중 유지,2.29,0.58,0.31,2,2,0,0,1,0,0,1,0,0
2023-05-04,-0.38,4.131851231385042,4.62,20.09000015258789,130.5399932861328,22.770000457763672,-2.6800003051757812,2.13,21.3,NEUTRAL,LOW,골디락스,-1,1.45,1,-0.2917,0,0.03,0,1,2.69,🟢 맑음,기본 비중 유지,1.71,1.17,0.31,1,2,0,1,1,0,0,1,0,0
2023-05-05,-0.48,4.131851231385042,4.62,17.190000534057617,134.32000732421875,20.780000686645508,-3.5900001525878906,2.19,21.3,NEUTRAL,LOW,골디락스,-1,1.45,1,-0.3311,0,0.03,0,1,2.11,🟢 맑음,기본 비중 유지,1.71,0.58,0.31,1,2,0,0,1,0,0,1,0,0
2023-05-08,-0.48,4.131851231385042,4.62,16.979999542236328,132.32000732421875,20.709999084472656,-3.729999542236328,2.22,22.3,NEUTRAL,NEUTRAL,둔화_주의,2,1.45,1,-0.3311,0,0.03,0,1,3.75,🟡 흐림,위험자산 10~20% 축소,2.86,0.58,0.31,1,2,2,0,1,0,0,1,0,0
2023-05-09,-0.48,4.131851231385042,4.62,17.709999084472656,133.8800048828125,21.170000076293945,-3.460000991821289,2.22,22.3,NEUTRAL,NEUTRAL,둔화_주의,2,1.45,1,-0.3311,0,0.03,0,1,3.75,🟡 흐림,위험자산 10~20% 축소,2.86,0.58,0.31,1,2,2,0,1,0,0,1,0,0
2023-05-10,-0.47,4.131851231385042,4.62,16.940000534057617,138.6300048828125,20.690000534057617,-3.75,2.13,22.3,NEUTRAL,NEUTRAL,둔화_주의,2,1.45,1,-0.3311,0,0.03,0,1,3.75,🟡 흐림,위험자산 10~20% 축소,2.86,0.58,0.31,1,2,2,0,1,0,0,1,0,0
2023-05-11,-0.5,4.131851231385042,4.62,16.93000030517578,138.6300048828125,20.6200008392334,-3.690000534057617,2.1,22.3,NEUTRAL,NEUTRAL,둔화_주의,2,1.45,1,-0.3311,0,0.03,0,1,3.75,🟡 흐림,위험자산 10~20% 축소,2.86,0.58,0.31,1,2,2,0,1,0,0,1,0,0
2023-05-12,-0.52,4.131851231385042,4.62,17.030000686645508,140.25999450683594,20.65999984741211,-3.6299991607666016,2.11,22.3,NEUTRAL,NEUTRAL,둔화_주의,2,1.45,1,-0.5114,0,0.03,0,1,4.91,🟡 흐림,위험자산 10~20% 축소,3.43,1.17,0.31,2,2,2,0,2,0,0,1,0,0
2023-05-15,-0.49,4.131851231385042,4.62,17.1200008392334,138.57000732421875,20.309999465942383,-3.1899986267089844,2.12,22.5,NEUTRAL,NEUTRAL,둔화_주의,2,1.45,1,-0.5114,0,0.03,0,1,3.75,🟡 흐림,위험자산 10~20% 축소,2.86,0.58,0.31,1,2,2,0,1,0,0,1,0,0
2023-05-16,-0.52,4.131851231385042,4.62,17.989999771118164,137.32000732421875,20.899999618530273,-2.9099998474121094,2.11,22.5,NEUTRAL,NEUTRAL,둔화_주의,2,1.45,1,-0.5114,0,0.03,0,1,4.32,🟡 흐림,위험자산 10~20% 축소,3.43,0.58,0.31,2,2,2,0,1,0,0,1,0,0
2023-05-17,-0.55,4.131851231385042,4.62,16.8700008392334,137.52999877929688,20.049999237060547,-3.1799983978271484,2.16,22.5,NEUTRAL,NEUTRAL,둔화_주의,2,1.45,1,-0.5114,0,0.03,0,1,4.32,🟡 흐림,위험자산 10~20% 축소,3.43,0.58,0.31,2,2,2,0,1,0,0,1,0,0
2023-05-18,-0.59,4.131851231385042,4.62,16.049999237060547,138.05999755859375,19.329999923706055,-3.280000686645508,2.16,22.5,NEUTRAL,NEUTRAL,둔화_주의,2,1.45,1,-0.5114,0,0.03,0,1,4.32,🟡 흐림,위험자산 10~20% 축소,3.43,0.58,0.31,2,2,2,0,1,0,0,1,0,0
2023-05-19,-0.58,4.131851231385042,4.62,16.809999465942383,135.52000427246094,20.040000915527344,-3.230001449584961,2.19,22.5,NEUTRAL,NEUTRAL,둔화_주의,2,1.45,1,-0.4448,0,0.03,0,1,4.32,🟡 흐림,위험자산 10~20% 축소,3.43,0.58,0.31,2,2,2,0,1,0,0,1,0,0
2023-05-22,-0.57,4.131851231385042,4.54,17.209999084472656,136.24000549316406,20.360000610351562,-3.1500015258789062,2.18,22.7,NEUTRAL,NEUTRAL,둔화_주의,2,1.44,1,-0.4448,0,0.03,0,1,4.32,🟡 흐림,위험자산 10~20% 축소,3.43,0.58,0.31,2,2,2,0,1,0,0,1,0,0
2023-05-23,-0.56,4.131851231385042,4.6,18.530000686645508,136.4199981689453,21.059999465942383,-2.529998779296875,2.21,22.7,NEUTRAL,NEUTRAL,둔화_주의,2,1.44,1,-0.4448,0,0.03,0,1,4.32,🟡 흐림,위험자산 10~20% 축소,3.43,0.58,0.31,2,2,2,0,1,0,0,1,0,0
2023-05-24,-0.58,4.131851231385042,4.68,20.030000686645508,138.3699951171875,22.020000457763672,-1.989999771118164,2.14,22.7,NEUTRAL,NEUTRAL,둔화_주의,2,1.44,1,-0.4448,0,0.03,0,1,4.91,🟡 흐림,위험자산 10~20% 축소,3.43,1.17,0.31,2,2,2,1,1,0,0,1,0,0
2023-05-25,-0.67,4.131851231385042,4.58,19.139999389648438,140.72999572753906,21.3799991607666,-2.239999771118164,2.12,22.7,NEUTRAL,NEUTRAL,둔화_주의,2,1.42,1,-0.4448,0,0.03,0,1,4.91,🟡 흐림,위험자산 10~20% 축소,3.43,1.17,0.31,2,2,2,0,2,0,0,1,0,0
2023-05-26,-0.74,4.131851231385042,4.53,17.950000762939453,140.72999572753906,20.440000534057617,-2.489999771118164,2.13,22.7,NEUTRAL,NEUTRAL,둔화_주의,2,1.41,1,-0.3224,0,0.03,0,1,4.91,🟡 흐림,위험자산 10~20% 축소,3.43,1.17,0.31,2,2,2,0,2,0,0,1,0,0
2023-05-29,-0.74,4.131851231385042,4.54,17.950000762939453,140.72999572753906,20.440000534057617,-2.489999771118164,2.13,22.9,NEUTRAL,NEUTRAL,둔화_주의,2,1.41,1,-0.3224,0,0.03,0,1,4.91,🟡 흐림,위험자산 10~20% 축소,3.43,1.17,0.31,2,2,2,0,2,0,0,1,0,0
2023-05-30,-0.77,4.131851231385042,4.58,17.459999084472656,145.13999938964844,20.1299991607666,-2.6700000762939453,2.12,22.9,NEUTRAL,NEUTRAL,둔화_주의,2,1.4,1,-0.3224,0,0.03,0,1,4.91,🟡 흐림,위험자산 10~20% 축소,3.43,1.17,0.31,2,2,2,0,2,0,0,1,0,0
2023-05-31,-0.76,4.131851231385042,4.69,17.940000534057617,158.3000030517578,20.209999084472656,-2.269998550415039,2.07,22.9,NEUTRAL,NEUTRAL,둔화_주의,2,1.42,1,-0.3224,0,0.03,0,1,4.91,🟡 흐림,위험자산 10~20% 축소,3.43,1.17,0.31,2,2,2,0,2,0,0,1,0,0
2023-06-01,-0.72,3.070617072997095,4.65,15.649999618530273,151.97999572753906,18.75,-3.1000003814697266,2.07,22.9,NEUTRAL,NEUTRAL,둔화_주의,2,1.42,1,-0.3224,0,0.07,0,1,4.34,🟡 흐림,위험자산 10~20% 축소,2.86,1.17,0.31,2,1,2,0,2,0,0,1,0,0
2023-06-02,-0.81,3.070617072997095,4.37,14.600000381469727,142.61000061035156,17.920000076293945,-3.3199996948242188,2.13,22.9,NEUTRAL,NEUTRAL,둔화_주의,2,1.39,1,-0.4709,0,0.07,0,1,4.34,🟡 흐림,위험자산 10~20% 축소,2.86,1.17,0.31,2,1,2,0,2,0,0,1,0,0
2023-06-05,-0.77,3.070617072997095,4.39,14.729999542236328,143.17999267578125,17.899999618530273,-3.1700000762939453,2.15,25.2,NEUTRAL,HIGH,둔화_주의,2,1.39,1,-0.4709,0,0.07,0,1,4.34,🟡 흐림,위험자산 10~20% 축소,2.86,1.17,0.31,2,1,2,0,2,0,0,1,0,0
2023-06-06,-0.81,3.070617072997095,4.39,13.960000038146973,146.27000427246094,17.040000915527344,-3.080000877380371,2.14,25.2,NEUTRAL,HIGH,둔화_주의,2,1.39,1,-0.4709,0,0.07,0,1,4.34,🟡 흐림,위험자산 10~20% 축소,2.86,1.17,0.31,2,1,2,0,2,0,0,1,0,0
2023-06-07,-0.77,3.070617072997095,4.33,13.9399995803833,151.00999450683594,17.139999389648438,-3.1999998092651367,2.15,25.2,NEUTRAL,HIGH,둔화_주의,2,1.39,1,-0.4709,0,0.07,0,1,4.34,🟡 흐림,위험자산 10~20% 축소,2.86,1.17,0.31,2,1,2,0,2,0,0,1,0,0
2023-06-08,-0.79,3.070617072997095,4.39,13.649999618530273,155.52999877929688,16.860000610351562,-3.210000991821289,2.14,25.2,NEUTRAL,HIGH,둔화_주의,2,1.4,1,-0.4709,0,0.07,0,1,4.34,🟡 흐림,위험자산 10~20% 축소,2.86,1.17,0.31,2,1,2,0,2,0,0,1,0,0
2023-06-09,-0.84,3.070617072997095,4.29,13.829999923706055,152.77999877929688,16.959999084472656,-3.1299991607666016,2.13,25.2,NEUTRAL,HIGH,둔화_주의,2,1.4,1,-0.6974,0,0.07,0,1,4.34,🟡 흐림,위험자산 10~20% 축소,2.86,1.17,0.31,2,1,2,0,2,0,0,1,0,0
2023-06-12,-0.82,3.070617072997095,4.34,15.010000228881836,157.7100067138672,17.280000686645508,-2.270000457763672,2.09,25.6,NEUTRAL,HIGH,둔화_주의,2,1.41,1,-0.6974,0,0.07,0,1,4.34,🟡 흐림,위험자산 10~20% 축소,2.86,1.17,0.31,2,1,2,0,2,0,0,1,0,0
2023-06-13,-0.83,3.070617072997095,4.18,14.609999656677246,156.44000244140625,17.229999542236328,-2.619999885559082,2.12,25.6,NEUTRAL,HIGH,둔화_주의,2,1.39,1,-0.6974,0,0.07,0,1,4.34,🟡 흐림,위험자산 10~20% 축소,2.86,1.17,0.31,2,1,2,0,2,0,0,1,0,0
2023-06-14,-0.91,3.070617072997095,4.18,13.880000114440918,150.3699951171875,16.860000610351562,-2.9800004959106445,2.15,25.6,NEUTRAL,HIGH,둔화_주의,2,1.38,1,-0.6974,0,0.07,0,1,4.34,🟡 흐림,위험자산 10~20% 축소,2.86,1.17,0.31,2,1,2,0,2,0,0,1,0,0
2023-06-15,-0.9,3.070617072997095,4.21,14.5,147.86000061035156,17.18000030517578,-2.6800003051757812,2.16,25.6,NEUTRAL,HIGH,둔화_주의,2,1.37,1,-0.6974,0,0.07,0,1,4.34,🟡 흐림,위험자산 10~20% 축소,2.86,1.17,0.31,2,1,2,0,2,0,0,1,0,0
2023-06-16,-0.93,3.070617072997095,4.15,13.539999961853027,143.07000732421875,16.75,-3.2100000381469727,2.17,25.6,NEUTRAL,HIGH,둔화_주의,2,1.35,1,-0.6117,0,0.07,0,1,4.34,🟡 흐림,위험자산 10~20% 축소,2.86,1.17,0.31,2,1,2,0,2,0,0,1,0,0
2023-06-19,-0.93,3.070617072997095,4.15,13.539999961853027,143.07000732421875,16.75,-3.2100000381469727,2.17,25.9,NEUTRAL,HIGH,둔화_주의,2,1.35,1,-0.6117,0,0.07,0,1,4.34,🟡 흐림,위험자산 10~20% 축소,2.86,1.17,0.31,2,1,2,0,2,0,0,1,0,0
2023-06-20,-0.94,3.070617072997095,4.22,13.880000114440918,138.75,17.299999237060547,-3.419999122619629,2.14,25.9,NEUTRAL,HIGH,둔화_주의,2,1.35,1,-0.6117,0,0.07,0,1,3.75,🟡 흐림,위험자산 10~20% 축소,2.86,0.58,0.31,2,1,2,0,1,0,0,1,0,0
2023-06-21,-0.96,3.070617072997095,4.32,13.199999809265137,133.72000122070312,16.889999389648438,-3.689999580383301,2.15,25.9,NEUTRAL,HIGH,둔화_주의,2,1.35,1,-0.6117,0,0.07,0,1,3.75,🟡 흐림,위험자산 10~20% 축소,2.86,0.58,0.31,2,1,2,0,1,0,0,1,0,0
2023-06-22,-0.97,3.070617072997095,4.3,12.90999984741211,136.14999389648438,16.559999465942383,-3.6499996185302734,2.18,25.9,NEUTRAL,HIGH,둔화_주의,2,1.34,1,-0.6117,0,0.07,0,1,3.75,🟡 흐림,위험자산 10~20% 축소,2.86,0.58,0.31,2,1,2,0,1,0,0,1,0,0
2023-06-23,-0.97,3.070617072997095,4.4,13.4399995803833,137.85000610351562,16.8700008392334,-3.4300012588500977,2.16,25.9,NEUTRAL,HIGH,둔화_주의,2,1.35,1,-0.5882,0,0.07,0,1,3.75,🟡 흐림,위험자산 10~20% 축소,2.86,0.58,0.31,2,1,2,0,1,0,0,1,0,0
2023-06-26,-0.93,3.070617072997095,4.45,14.25,140.08999633789062,17.049999237060547,-2.799999237060547,2.13,23.6,NEUTRAL,NEUTRAL,둔화_주의,2,1.36,1,-0.5882,0,0.07,0,1,4.34,🟡 흐림,위험자산 10~20% 축소,2.86,1.17,0.31,2,1,2,0,2,0,0,1,0,0
2023-06-27,-0.97,3.070617072997095,4.3,13.739999771118164,140.08999633789062,16.440000534057617,-2.700000762939453,2.12,23.6,NEUTRAL,NEUTRAL,둔화_주의,2,1.34,1,-0.5882,0,0.07,0,1,4.34,🟡 흐림,위험자산 10~20% 축소,2.86,1.17,0.31,2,1,2,0,2,0,0,1,0,0
2023-06-28,-1.0,3.070617072997095,4.27,13.430000305175781,138.3699951171875,15.899999618530273,-2.469999313354492,2.12,23.6,NEUTRAL,NEUTRAL,둔화_주의,2,1.34,1,-0.5882,0,0.07,0,1,3.75,🟡 흐림,위험자산 10~20% 축소,2.86,0.58,0.31,2,1,2,0,1,0,0,1,0,0
2023-06-29,-1.02,3.070617072997095,4.14,13.539999961853027,143.0500030517578,16.100000381469727,-2.560000419616699,2.15,23.6,NEUTRAL,NEUTRAL,둔화_주의,2,1.31,1,-0.5882,0,0.07,0,1,4.34,🟡 흐림,위험자산 10~20% 축소,2.86,1.17,0.31,2,1,2,0,2,0,0,1,0,0
2023-06-30,-1.06,3.070617072997095,4.05,13.59000015258789,149.9600067138672,16.020000457763672,-2.4300003051757812,2.18,23.6,NEUTRAL,NEUTRAL,둔화_주의,2,1.3,1,-0.6966,0,0.07,0,1,4.34,🟡 흐림,위험자산 10~20% 축소,2.86,1.17,0.31,2,1,2,0,2,0,0,1,0,0
2023-07-03,-1.08,3.070617072997095,3.99,13.569999694824219,149.9600067138672,16.06999969482422,-2.5,2.21,24.8,NEUTRAL,NEUTRAL,둔화_주의,2,1.29,1,-0.6966,0,0.1,0,1,4.34,🟡 흐림,위험자산 10~20% 축소,2.86,1.17,0.31,2,1,2,0,2,0,0,1,0,0
2023-07-04,-1.08,3.070617072997095,3.99,13.569999694824219,149.9600067138672,16.06999969482422,-2.5,2.21,24.8,NEUTRAL,NEUTRAL,둔화_주의,2,1.29,1,-0.6966,0,0.1,0,1,4.34,🟡 흐림,위험자산 10~20% 축소,2.86,1.17,0.31,2,1,2,0,2,0,0,1,0,0
2023-07-05,-0.99,3.070617072997095,4.01,14.180000305175781,144.0800018310547,16.510000228881836,-2.3299999237060547,2.2,24.8,NEUTRAL,NEUTRAL,둔화_주의,2,1.28,1,-0.6966,0,0.1,0,1,4.34,🟡 흐림,위험자산 10~20% 축소,2.86,1.17,0.31,2,1,2,0,2,0,0,1,0,0
2023-07-06,-0.94,3.070617072997095,4.1,15.4399995803833,148.4499969482422,17.520000457763672,-2.080000877380371,2.22,24.8,NEUTRAL,NEUTRAL,둔화_주의,2,1.29,1,-0.6966,0,0.1,0,1,4.34,🟡 흐림,위험자산 10~20% 축소,2.86,1.17,0.31,2,1,2,0,2,0,0,1,0,0
2023-07-07,-0.88,3.070617072997095,4.08,14.829999923706055,148.1300048828125,17.239999771118164,-2.4099998474121094,2.22,24.8,NEUTRAL,NEUTRAL,둔화_주의,2,1.28,1,-0.7498,0,0.1,0,1,4.34,🟡 흐림,위험자산 10~20% 축소,2.86,1.17,0.31,2,1,2,0,2,0,0,1,0,0
2023-07-10,-0.84,3.070617072997095,4.13,15.069999694824219,142.49000549316406,17.25,-2.1800003051757812,2.19,23.0,NEUTRAL,NEUTRAL,둔화_주의,2,1.29,1,-0.7498,0,0.1,0,1,4.34,🟡 흐림,위험자산 10~20% 축소,2.86,1.17,0.31,2,1,2,0,2,0,0,1,0,0
2023-07-11,-0.89,3.070617072997095,4.05,14.84000015258789,142.49000549316406,16.969999313354492,-2.1299991607666016,2.16,23.0,NEUTRAL,NEUTRAL,둔화_주의,2,1.28,1,-0.7498,0,0.1,0,1,4.34,🟡 흐림,위험자산 10~20% 축소,2.86,1.17,0.31,2,1,2,0,2,0,0,1,0,0
2023-07-12,-0.86,3.070617072997095,3.95,13.539999961853027,148.32000732421875,16.110000610351562,-2.570000648498535,2.18,23.0,NEUTRAL,NEUTRAL,둔화_주의,2,1.27,1,-0.7498,0,0.1,0,1,4.34,🟡 흐림,위험자산 10~20% 축소,2.86,1.17,0.31,2,1,2,0,2,0,0,1,0,0
2023-07-13,-0.83,3.070617072997095,3.97,13.609999656677246,147.0800018310547,16.1200008392334,-2.5100011825561523,2.16,23.0,NEUTRAL,NEUTRAL,둔화_주의,2,1.27,1,-0.7498,0,0.1,0,1,4.34,🟡 흐림,위험자산 10~20% 축소,2.86,1.17,0.31,2,1,2,0,2,0,0,1,0,0
2023-07-14,-0.91,3.070617072997095,3.9,13.34000015258789,149.47999572753906,16.040000915527344,-2.700000762939453,2.15,23.0,NEUTRAL,NEUTRAL,둔화_주의,2,1.28,1,-0.6935,0,0.1,0,1,4.34,🟡 흐림,위험자산 10~20% 축소,2.86,1.17,0.31,2,1,2,0,2,0,0,1,0,0
2023-07-17,-0.93,3.070617072997095,3.97,13.479999542236328,142.24000549316406,16.270000457763672,-2.7900009155273438,2.16,22.9,NEUTRAL,NEUTRAL,둔화_주의,2,1.29,1,-0.6935,0,0.1,0,1,4.34,🟡 흐림,위험자산 10~20% 축소,2.86,1.17,0.31,2,1,2,0,2,0,0,1,0,0
2023-07-18,-0.94,3.070617072997095,3.9,13.300000190734863,141.86000061035156,16.1299991607666,-2.8299989700317383,2.13,22.9,NEUTRAL,NEUTRAL,둔화_주의,2,1.28,1,-0.6935,0,0.1,0,1,4.34,🟡 흐림,위험자산 10~20% 축소,2.86,1.17,0.31,2,1,2,0,2,0,0,1,0,0
2023-07-19,-0.99,3.070617072997095,3.89,13.760000228881836,141.25,16.559999465942383,-2.799999237060547,2.13,22.9,NEUTRAL,NEUTRAL,둔화_주의,2,1.28,1,-0.6935,0,0.1,0,1,4.34,🟡 흐림,위험자산 10~20% 축소,2.86,1.17,0.31,2,1,2,0,2,0,0,1,0,0
2023-07-20,-0.95,3.070617072997095,3.9,13.989999771118164,142.82000732421875,16.65999984741211,-2.6700000762939453,2.21,22.9,NEUTRAL,NEUTRAL,둔화_주의,2,1.27,1,-0.6935,0,0.1,0,1,4.34,🟡 흐림,위험자산 10~20% 축소,2.86,1.17,0.31,2,1,2,0,2,0,0,1,0,0
2023-07-21,-0.98,3.070617072997095,3.89,13.600000381469727,142.5500030517578,16.399999618530273,-2.799999237060547,2.23,22.9,NEUTRAL,NEUTRAL,둔화_주의,2,1.26,1,-0.7373,0,0.1,0,1,4.34,🟡 흐림,위험자산 10~20% 축소,2.86,1.17,0.31,2,1,2,0,2,0,0,1,0,0
2023-07-24,-0.95,3.070617072997095,3.82,13.90999984741211,143.75,16.260000228881836,-2.3500003814697266,2.28,23.1,NEUTRAL,NEUTRAL,둔화_주의,2,1.25,1,-0.7373,0,0.1,0,1,4.34,🟡 흐림,위험자산 10~20% 축소,2.86,1.17,0.31,2,1,2,0,2,0,0,1,0,0
2023-07-25,-0.94,3.070617072997095,3.84,13.859999656677246,142.17999267578125,16.219999313354492,-2.359999656677246,2.26,23.1,NEUTRAL,NEUTRAL,둔화_주의,2,1.24,1,-0.7373,0,0.1,0,1,4.34,🟡 흐림,위험자산 10~20% 축소,2.86,1.17,0.31,2,1,2,0,2,0,0,1,0,0
2023-07-26,-0.96,3.070617072997095,3.91,13.1899995803833,143.5800018310547,15.789999961853027,-2.6000003814697266,2.24,23.1,NEUTRAL,NEUTRAL,둔화_주의,2,1.23,1,-0.7373,0,0.1,0,1,4.34,🟡 흐림,위험자산 10~20% 축소,2.86,1.17,0.31,2,1,2,0,2,0,0,1,0,0
2023-07-27,-0.9,3.070617072997095,3.78,14.40999984741211,147.92999267578125,16.6299991607666,-2.219999313354492,2.27,23.1,NEUTRAL,NEUTRAL,둔화_주의,2,1.2,1,-0.7373,0,0.1,0,1,4.34,🟡 흐림,위험자산 10~20% 축소,2.86,1.17,0.31,2,1,2,0,2,0,0,1,0,0
2023-07-28,-0.91,3.070617072997095,3.82,13.329999923706055,143.47999572753906,15.920000076293945,-2.5900001525878906,2.28,23.1,NEUTRAL,NEUTRAL,둔화_주의,2,1.19,1,-0.7592,0,0.1,0,1,4.34,🟡 흐림,위험자산 10~20% 축소,2.86,1.17,0.31,2,1,2,0,2,0,0,1,0,0
2023-07-31,-0.91,3.070617072997095,3.79,13.630000114440918,145.47000122070312,16.010000228881836,-2.380000114440918,2.27,23.8,NEUTRAL,NEUTRAL,둔화_주의,2,1.19,1,-0.7592,0,0.1,0,1,4.34,🟡 흐림,위험자산 10~20% 축소,2.86,1.17,0.31,2,1,2,0,2,0,0,1,0,0
2023-08-01,-0.87,3.722504803505289,3.82,13.930000305175781,142.57000732421875,16.34000015258789,-2.4099998474121094,2.26,23.8,NEUTRAL,NEUTRAL,둔화_주의,2,1.19,1,-0.7592,0,0.13,0,1,4.34,🟡 흐림,위험자산 10~20% 축소,2.86,1.17,0.31,2,1,2,0,2,0,0,1,0,0
2023-08-02,-0.8,3.722504803505289,3.96,16.09000015258789,145.75,17.959999084472656,-1.8699989318847656,2.25,23.8,NEUTRAL,NEUTRAL,둔화_주의,2,1.21,1,-0.7592,0,0.13,0,1,4.34,🟡 흐림,위험자산 10~20% 축소,2.86,1.17,0.31,2,1,2,0,2,0,0,1,0,0
2023-08-03,-0.7,3.722504803505289,3.98,15.920000076293945,147.3800048828125,17.719999313354492,-1.7999992370605469,2.24,23.8,NEUTRAL,NEUTRAL,둔화_주의,2,1.22,1,-0.7592,0,0.13,0,1,4.34,🟡 흐림,위험자산 10~20% 축소,2.86,1.17,0.31,2,1,2,0,2,0,0,1,0,0
2023-08-04,-0.73,3.722504803505289,4.01,17.100000381469727,153.35000610351562,18.610000610351562,-1.510000228881836,2.26,23.8,NEUTRAL,NEUTRAL,둔화_주의,2,1.22,1,-0.7171,0,0.13,0,1,4.34,🟡 흐림,위험자산 10~20% 축소,2.86,1.17,0.31,2,1,2,0,2,0,0,1,0,0
2023-08-07,-0.67,3.722504803505289,3.97,15.770000457763672,148.5399932861328,17.719999313354492,-1.9499988555908203,2.29,25.8,NEUTRAL,HIGH,둔화_주의,2,1.22,1,-0.7171,0,0.13,0,1,4.34,🟡 흐림,위험자산 10~20% 축소,2.86,1.17,0.31,2,1,2,0,2,0,0,1,0,0
2023-08-08,-0.72,3.722504803505289,4.0,15.989999771118164,142.3000030517578,18.1299991607666,-2.1399993896484375,2.24,25.8,NEUTRAL,HIGH,둔화_주의,2,1.23,1,-0.7171,0,0.13,0,1,4.34,🟡 흐림,위험자산 10~20% 축소,2.86,1.17,0.31,2,1,2,0,2,0,0,1,0,0
2023-08-09,-0.79,3.722504803505289,3.94,15.960000038146973,137.1199951171875,18.049999237060547,-2.089999198913574,2.23,25.8,NEUTRAL,HIGH,둔화_주의,2,1.23,1,-0.7171,0,0.13,0,1,3.75,🟡 흐림,위험자산 10~20% 축소,2.86,0.58,0.31,2,1,2,0,1,0,0,1,0,0
2023-08-10,-0.73,3.722504803505289,3.83,15.850000381469727,136.5800018310547,18.15999984741211,-2.309999465942383,2.25,25.8,NEUTRAL,HIGH,둔화_주의,2,1.22,1,-0.7171,0,0.13,0,1,3.75,🟡 흐림,위험자산 10~20% 축소,2.86,0.58,0.31,2,1,2,0,1,0,0,1,0,0
2023-08-11,-0.73,3.722504803505289,3.83,14.84000015258789,135.16000366210938,17.559999465942383,-2.719999313354492,2.3,25.8,NEUTRAL,HIGH,둔화_주의,2,1.22,1,-0.6589,0,0.13,0,1,3.75,🟡 흐림,위험자산 10~20% 축소,2.86,0.58,0.31,2,1,2,0,1,0,0,1,0,0
2023-08-14,-0.77,3.722504803505289,3.79,14.819999694824219,136.89999389648438,17.40999984741211,-2.5900001525878906,2.29,24.8,NEUTRAL,NEUTRAL,둔화_주의,2,1.22,1,-0.6589,0,0.13,0,1,3.75,🟡 흐림,위험자산 10~20% 축소,2.86,0.58,0.31,2,1,2,0,1,0,0,1,0,0
2023-08-15,-0.71,3.722504803505289,3.85,16.459999084472656,136.69000244140625,18.59000015258789,-2.1300010681152344,2.24,24.8,NEUTRAL,NEUTRAL,둔화_주의,2,1.23,1,-0.6589,0,0.13,0,1,3.75,🟡 흐림,위험자산 10~20% 축소,2.86,0.58,0.31,2,1,2,0,1,0,0,1,0,0
2023-08-16,-0.69,3.722504803505289,3.81,16.780000686645508,132.08999633789062,18.969999313354492,-2.1899986267089844,2.23,24.8,NEUTRAL,NEUTRAL,둔화_주의,2,1.25,1,-0.6589,0,0.13,0,1,3.75,🟡 흐림,위험자산 10~20% 축소,2.86,0.58,0.31,2,1,2,0,1,0,0,1,0,0
2023-08-17,-0.64,3.722504803505289,3.95,17.889999389648438,132.50999450683594,19.829999923706055,-1.9400005340576172,2.24,24.8,NEUTRAL,NEUTRAL,둔화_주의,2,1.26,1,-0.6589,0,0.13,0,1,3.75,🟡 흐림,위험자산 10~20% 축소,2.86,0.58,0.31,2,1,2,0,1,0,0,1,0,0
2023-08-18,-0.66,3.722504803505289,4.02,17.299999237060547,134.77000427246094,19.239999771118164,-1.9400005340576172,2.22,24.8,NEUTRAL,NEUTRAL,둔화_주의,2,1.27,1,-0.6206,0,0.13,0,1,3.75,🟡 흐림,위험자산 10~20% 축소,2.86,0.58,0.31,2,1,2,0,1,0,0,1,0,0
2023-08-21,-0.63,3.722504803505289,3.97,17.1299991607666,133.58999633789062,18.770000457763672,-1.6400012969970703,2.25,24.0,NEUTRAL,NEUTRAL,둔화_주의,2,1.26,1,-0.6206,0,0.13,0,1,3.75,🟡 흐림,위험자산 10~20% 축소,2.86,0.58,0.31,2,1,2,0,1,0,0,1,0,0
2023-08-22,-0.68,3.722504803505289,3.93,16.969999313354492,134.05999755859375,18.719999313354492,-1.75,2.27,24.0,NEUTRAL,NEUTRAL,둔화_주의,2,1.25,1,-0.6206,0,0.13,0,1,3.75,🟡 흐림,위험자산 10~20% 축소,2.86,0.58,0.31,2,1,2,0,1,0,0,1,0,0
2023-08-23,-0.76,3.722504803505289,3.92,15.979999542236328,131.82000732421875,17.940000534057617,-1.960000991821289,2.26,24.0,NEUTRAL,NEUTRAL,둔화_주의,2,1.25,1,-0.6206,0,0.13,0,1,3.75,🟡 흐림,위험자산 10~20% 축소,2.86,0.58,0.31,2,1,2,0,1,0,0,1,0,0
2023-08-24,-0.75,3.722504803505289,3.91,17.200000762939453,132.47999572753906,18.75,-1.5499992370605469,2.24,24.0,NEUTRAL,NEUTRAL,둔화_주의,2,1.23,1,-0.6206,0,0.13,0,1,3.75,🟡 흐림,위험자산 10~20% 축소,2.86,0.58,0.31,2,1,2,0,1,0,0,1,0,0
2023-08-25,-0.78,3.722504803505289,3.9,15.680000305175781,132.27000427246094,17.719999313354492,-2.039999008178711,2.25,24.0,NEUTRAL,NEUTRAL,둔화_주의,2,1.23,1,-0.6795,0,0.13,0,1,3.75,🟡 흐림,위험자산 10~20% 축소,2.86,0.58,0.31,2,1,2,0,1,0,0,1,0,0
2023-08-28,-0.78,3.722504803505289,3.86,15.079999923706055,130.19000244140625,17.1200008392334,-2.0400009155273438,2.21,23.4,NEUTRAL,NEUTRAL,둔화_주의,2,1.22,1,-0.6795,0,0.13,0,1,3.75,🟡 흐림,위험자산 10~20% 축소,2.86,0.58,0.31,2,1,2,0,1,0,0,1,0,0
2023-08-29,-0.75,3.722504803505289,3.87,14.449999809265137,135.22999572753906,16.559999465942383,-2.109999656677246,2.18,23.4,NEUTRAL,NEUTRAL,둔화_주의,2,1.22,1,-0.6795,0,0.13,0,1,3.75,🟡 흐림,위험자산 10~20% 축소,2.86,0.58,0.31,2,1,2,0,1,0,0,1,0,0
2023-08-30,-0.78,3.722504803505289,3.8,13.880000114440918,142.13999938964844,16.18000030517578,-2.3000001907348633,2.16,23.4,NEUTRAL,NEUTRAL,둔화_주의,2,1.22,1,-0.6795,0,0.13,0,1,4.34,🟡 흐림,위험자산 10~20% 축소,2.86,1.17,0.31,2,1,2,0,2,0,0,1,0,0
2023-08-31,-0.76,3.722504803505289,3.85,13.569999694824219,144.6999969482422,15.920000076293945,-2.3500003814697266,2.15,23.4,NEUTRAL,NEUTRAL,둔화_주의,2,1.22,1,-0.6795,0,0.13,0,1,4.34,🟡 흐림,위험자산 10~20% 축소,2.86,1.17,0.31,2,1,2,0,2,0,0,1,0,0
2023-09-01,-0.69,3.687206638119256,3.81,13.09000015258789,144.27999877929688,15.739999771118164,-2.6499996185302734,2.17,23.4,NEUTRAL,NEUTRAL,둔화_주의,2,1.22,1,-0.6921,0,0.2,0,1,4.34,🟡 흐림,위험자산 10~20% 축소,2.86,1.17,0.31,2,1,2,0,2,0,0,1,0,0
2023-09-04,-0.69,3.687206638119256,3.81,13.09000015258789,144.27999877929688,15.739999771118164,-2.6499996185302734,2.17,22.5,NEUTRAL,NEUTRAL,둔화_주의,2,1.22,1,-0.6921,0,0.2,0,1,4.34,🟡 흐림,위험자산 10~20% 축소,2.86,1.17,0.31,2,1,2,0,2,0,0,1,0,0
2023-09-05,-0.67,3.687206638119256,3.83,14.010000228881836,139.6199951171875,16.239999771118164,-2.229999542236328,2.21,22.5,NEUTRAL,NEUTRAL,둔화_주의,2,1.22,1,-0.6921,0,0.2,0,1,3.75,🟡 흐림,위험자산 10~20% 축소,2.86,0.58,0.31,2,1,2,0,1,0,0,1,0,0
2023-09-06,-0.71,3.687206638119256,3.86,14.449999809265137,137.8800048828125,16.610000610351562,-2.160000801086426,2.23,22.5,NEUTRAL,NEUTRAL,둔화_주의,2,1.23,1,-0.6921,0,0.2,0,1,3.75,🟡 흐림,위험자산 10~20% 축소,2.86,0.58,0.31,2,1,2,0,1,0,0,1,0,0
2023-09-07,-0.67,3.687206638119256,3.9,14.399999618530273,135.58999633789062,16.579999923706055,-2.1800003051757812,2.24,22.5,NEUTRAL,NEUTRAL,둔화_주의,2,1.23,1,-0.6921,0,0.2,0,1,3.75,🟡 흐림,위험자산 10~20% 축소,2.86,0.58,0.31,2,1,2,0,1,0,0,1,0,0
2023-09-08,-0.72,3.687206638119256,3.85,13.84000015258789,138.17999267578125,16.139999389648438,-2.299999237060547,2.26,22.5,NEUTRAL,NEUTRAL,둔화_주의,2,1.23,1,-0.7146,0,0.2,0,1,3.75,🟡 흐림,위험자산 10~20% 축소,2.86,0.58,0.31,2,1,2,0,1,0,0,1,0,0
2023-09-11,-0.68,3.687206638119256,3.82,13.800000190734863,138.2100067138672,16.020000457763672,-2.2200002670288086,2.26,22.5,NEUTRAL,NEUTRAL,둔화_주의,2,1.23,1,-0.7146,0,0.2,0,1,3.75,🟡 흐림,위험자산 10~20% 축소,2.86,0.58,0.31,2,1,2,0,1,0,0,1,0,0
2023-09-12,-0.71,3.687206638119256,3.84,14.229999542236328,136.25,16.25,-2.020000457763672,2.27,22.5,NEUTRAL,NEUTRAL,둔화_주의,2,1.23,1,-0.7146,0,0.2,0,1,3.75,🟡 흐림,위험자산 10~20% 축소,2.86,0.58,0.31,2,1,2,0,1,0,0,1,0,0
2023-09-13,-0.71,3.687206638119256,3.85,13.479999542236328,137.4199981689453,15.920000076293945,-2.440000534057617,2.28,22.5,NEUTRAL,NEUTRAL,둔화_주의,2,1.24,1,-0.7146,0,0.2,0,1,3.75,🟡 흐림,위험자산 10~20% 축소,2.86,0.58,0.31,2,1,2,0,1,0,0,1,0,0
2023-09-14,-0.71,3.687206638119256,3.78,12.819999694824219,144.32000732421875,15.34000015258789,-2.520000457763672,2.27,22.5,NEUTRAL,NEUTRAL,둔화_주의,2,1.23,1,-0.7146,0,0.2,0,1,4.34,🟡 흐림,위험자산 10~20% 축소,2.86,1.17,0.31,2,1,2,0,2,0,0,1,0,0
2023-09-15,-0.69,3.687206638119256,3.79,13.789999961853027,142.9199981689453,16.020000457763672,-2.2300004959106445,2.27,22.5,NEUTRAL,NEUTRAL,둔화_주의,2,1.22,1,-0.7123,0,0.2,0,1,4.34,🟡 흐림,위험자산 10~20% 축소,2.86,1.17,0.31,2,1,2,0,2,0,0,1,0,0
2023-09-18,-0.73,3.687206638119256,3.82,14.0,137.64999389648438,16.1299991607666,-2.1299991607666016,2.29,21.1,NEUTRAL,LOW,골디락스,-1,1.22,1,-0.7123,0,0.2,0,1,2.11,🟢 맑음,기본 비중 유지,1.71,0.58,0.31,2,1,0,0,1,0,0,1,0,0
2023-09-19,-0.71,3.687206638119256,3.82,14.109999656677246,137.30999755859375,16.1299991607666,-2.0199995040893555,2.3,21.1,NEUTRAL,LOW,골디락스,-1,1.21,1,-0.7123,0,0.2,0,1,2.11,🟢 맑음,기본 비중 유지,1.71,0.58,0.31,2,1,0,0,1,0,0,1,0,0
2023-09-20,-0.77,3.687206638119256,3.77,15.140000343322754,135.74000549316406,16.809999465942383,-1.669999122619629,2.27,21.1,NEUTRAL,LOW,골디락스,-1,1.2,1,-0.7123,0,0.2,0,1,2.11,🟢 맑음,기본 비중 유지,1.71,0.58,0.31,2,1,0,0,1,0,0,1,0,0
2023-09-21,-0.63,3.687206638119256,3.89,17.540000915527344,135.94000244140625,18.239999771118164,-0.6999988555908203,2.29,21.1,NEUTRAL,LOW,골디락스,-1,1.2,1,-0.7123,0,0.2,0,1,2.11,🟢 맑음,기본 비중 유지,1.71,0.58,0.31,2,1,0,0,1,0,0,1,0,0
2023-09-22,-0.66,3.687206638119256,3.93,17.200000762939453,137.74000549316406,18.09000015258789,-0.8899993896484375,2.29,21.1,NEUTRAL,LOW,골디락스,-1,1.2,1,-0.7178,0,0.2,0,1,2.11,🟢 맑음,기본 비중 유지,1.71,0.58,0.31,2,1,0,0,1,0,0,1,0,0
2023-09-25,-0.54,3.687206638119256,3.97,16.899999618530273,133.05999755859375,18.020000457763672,-1.1200008392333984,2.25,21.6,NEUTRAL,LOW,골디락스,-1,1.19,1,-0.7178,0,0.2,0,1,2.11,🟢 맑음,기본 비중 유지,1.71,0.58,0.31,2,1,0,0,1,0,0,1,0,0
2023-09-26,-0.48,3.687206638119256,4.04,18.940000534057617,136.3000030517578,19.719999313354492,-0.779998779296875,2.2,21.6,NEUTRAL,LOW,골디락스,-1,1.2,1,-0.7178,0,0.2,0,1,1.54,🟢 맑음,기본 비중 유지,1.14,0.58,0.31,1,1,0,0,1,0,0,1,0,0
2023-09-27,-0.49,3.687206638119256,4.03,18.219999313354492,135.3800048828125,19.110000610351562,-0.8900012969970703,2.23,21.6,NEUTRAL,LOW,골디락스,-1,1.21,1,-0.7178,0,0.2,0,1,1.54,🟢 맑음,기본 비중 유지,1.14,0.58,0.31,1,1,0,0,1,0,0,1,0,0
2023-09-28,-0.45,3.687206638119256,4.09,17.34000015258789,133.47999572753906,18.3799991607666,-1.039999008178711,2.27,21.6,NEUTRAL,LOW,골디락스,-1,1.23,1,-0.7178,0,0.2,0,1,1.54,🟢 맑음,기본 비중 유지,1.14,0.58,0.31,1,1,0,0,1,0,0,1,0,0
2023-09-29,-0.44,3.687206638119256,4.03,17.520000457763672,134.5,18.510000228881836,-0.9899997711181641,2.22,21.6,NEUTRAL,LOW,골디락스,-1,1.24,1,-0.4974,0,0.2,0,1,1.54,🟢 맑음,기본 비중 유지,1.14,0.58,0.31,1,1,0,0,1,0,0,1,0,0
2023-10-02,-0.43,3.687206638119256,4.11,17.610000610351562,134.5,18.6200008392334,-1.010000228881836,2.23,21.6,NEUTRAL,LOW,골디락스,-1,1.26,1,-0.4974,0,0.33,1,2,1.85,🟢 맑음,기본 비중 유지,1.14,0.58,0.62,1,1,0,0,1,0,0,1,0,1
2023-10-03,-0.34,3.687206638119256,4.26,19.780000686645508,129.77999877929688,20.40999984741211,-0.6299991607666016,2.21,21.6,NEUTRAL,LOW,골디락스,-1,1.28,1,-0.4974,0,0.33,1,2,1.27,🟢 맑음,기본 비중 유지,1.14,0.0,0.62,1,1,0,0,0,0,0,1,0,1
2023-10-04,-0.32,3.687206638119256,4.37,18.579999923706055,130.67999267578125,19.520000457763672,-0.9400005340576172,2.18,21.6,NEUTRAL,LOW,골디락스,-1,1.29,1,-0.4974,0,0.33,1,2,1.85,🟢 맑음,기본 비중 유지,1.14,0.58,0.62,1,1,0,0,1,0,0,1,0,1
2023-10-05,-0.31,3.687206638119256,4.38,18.489999771118164,129.75,19.5,-1.010000228881836,2.14,21.6,NEUTRAL,LOW,골디락스,-1,1.29,1,-0.4974,0,0.33,1,2,1.27,🟢 맑음,기본 비중 유지,1.14,0.0,0.62,1,1,0,0,0,0,0,1,0,1
2023-10-06,-0.3,3.687206638119256,4.33,17.450000762939453,129.36000061035156,18.729999542236328,-1.279998779296875,2.17,21.6,NEUTRAL,LOW,골디락스,-1,1.29,1,-0.4259,0,0.33,1,2,1.27,🟢 맑음,기본 비중 유지,1.14,0.0,0.62,1,1,0,0,0,0,0,1,0,1
2023-10-09,-0.3,3.687206638119256,4.34,17.700000762939453,133.63999938964844,18.809999465942383,-1.1099987030029297,2.17,21.0,NEUTRAL,LOW,골디락스,-1,1.29,1,-0.4259,0,0.33,1,2,1.85,🟢 맑음,기본 비중 유지,1.14,0.58,0.62,1,1,0,0,1,0,0,1,0,1
2023-10-10,-0.3,3.687206638119256,4.26,17.030000686645508,135.1699981689453,18.270000457763672,-1.239999771118164,2.18,21.0,NEUTRAL,LOW,골디락스,-1,1.29,1,-0.4259,0,0.33,1,2,1.85,🟢 맑음,기본 비중 유지,1.14,0.58,0.62,1,1,0,0,1,0,0,1,0,1
2023-10-11,-0.41,3.687206638119256,4.25,16.09000015258789,137.61000061035156,17.6299991607666,-1.539999008178711,2.2,21.0,NEUTRAL,LOW,골디락스,-1,1.27,1,-0.4259,0,0.33,1,2,1.85,🟢 맑음,기본 비중 유지,1.14,0.58,0.62,1,1,0,0,1,0,0,1,0,1
2023-10-12,-0.36,3.687206638119256,4.25,16.690000534057617,136.1300048828125,18.09000015258789,-1.3999996185302734,2.23,21.0,NEUTRAL,LOW,골디락스,-1,1.26,1,-0.4259,0,0.33,1,2,1.85,🟢 맑음,기본 비중 유지,1.14,0.58,0.62,1,1,0,0,1,0,0,1,0,1
2023-10-13,-0.41,3.687206638119256,4.3,19.31999969482422,144.3000030517578,20.56999969482422,-1.25,2.26,21.0,NEUTRAL,LOW,골디락스,-1,1.27,1,-0.5394,0,0.33,1,2,2.43,🟢 맑음,기본 비중 유지,1.14,1.17,0.62,1,1,0,0,2,0,0,1,0,1
2023-10-16,-0.38,3.687206638119256,4.27,17.209999084472656,137.9499969482422,18.790000915527344,-1.5800018310546875,2.3,20.0,NEUTRAL,LOW,골디락스,-1,1.27,1,-0.5394,0,0.33,1,2,1.85,🟢 맑음,기본 비중 유지,1.14,0.58,0.62,1,1,0,0,1,0,0,1,0,1
2023-10-17,-0.36,3.687206638119256,4.25,17.8799991607666,138.72000122070312,19.260000228881836,-1.3800010681152344,2.32,20.0,HIGH,LOW,과열,1,1.27,1,-0.5394,0,0.33,1,2,2.92,🟢 맑음,기본 비중 유지,1.71,0.58,0.62,1,1,1,0,1,0,0,1,0,1
2023-10-18,-0.28,3.687206638119256,4.32,19.219999313354492,137.10000610351562,20.469999313354492,-1.25,2.35,20.0,HIGH,LOW,과열,1,1.29,1,-0.5394,0,0.33,1,2,2.92,🟢 맑음,기본 비중 유지,1.71,0.58,0.62,1,1,1,0,1,0,0,1,0,1
2023-10-19,-0.16,3.687206638119256,4.37,21.399999618530273,137.72999572753906,22.190000534057617,-0.7900009155273438,2.52,20.0,HIGH,LOW,과열,1,1.31,1,-0.5394,0,0.33,1,2,3.51,🟡 흐림,위험자산 10~20% 축소,1.71,1.17,0.62,1,1,1,1,1,0,0,1,0,1
2023-10-20,-0.14,3.687206638119256,4.52,21.709999084472656,136.74000549316406,22.440000534057617,-0.7300014495849609,2.47,20.0,HIGH,LOW,과열,1,1.33,1,-0.327,0,0.33,1,2,3.51,🟡 흐림,위험자산 10~20% 축소,1.71,1.17,0.62,1,1,1,1,1,0,0,1,0,1
2023-10-23,-0.19,3.687206638119256,4.51,20.3700008392334,133.9199981689453,21.329999923706055,-0.9599990844726562,2.41,21.4,HIGH,LOW,과열,1,1.33,1,-0.327,0,0.33,1,2,3.51,🟡 흐림,위험자산 10~20% 축소,1.71,1.17,0.62,1,1,1,1,1,0,0,1,0,1
2023-10-24,-0.19,3.687206638119256,4.41,18.969999313354492,132.44000244140625,20.209999084472656,-1.239999771118164,2.38,21.4,HIGH,LOW,과열,1,1.31,1,-0.327,0,0.33,1,2,2.92,🟢 맑음,기본 비중 유지,1.71,0.58,0.62,1,1,1,0,1,0,0,1,0,1
2023-10-25,-0.13,3.687206638119256,4.37,20.190000534057617,132.2899932861328,21.329999923706055,-1.1399993896484375,2.4,21.4,HIGH,LOW,과열,1,1.3,1,-0.327,0,0.33,1,2,3.51,🟡 흐림,위험자산 10~20% 축소,1.71,1.17,0.62,1,1,1,1,1,0,0,1,0,1
2023-10-26,-0.16,3.687206638119256,4.5,20.68000030517578,133.3800048828125,21.56999969482422,-0.8899993896484375,2.37,21.4,HIGH,LOW,과열,1,1.3,1,-0.327,0,0.33,1,2,3.51,🟡 흐림,위험자산 10~20% 축소,1.71,1.17,0.62,1,1,1,1,1,0,0,1,0,1
2023-10-27,-0.15,3.687206638119256,4.53,21.270000457763672,132.74000549316406,22.270000457763672,-1.0,2.39,21.4,HIGH,LOW,과열,1,1.31,1,-0.3466,0,0.33,1,2,3.51,🟡 흐림,위험자산 10~20% 축소,1.71,1.17,0.62,1,1,1,1,1,0,0,1,0,1
2023-10-30,-0.15,3.687206638119256,4.5,19.75,130.1300048828125,20.799999237060547,-1.0499992370605469,2.4,21.7,HIGH,LOW,과열,1,1.32,1,-0.3466,0,0.33,1,2,2.92,🟢 맑음,기본 비중 유지,1.71,0.58,0.62,1,1,1,0,1,0,0,1,0,1
2023-10-31,-0.19,3.687206638119256,4.42,18.139999389648438,128.2100067138672,19.489999771118164,-1.3500003814697266,2.4,21.7,HIGH,LOW,과열,1,1.32,1,-0.3466,0,0.33,1,2,2.34,🟢 맑음,기본 비중 유지,1.71,0.0,0.62,1,1,1,0,0,0,0,1,0,1
2023-11-01,-0.18,3.1333462745911866,4.47,16.8700008392334,129.82000732421875,18.549999237060547,-1.6799983978271484,2.36,21.7,HIGH,LOW,과열,1,1.33,1,-0.3466,0,0.3,1,2,2.34,🟢 맑음,기본 비중 유지,1.71,0.0,0.62,1,1,1,0,0,0,0,1,0,1
2023-11-02,-0.31,3.1333462745911866,4.15,15.65999984741211,133.8000030517578,17.799999237060547,-2.1399993896484375,2.35,21.7,HIGH,LOW,과열,1,1.29,1,-0.3466,0,0.3,1,2,2.92,🟢 맑음,기본 비중 유지,1.71,0.58,0.62,1,1,1,0,1,0,0,1,0,1
2023-11-03,-0.26,3.1333462745911866,4.04,14.90999984741211,133.8000030517578,17.219999313354492,-2.309999465942383,2.32,21.7,HIGH,LOW,과열,1,1.29,1,-0.6061,0,0.3,1,2,2.92,🟢 맑음,기본 비중 유지,1.71,0.58,0.62,1,1,1,0,1,0,0,1,0,1
2023-11-06,-0.26,3.1333462745911866,4.0,14.890000343322754,137.88999938964844,17.030000686645508,-2.140000343322754,2.35,21.6,HIGH,LOW,과열,1,1.28,1,-0.6061,0,0.3,1,2,2.92,🟢 맑음,기본 비중 유지,1.71,0.58,0.62,1,1,1,0,1,0,0,1,0,1
2023-11-07,-0.33,3.1333462745911866,4.08,14.8100004196167,139.52000427246094,16.920000076293945,-2.109999656677246,2.32,21.6,HIGH,LOW,과열,1,1.29,1,-0.6061,0,0.3,1,2,2.92,🟢 맑음,기본 비중 유지,1.71,0.58,0.62,1,1,1,0,1,0,0,1,0,1
2023-11-08,-0.44,3.1333462745911866,4.08,14.449999809265137,139.41000366210938,16.639999389648438,-2.189999580383301,2.29,21.6,NEUTRAL,LOW,골디락스,-1,1.28,1,-0.6061,0,0.3,1,2,1.85,🟢 맑음,기본 비중 유지,1.14,0.58,0.62,1,1,0,0,1,0,0,1,0,1
2023-11-09,-0.41,3.1333462745911866,4.04,15.289999961853027,139.27999877929688,17.299999237060547,-2.0099992752075195,2.3,21.6,NEUTRAL,LOW,골디락스,-1,1.27,1,-0.6061,0,0.3,1,2,1.85,🟢 맑음,기본 비중 유지,1.14,0.58,0.62,1,1,0,0,1,0,0,1,0,1
2023-11-10,-0.43,3.1333462745911866,4.03,14.170000076293945,139.27999877929688,16.520000457763672,-2.3500003814697266,2.28,21.6,NEUTRAL,LOW,골디락스,-1,1.26,1,-0.7309,0,0.3,1,2,1.85,🟢 맑음,기본 비중 유지,1.14,0.58,0.62,1,1,0,0,1,0,0,1,0,1
2023-11-13,-0.39,3.1333462745911866,4.03,14.760000228881836,135.27000427246094,16.610000610351562,-1.8500003814697266,2.29,23.0,NEUTRAL,NEUTRAL,둔화_주의,2,1.25,1,-0.7309,0,0.3,1,2,3.49,🟡 흐림,위험자산 10~20% 축소,2.29,0.58,0.62,1,1,2,0,1,0,0,1,0,1
2023-11-14,-0.36,3.1333462745911866,3.92,14.15999984741211,138.3800048828125,16.290000915527344,-2.1300010681152344,2.23,23.0,NEUTRAL,NEUTRAL,둔화_주의,2,1.23,1,-0.7309,0,0.3,1,2,3.49,🟡 흐림,위험자산 10~20% 축소,2.29,0.58,0.62,1,1,2,0,1,0,0,1,0,1
2023-11-15,-0.37,3.1333462745911866,3.89,14.180000305175781,142.97999572753906,16.280000686645508,-2.1000003814697266,2.24,23.0,NEUTRAL,NEUTRAL,둔화_주의,2,1.22,1,-0.7309,0,0.3,1,2,4.08,🟡 흐림,위험자산 10~20% 축소,2.29,1.17,0.62,1,1,2,0,2,0,0,1,0,1
2023-11-16,-0.38,3.1333462745911866,4.02,14.319999694824219,154.4499969482422,16.139999389648438,-1.8199996948242188,2.2,23.0,NEUTRAL,NEUTRAL,둔화_주의,2,1.21,1,-0.7309,0,0.3,1,2,4.08,🟡 흐림,위험자산 10~20% 축소,2.29,1.17,0.62,1,1,2,0,2,0,0,1,0,1
2023-11-17,-0.44,3.1333462745911866,3.99,13.800000190734863,146.8800048828125,15.850000381469727,-2.0500001907348633,2.23,23.0,NEUTRAL,NEUTRAL,둔화_주의,2,1.2,1,-0.6225,0,0.3,1,2,4.08,🟡 흐림,위험자산 10~20% 축소,2.29,1.17,0.62,1,1,2,0,2,0,0,1,0,1
2023-11-20,-0.47,3.1333462745911866,3.92,13.40999984741211,146.8800048828125,15.6899995803833,-2.2799997329711914,2.26,21.3,NEUTRAL,LOW,골디락스,-1,1.18,1,-0.6225,0,0.3,1,2,2.43,🟢 맑음,기본 비중 유지,1.14,1.17,0.62,1,1,0,0,2,0,0,1,0,1
2023-11-21,-0.45,3.1333462745911866,3.95,13.350000381469727,140.8000030517578,15.5,-2.1499996185302734,2.19,21.3,NEUTRAL,LOW,골디락스,-1,1.17,1,-0.6225,0,0.3,1,2,2.43,🟢 맑음,기본 비중 유지,1.14,1.17,0.62,1,1,0,0,2,0,0,1,0,1
2023-11-22,-0.47,3.1333462745911866,3.9,12.850000381469727,141.5500030517578,15.479999542236328,-2.6299991607666016,2.21,21.3,NEUTRAL,LOW,골디락스,-1,1.15,1,-0.6225,0,0.3,1,2,2.43,🟢 맑음,기본 비중 유지,1.14,1.17,0.62,1,1,0,0,2,0,0,1,0,1
2023-11-23,-0.47,3.1333462745911866,3.9,12.850000381469727,141.5500030517578,15.479999542236328,-2.6299991607666016,2.21,21.3,NEUTRAL,LOW,골디락스,-1,1.15,1,-0.6225,0,0.3,1,2,2.43,🟢 맑음,기본 비중 유지,1.14,1.17,0.62,1,1,0,0,2,0,0,1,0,1
2023-11-24,-0.45,3.1333462745911866,3.85,12.460000038146973,141.5500030517578,15.119999885559082,-2.6599998474121094,2.21,21.3,NEUTRAL,LOW,골디락스,-1,1.14,1,-0.7338,0,0.3,1,2,2.43,🟢 맑음,기본 비중 유지,1.14,1.17,0.62,1,1,0,0,2,0,0,1,0,1
2023-11-27,-0.45,3.1333462745911866,3.89,12.6899995803833,142.1999969482422,15.34000015258789,-2.65000057220459,2.12,21.3,NEUTRAL,LOW,골디락스,-1,1.14,1,-0.7338,0,0.3,1,2,2.43,🟢 맑음,기본 비중 유지,1.14,1.17,0.62,1,1,0,0,2,0,0,1,0,1
2023-11-28,-0.39,3.1333462745911866,3.9,12.6899995803833,142.67999267578125,15.239999771118164,-2.5500001907348633,2.15,21.3,NEUTRAL,LOW,골디락스,-1,1.14,1,-0.7338,0,0.3,1,2,2.43,🟢 맑음,기본 비중 유지,1.14,1.17,0.62,1,1,0,0,2,0,0,1,0,1
2023-11-29,-0.37,3.1333462745911866,3.8,12.979999542236328,139.82000732421875,15.510000228881836,-2.530000686645508,2.14,21.3,NEUTRAL,LOW,골디락스,-1,1.11,1,-0.7338,0,0.3,1,2,1.85,🟢 맑음,기본 비중 유지,1.14,0.58,0.62,1,1,0,0,1,0,0,1,0,1
2023-11-30,-0.36,3.1333462745911866,3.84,12.920000076293945,144.5399932861328,15.4399995803833,-2.5199995040893555,2.15,21.3,NEUTRAL,LOW,골디락스,-1,1.11,1,-0.7338,0,0.3,1,2,2.43,🟢 맑음,기본 비중 유지,1.14,1.17,0.62,1,1,0,0,2,0,0,1,0,1
2023-12-01,-0.34,3.3159099427102934,3.87,12.630000114440918,144.5399932861328,15.359999656677246,-2.729999542236328,2.12,21.3,NEUTRAL,LOW,골디락스,-1,1.11,1,-0.5329,0,0.23,0,1,2.12,🟢 맑음,기본 비중 유지,1.14,1.17,0.31,1,1,0,0,2,0,0,1,0,0
2023-12-04,-0.36,3.3159099427102934,3.8,13.079999923706055,144.5399932861328,15.680000305175781,-2.6000003814697266,2.13,21.5,NEUTRAL,LOW,골디락스,-1,1.1,1,-0.5329,0,0.23,0,1,2.12,🟢 맑음,기본 비중 유지,1.14,1.17,0.31,1,1,0,0,2,0,0,1,0,0
2023-12-05,-0.39,3.3159099427102934,3.8,12.850000381469727,144.5399932861328,15.569999694824219,-2.719999313354492,2.09,21.5,NEUTRAL,LOW,골디락스,-1,1.11,1,-0.5329,0,0.23,0,1,2.12,🟢 맑음,기본 비중 유지,1.14,1.17,0.31,1,1,0,0,2,0,0,1,0,0
2023-12-06,-0.48,3.3159099427102934,3.79,12.970000267028809,144.5399932861328,15.739999771118164,-2.7699995040893555,2.05,21.5,NEUTRAL,LOW,골디락스,-1,1.12,1,-0.5329,0,0.23,0,1,2.12,🟢 맑음,기본 비중 유지,1.14,1.17,0.31,1,1,0,0,2,0,0,1,0,0
2023-12-07,-0.44,3.3159099427102934,3.77,13.0600004196167,130.83999633789062,15.649999618530273,-2.589999198913574,2.06,21.5,NEUTRAL,LOW,골디락스,-1,1.11,1,-0.5329,0,0.23,0,1,1.54,🟢 맑음,기본 비중 유지,1.14,0.58,0.31,1,1,0,0,1,0,0,1,0,0
2023-12-08,-0.48,3.3159099427102934,3.75,12.350000381469727,134.10000610351562,15.15999984741211,-2.809999465942383,2.11,21.5,NEUTRAL,LOW,골디락스,-1,1.1,1,-0.5001,0,0.23,0,1,1.54,🟢 맑음,기본 비중 유지,1.14,0.58,0.31,1,1,0,0,1,0,0,1,0,0
2023-12-11,-0.48,3.3159099427102934,3.79,12.630000114440918,140.89999389648438,15.1899995803833,-2.559999465942383,2.11,20.3,NEUTRAL,LOW,골디락스,-1,1.1,1,-0.5001,0,0.23,0,1,2.12,🟢 맑음,기본 비중 유지,1.14,1.17,0.31,1,1,0,0,2,0,0,1,0,0
2023-12-12,-0.53,3.3159099427102934,3.76,12.069999694824219,148.8300018310547,14.829999923706055,-2.760000228881836,2.08,20.3,NEUTRAL,LOW,골디락스,-1,1.09,1,-0.5001,0,0.23,0,1,2.69,🟢 맑음,기본 비중 유지,1.71,1.17,0.31,2,1,0,0,2,0,0,1,0,0
2023-12-13,-0.42,3.3159099427102934,3.79,12.1899995803833,152.02000427246094,14.65999984741211,-2.4700002670288086,2.08,20.3,NEUTRAL,LOW,골디락스,-1,1.08,1,-0.5001,0,0.23,0,1,2.12,🟢 맑음,기본 비중 유지,1.14,1.17,0.31,1,1,0,0,2,0,0,1,0,0
2023-12-14,-0.45,3.3159099427102934,3.47,12.479999542236328,162.50999450683594,14.789999961853027,-2.310000419616699,2.18,20.3,NEUTRAL,LOW,골디락스,-1,1.04,1,-0.5001,0,0.23,0,1,2.12,🟢 맑음,기본 비중 유지,1.14,1.17,0.31,1,1,0,0,2,0,0,1,0,0
2023-12-15,-0.53,3.3159099427102934,3.51,12.279999732971191,153.25999450683594,15.130000114440918,-2.8500003814697266,2.17,20.3,NEUTRAL,LOW,골디락스,-1,1.04,1,-0.6091,0,0.23,0,1,2.69,🟢 맑음,기본 비중 유지,1.71,1.17,0.31,2,1,0,0,2,0,0,1,0,0
2023-12-18,-0.48,3.3159099427102934,3.51,12.5600004196167,139.36000061035156,15.470000267028809,-2.9099998474121094,2.18,20.9,NEUTRAL,LOW,골디락스,-1,1.05,1,-0.6091,0,0.23,0,1,1.54,🟢 맑음,기본 비중 유지,1.14,0.58,0.31,1,1,0,0,1,0,0,1,0,0
2023-12-19,-0.48,3.3159099427102934,3.46,12.529999732971191,133.17999267578125,15.640000343322754,-3.1100006103515625,2.17,20.9,NEUTRAL,LOW,골디락스,-1,1.05,1,-0.6091,0,0.23,0,1,1.54,🟢 맑음,기본 비중 유지,1.14,0.58,0.31,1,1,0,0,1,0,0,1,0,0
2023-12-20,-0.48,3.3159099427102934,3.43,13.670000076293945,136.86000061035156,16.579999923706055,-2.9099998474121094,2.16,20.9,NEUTRAL,LOW,골디락스,-1,1.06,1,-0.6091,0,0.23,0,1,1.54,🟢 맑음,기본 비중 유지,1.14,0.58,0.31,1,1,0,0,1,0,0,1,0,0
2023-12-21,-0.44,3.3159099427102934,3.41,13.649999618530273,138.17999267578125,16.299999237060547,-2.6499996185302734,2.18,20.9,NEUTRAL,LOW,골디락스,-1,1.07,1,-0.6091,0,0.23,0,1,1.54,🟢 맑음,기본 비중 유지,1.14,0.58,0.31,1,1,0,0,1,0,0,1,0,0
2023-12-22,-0.41,3.3159099427102934,3.39,13.029999732971191,134.4600067138672,15.989999771118164,-2.9600000381469727,2.16,20.9,NEUTRAL,LOW,골디락스,-1,1.07,1,-0.4369,0,0.23,0,1,1.54,🟢 맑음,기본 비중 유지,1.14,0.58,0.31,1,1,0,0,1,0,0,1,0,0
2023-12-25,-0.41,3.3159099427102934,3.39,13.029999732971191,134.4600067138672,15.989999771118164,-2.9600000381469727,2.16,21.2,NEUTRAL,LOW,골디락스,-1,1.07,1,-0.4369,0,0.23,0,1,1.54,🟢 맑음,기본 비중 유지,1.14,0.58,0.31,1,1,0,0,1,0,0,1,0,0
2023-12-26,-0.37,3.3159099427102934,3.37,12.989999771118164,134.4600067138672,15.880000114440918,-2.890000343322754,2.17,21.2,NEUTRAL,LOW,골디락스,-1,1.06,1,-0.4369,0,0.23,0,1,1.54,🟢 맑음,기본 비중 유지,1.14,0.58,0.31,1,1,0,0,1,0,0,1,0,0
2023-12-27,-0.41,3.3159099427102934,3.34,12.430000305175781,135.63999938964844,15.270000457763672,-2.8400001525878906,2.12,21.2,NEUTRAL,LOW,골디락스,-1,1.05,1,-0.4369,0,0.23,0,1,1.54,🟢 맑음,기본 비중 유지,1.14,0.58,0.31,1,1,0,0,1,0,0,1,0,0
2023-12-28,-0.42,3.3159099427102934,3.32,12.470000267028809,136.89999389648438,15.229999542236328,-2.7599992752075195,2.11,21.2,NEUTRAL,LOW,골디락스,-1,1.04,1,-0.4369,0,0.23,0,1,1.54,🟢 맑음,기본 비중 유지,1.14,0.58,0.31,1,1,0,0,1,0,0,1,0,0
2023-12-29,-0.35,3.3159099427102934,3.34,12.449999809265137,138.0500030517578,15.260000228881836,-2.810000419616699,2.12,21.2,NEUTRAL,LOW,골디락스,-1,1.04,1,-0.4177,0,0.23,0,1,1.54,🟢 맑음,기본 비중 유지,1.14,0.58,0.31,1,1,0,0,1,0,0,1,0,0
2024-01-01,-0.35,3.0883429864855705,3.34,12.449999809265137,138.0500030517578,15.260000228881836,-2.810000419616699,2.12,20.0,NEUTRAL,LOW,골디락스,-1,1.04,1,-0.4177,0,0.2,0,1,1.54,🟢 맑음,기본 비중 유지,1.14,0.58,0.31,1,1,0,0,1,0,0,1,0,0
2024-01-02,-0.38,3.0883429864855705,3.54,13.199999809265137,134.8000030517578,15.479999542236328,-2.2799997329711914,2.17,20.0,NEUTRAL,LOW,골디락스,-1,1.06,1,-0.4177,0,0.2,0,1,1.54,🟢 맑음,기본 비중 유지,1.14,0.58,0.31,1,1,0,0,1,0,0,1,0,0
2024-01-03,-0.42,3.0883429864855705,3.71,14.039999961853027,134.22999572753906,16.040000915527344,-2.0000009536743164,2.17,20.0,NEUTRAL,LOW,골디락스,-1,1.09,1,-0.4177,0,0.2,0,1,1.54,🟢 맑음,기본 비중 유지,1.14,0.58,0.31,1,1,0,0,1,0,0,1,0,0
2024-01-04,-0.39,3.0883429864855705,3.69,14.130000114440918,136.60000610351562,16.040000915527344,-1.9100008010864258,2.18,20.0,NEUTRAL,LOW,골디락스,-1,1.09,1,-0.4177,0,0.2,0,1,1.54,🟢 맑음,기본 비중 유지,1.14,0.58,0.31,1,1,0,0,1,0,0,1,0,0
2024-01-05,-0.35,3.0883429864855705,3.68,13.350000381469727,132.67999267578125,15.510000228881836,-2.1599998474121094,2.19,20.0,NEUTRAL,LOW,골디락스,-1,1.09,1,-0.556,0,0.2,0,1,1.54,🟢 맑음,기본 비중 유지,1.14,0.58,0.31,1,1,0,0,1,0,0,1,0,0
2024-01-08,-0.35,3.0883429864855705,3.63,13.079999923706055,137.0500030517578,15.140000343322754,-2.060000419616699,2.19,20.1,NEUTRAL,LOW,골디락스,-1,1.08,1,-0.556,0,0.2,0,1,1.54,🟢 맑음,기본 비중 유지,1.14,0.58,0.31,1,1,0,0,1,0,0,1,0,0
2024-01-09,-0.34,3.0883429864855705,3.59,12.760000228881836,140.9499969482422,14.899999618530273,-2.1399993896484375,2.17,20.1,NEUTRAL,LOW,골디락스,-1,1.06,1,-0.556,0,0.2,0,1,2.12,🟢 맑음,기본 비중 유지,1.14,1.17,0.31,1,1,0,0,2,0,0,1,0,0
2024-01-10,-0.33,3.0883429864855705,3.5,12.6899995803833,137.39999389648438,14.729999542236328,-2.0399999618530273,2.18,20.1,NEUTRAL,LOW,골디락스,-1,1.04,1,-0.556,0,0.2,0,1,1.54,🟢 맑음,기본 비중 유지,1.14,0.58,0.31,1,1,0,0,1,0,0,1,0,0
2024-01-11,-0.28,3.0883429864855705,3.55,12.4399995803833,140.36000061035156,14.5600004196167,-2.1200008392333984,2.18,20.1,NEUTRAL,LOW,골디락스,-1,1.03,1,-0.556,0,0.2,0,1,2.12,🟢 맑음,기본 비중 유지,1.14,1.17,0.31,1,1,0,0,2,0,0,1,0,0
2024-01-12,-0.18,3.0883429864855705,3.56,12.699999809265137,143.80999755859375,14.9399995803833,-2.239999771118164,2.22,20.1,NEUTRAL,LOW,골디락스,-1,1.02,1,-0.7095,0,0.2,0,1,2.12,🟢 맑음,기본 비중 유지,1.14,1.17,0.31,1,1,0,0,2,0,0,1,0,0
2024-01-15,-0.18,3.0883429864855705,3.54,12.699999809265137,143.80999755859375,14.9399995803833,-2.239999771118164,2.22,19.5,NEUTRAL,LOW,골디락스,-1,1.02,1,-0.7095,0,0.2,0,1,2.12,🟢 맑음,기본 비중 유지,1.14,1.17,0.31,1,1,0,0,2,0,0,1,0,0
2024-01-16,-0.15,3.0883429864855705,3.58,13.84000015258789,139.94000244140625,15.739999771118164,-1.8999996185302734,2.24,19.5,NEUTRAL,LOW,골디락스,-1,1.02,1,-0.7095,0,0.2,0,1,1.54,🟢 맑음,기본 비중 유지,1.14,0.58,0.31,1,1,0,0,1,0,0,1,0,0
2024-01-17,-0.24,3.0883429864855705,3.62,14.789999961853027,147.75999450683594,16.3799991607666,-1.5899991989135742,2.24,19.5,NEUTRAL,LOW,골디락스,-1,1.02,1,-0.7095,0,0.2,0,1,2.12,🟢 맑음,기본 비중 유지,1.14,1.17,0.31,1,1,0,0,2,0,0,1,0,0
2024-01-18,-0.2,3.0883429864855705,3.58,14.130000114440918,148.14999389648438,15.84000015258789,-1.7100000381469727,2.28,19.5,NEUTRAL,LOW,골디락스,-1,1.01,1,-0.7095,0,0.2,0,1,2.12,🟢 맑음,기본 비중 유지,1.14,1.17,0.31,1,1,0,0,2,0,0,1,0,0
2024-01-19,-0.24,3.0883429864855705,3.54,13.300000190734863,148.14999389648438,15.260000228881836,-1.9600000381469727,2.3,19.5,NEUTRAL,LOW,골디락스,-1,1.01,1,-0.8072,0,0.2,0,1,2.12,🟢 맑음,기본 비중 유지,1.14,1.17,0.31,1,1,0,0,2,0,0,1,0,0
2024-01-22,-0.26,3.0883429864855705,3.49,13.1899995803833,146.00999450683594,14.970000267028809,-1.7800006866455078,2.27,22.4,NEUTRAL,NEUTRAL,둔화_주의,2,1.01,1,-0.8072,0,0.2,0,1,3.76,🟡 흐림,위험자산 10~20% 축소,2.29,1.17,0.31,1,1,2,0,2,0,0,1,0,0
2024-01-23,-0.17,3.0883429864855705,3.51,12.550000190734863,148.1199951171875,14.520000457763672,-1.9700002670288086,2.26,22.4,NEUTRAL,NEUTRAL,둔화_주의,2,1.01,1,-0.8072,0,0.2,0,1,3.76,🟡 흐림,위험자산 10~20% 축소,2.29,1.17,0.31,1,1,2,0,2,0,0,1,0,0
2024-01-24,-0.16,3.0883429864855705,3.44,13.140000343322754,150.25,14.970000267028809,-1.8299999237060547,2.23,22.4,NEUTRAL,NEUTRAL,둔화_주의,2,0.99,0,-0.8072,0,0.2,0,0,3.45,🟡 흐림,위험자산 10~20% 축소,2.29,1.17,0.0,1,1,2,0,2,0,0,0,0,0
2024-01-25,-0.14,3.0883429864855705,3.45,13.449999809265137,153.0500030517578,15.100000381469727,-1.6500005722045898,2.24,22.4,NEUTRAL,NEUTRAL,둔화_주의,2,0.98,0,-0.8072,0,0.2,0,0,3.45,🟡 흐림,위험자산 10~20% 축소,2.29,1.17,0.0,1,1,2,0,2,0,0,0,0,0
2024-01-26,-0.19,3.0883429864855705,3.39,13.260000228881836,151.36000061035156,15.029999732971191,-1.7699995040893555,2.26,22.4,NEUTRAL,NEUTRAL,둔화_주의,2,0.97,0,-0.8325,0,0.2,0,0,3.45,🟡 흐림,위험자산 10~20% 축소,2.29,1.17,0.0,1,1,2,0,2,0,0,0,0,0
2024-01-29,-0.21,3.0883429864855705,3.41,13.600000381469727,149.02999877929688,15.220000267028809,-1.619999885559082,2.26,22.6,NEUTRAL,NEUTRAL,둔화_주의,2,0.98,0,-0.8325,0,0.2,0,0,3.45,🟡 흐림,위험자산 10~20% 축소,2.29,1.17,0.0,1,1,2,0,2,0,0,0,0,0
2024-01-30,-0.3,3.0883429864855705,3.42,13.3100004196167,148.72999572753906,15.140000343322754,-1.8299999237060547,2.25,22.6,NEUTRAL,NEUTRAL,둔화_주의,2,1.0,1,-0.8325,0,0.2,0,1,3.76,🟡 흐림,위험자산 10~20% 축소,2.29,1.17,0.31,1,1,2,0,2,0,0,1,0,0
2024-01-31,-0.28,3.0883429864855705,3.59,14.350000381469727,150.2100067138672,15.960000038146973,-1.609999656677246,2.24,22.6,NEUTRAL,NEUTRAL,둔화_주의,2,1.02,1,-0.8325,0,0.2,0,1,3.76,🟡 흐림,위험자산 10~20% 축소,2.29,1.17,0.31,1,1,2,0,2,0,0,1,0,0
2024-02-01,-0.33,3.157074141648697,3.56,13.880000114440918,160.0800018310547,15.5,-1.619999885559082,2.17,22.6,NEUTRAL,NEUTRAL,둔화_주의,2,1.04,1,-0.8325,0,0.27,0,1,3.76,🟡 흐림,위험자산 10~20% 축소,2.29,1.17,0.31,1,1,2,0,2,0,0,1,0,0
2024-02-02,-0.33,3.157074141648697,3.47,13.850000381469727,160.02000427246094,15.609999656677246,-1.7599992752075195,2.19,22.6,NEUTRAL,NEUTRAL,둔화_주의,2,1.02,1,-0.7556,0,0.27,0,1,3.76,🟡 흐림,위험자산 10~20% 축소,2.29,1.17,0.31,1,1,2,0,2,0,0,1,0,0
2024-02-05,-0.29,3.157074141648697,3.5,13.670000076293945,155.49000549316406,15.329999923706055,-1.6599998474121094,2.26,21.3,NEUTRAL,LOW,골디락스,-1,1.0,1,-0.7556,0,0.27,0,1,2.12,🟢 맑음,기본 비중 유지,1.14,1.17,0.31,1,1,0,0,2,0,0,1,0,0
2024-02-06,-0.3,3.157074141648697,3.52,13.0600004196167,152.82000732421875,14.989999771118164,-1.9299993515014648,2.24,21.3,NEUTRAL,LOW,골디락스,-1,1.0,1,-0.7556,0,0.27,0,1,2.12,🟢 맑음,기본 비중 유지,1.14,1.17,0.31,1,1,0,0,2,0,0,1,0,0
2024-02-07,-0.32,3.157074141648697,3.43,12.829999923706055,151.41000366210938,14.850000381469727,-2.020000457763672,2.26,21.3,NEUTRAL,LOW,골디락스,-1,1.0,1,-0.7556,0,0.27,0,1,2.12,🟢 맑음,기본 비중 유지,1.14,1.17,0.31,1,1,0,0,2,0,0,1,0,0
2024-02-08,-0.31,3.157074141648697,3.38,12.789999961853027,150.36000061035156,14.930000305175781,-2.140000343322754,2.28,21.3,NEUTRAL,LOW,골디락스,-1,0.99,0,-0.7556,0,0.27,0,0,1.81,🟢 맑음,기본 비중 유지,1.14,1.17,0.0,1,1,0,0,2,0,0,0,0,0
2024-02-09,-0.31,3.157074141648697,3.33,12.930000305175781,156.6199951171875,15.079999923706055,-2.1499996185302734,2.28,21.3,NEUTRAL,LOW,골디락스,-1,1.0,1,-0.5989,0,0.27,0,1,2.12,🟢 맑음,기본 비중 유지,1.14,1.17,0.31,1,1,0,0,2,0,0,1,0,0
2024-02-12,-0.29,3.157074141648697,3.35,13.930000305175781,152.8000030517578,15.670000076293945,-1.739999771118164,2.27,21.3,NEUTRAL,LOW,골디락스,-1,1.0,1,-0.5989,0,0.27,0,1,2.12,🟢 맑음,기본 비중 유지,1.14,1.17,0.31,1,1,0,0,2,0,0,1,0,0
2024-02-13,-0.33,3.157074141648697,3.36,15.850000381469727,170.52000427246094,16.81999969482422,-0.9699993133544922,2.33,21.3,HIGH,LOW,과열,1,0.99,0,-0.5989,0,0.27,0,0,2.88,🟢 맑음,기본 비중 유지,1.71,1.17,0.0,1,1,1,0,2,0,0,0,0,0
2024-02-14,-0.29,3.157074141648697,3.38,14.380000114440918,160.39999389648438,15.930000305175781,-1.5500001907348633,2.34,21.3,HIGH,LOW,과열,1,0.98,0,-0.5989,0,0.27,0,0,2.88,🟢 맑음,기본 비중 유지,1.71,1.17,0.0,1,1,1,0,2,0,0,0,0,0
2024-02-15,-0.32,3.157074141648697,3.35,14.010000228881836,148.89999389648438,15.760000228881836,-1.75,2.35,21.3,HIGH,LOW,과열,1,0.97,0,-0.5989,0,0.27,0,0,2.88,🟢 맑음,기본 비중 유지,1.71,1.17,0.0,1,1,1,0,2,0,0,0,0,0
2024-02-16,-0.34,3.157074141648697,3.34,14.239999771118164,142.6199951171875,15.859999656677246,-1.619999885559082,2.38,21.3,HIGH,LOW,과열,1,0.96,0,-0.6437,0,0.27,0,0,2.88,🟢 맑음,기본 비중 유지,1.71,1.17,0.0,1,1,1,0,2,0,0,0,0,0
2024-02-19,-0.34,3.157074141648697,3.34,14.239999771118164,142.6199951171875,15.859999656677246,-1.619999885559082,2.38,20.2,HIGH,LOW,과열,1,0.96,0,-0.6437,0,0.27,0,0,2.88,🟢 맑음,기본 비중 유지,1.71,1.17,0.0,1,1,1,0,2,0,0,0,0,0
2024-02-20,-0.32,3.157074141648697,3.37,15.420000076293945,141.4499969482422,16.40999984741211,-0.9899997711181641,2.37,20.2,HIGH,LOW,과열,1,0.96,0,-0.6437,0,0.27,0,0,2.88,🟢 맑음,기본 비중 유지,1.71,1.17,0.0,1,1,1,0,2,0,0,0,0,0
2024-02-21,-0.32,3.157074141648697,3.34,15.34000015258789,142.72000122070312,16.229999542236328,-0.8899993896484375,2.39,20.2,HIGH,LOW,과열,1,0.94,0,-0.6437,0,0.27,0,0,2.88,🟢 맑음,기본 비중 유지,1.71,1.17,0.0,1,1,1,0,2,0,0,0,0,0
2024-02-22,-0.36,3.157074141648697,3.22,14.539999961853027,145.91000366210938,15.770000457763672,-1.2300004959106445,2.37,20.2,HIGH,LOW,과열,1,0.93,0,-0.6437,0,0.27,0,0,2.88,🟢 맑음,기본 비중 유지,1.71,1.17,0.0,1,1,1,0,2,0,0,0,0,0
2024-02-23,-0.41,3.157074141648697,3.23,13.75,144.0,15.25,-1.5,2.34,20.2,HIGH,LOW,과열,1,0.95,0,-0.6721,0,0.27,0,0,2.88,🟢 맑음,기본 비중 유지,1.71,1.17,0.0,1,1,1,0,2,0,0,0,0,0
2024-02-26,-0.41,3.157074141648697,3.23,13.739999771118164,143.60000610351562,15.220000267028809,-1.4800004959106445,2.36,21.2,HIGH,LOW,과열,1,0.96,0,-0.6721,0,0.27,0,0,2.88,🟢 맑음,기본 비중 유지,1.71,1.17,0.0,1,1,1,0,2,0,0,0,0,0
2024-02-27,-0.39,3.157074141648697,3.26,13.430000305175781,147.2899932861328,14.890000343322754,-1.4600000381469727,2.38,21.2,HIGH,LOW,과열,1,0.96,0,-0.6721,0,0.27,0,0,2.88,🟢 맑음,기본 비중 유지,1.71,1.17,0.0,1,1,1,0,2,0,0,0,0,0
2024-02-28,-0.37,3.157074141648697,3.31,13.84000015258789,149.08999633789062,15.220000267028809,-1.380000114440918,2.38,21.2,HIGH,LOW,과열,1,0.98,0,-0.6721,0,0.27,0,0,2.88,🟢 맑음,기본 비중 유지,1.71,1.17,0.0,1,1,1,0,2,0,0,0,0,0
2024-02-29,-0.39,3.157074141648697,3.29,13.399999618530273,149.8300018310547,14.930000305175781,-1.5300006866455078,2.4,21.2,HIGH,LOW,과열,1,1.0,1,-0.6721,0,0.27,0,1,3.19,🟡 흐림,위험자산 10~20% 축소,1.71,1.17,0.31,1,1,1,0,2,0,0,1,0,0
2024-03-01,-0.35,3.4868349120836584,3.32,13.109999656677246,150.4199981689453,14.930000305175781,-1.8200006484985352,2.4,21.2,HIGH,LOW,과열,1,1.01,1,-0.7908,0,0.3,1,2,3.51,🟡 흐림,위험자산 10~20% 축소,1.71,1.17,0.62,1,1,1,0,2,0,0,1,0,1
2024-03-04,-0.39,3.4868349120836584,3.26,13.489999771118164,145.94000244140625,15.229999542236328,-1.739999771118164,2.42,21.3,HIGH,LOW,과열,1,1.0,1,-0.7908,0,0.3,1,2,3.51,🟡 흐림,위험자산 10~20% 축소,1.71,1.17,0.62,1,1,1,0,2,0,0,1,0,1
2024-03-05,-0.41,3.4868349120836584,3.31,14.460000038146973,144.89999389648438,15.90999984741211,-1.4499998092651367,2.39,21.3,HIGH,LOW,과열,1,1.01,1,-0.7908,0,0.3,1,2,3.51,🟡 흐림,위험자산 10~20% 축소,1.71,1.17,0.62,1,1,1,0,2,0,0,1,0,1
2024-03-06,-0.44,3.4868349120836584,3.27,14.5,143.63999938964844,15.970000267028809,-1.4700002670288086,2.38,21.3,HIGH,LOW,과열,1,1.01,1,-0.7908,0,0.3,1,2,3.51,🟡 흐림,위험자산 10~20% 축소,1.71,1.17,0.62,1,1,1,0,2,0,0,1,0,1
2024-03-07,-0.41,3.4868349120836584,3.27,14.4399995803833,142.94000244140625,15.90999984741211,-1.4700002670288086,2.34,21.3,HIGH,LOW,과열,1,1.0,1,-0.7908,0,0.3,1,2,3.51,🟡 흐림,위험자산 10~20% 축소,1.71,1.17,0.62,1,1,1,0,2,0,0,1,0,1
2024-03-08,-0.39,3.4868349120836584,3.26,14.739999771118164,141.17999267578125,16.299999237060547,-1.5599994659423828,2.34,21.3,HIGH,LOW,과열,1,0.99,0,-0.7915,0,0.3,1,1,3.19,🟡 흐림,위험자산 10~20% 축소,1.71,1.17,0.31,1,1,1,0,2,0,0,0,0,1
2024-03-11,-0.41,3.4868349120836584,3.26,15.220000267028809,142.27000427246094,16.459999084472656,-1.2399988174438477,2.32,21.3,HIGH,LOW,과열,1,0.98,0,-0.7915,0,0.3,1,1,3.19,🟡 흐림,위험자산 10~20% 축소,1.71,1.17,0.31,1,1,1,0,2,0,0,0,0,1
2024-03-12,-0.42,3.4868349120836584,3.2,13.84000015258789,142.22999572753906,15.65999984741211,-1.8199996948242188,2.35,21.3,HIGH,LOW,과열,1,0.97,0,-0.7915,0,0.3,1,1,3.19,🟡 흐림,위험자산 10~20% 축소,1.71,1.17,0.31,1,1,1,0,2,0,0,0,0,1
2024-03-13,-0.42,3.4868349120836584,3.15,13.75,144.1699981689453,15.600000381469727,-1.8500003814697266,2.37,21.3,HIGH,LOW,과열,1,0.95,0,-0.7915,0,0.3,1,1,3.19,🟡 흐림,위험자산 10~20% 축소,1.71,1.17,0.31,1,1,1,0,2,0,0,0,0,1
2024-03-14,-0.39,3.4868349120836584,3.15,14.399999618530273,143.9499969482422,16.1200008392334,-1.720001220703125,2.37,21.3,HIGH,LOW,과열,1,0.94,0,-0.7915,0,0.3,1,1,3.19,🟡 흐림,위험자산 10~20% 축소,1.71,1.17,0.31,1,1,1,0,2,0,0,0,0,1
2024-03-15,-0.41,3.4868349120836584,3.16,14.40999984741211,138.91000366210938,16.40999984741211,-2.0,2.39,21.3,HIGH,LOW,과열,1,0.93,0,-0.9233,0,0.3,1,1,2.61,🟢 맑음,기본 비중 유지,1.71,0.58,0.31,1,1,1,0,1,0,0,0,0,1
2024-03-18,-0.39,3.4868349120836584,3.13,14.329999923706055,139.97000122070312,16.219999313354492,-1.8899993896484375,2.39,21.3,HIGH,LOW,과열,1,0.92,0,-0.9233,0,0.3,1,1,2.61,🟢 맑음,기본 비중 유지,1.71,0.58,0.31,1,1,1,0,1,0,0,0,0,1
2024-03-19,-0.38,3.4868349120836584,3.1,13.819999694824219,141.61000061035156,15.770000457763672,-1.9500007629394531,2.38,21.3,HIGH,LOW,과열,1,0.92,0,-0.9233,0,0.3,1,1,3.19,🟡 흐림,위험자산 10~20% 축소,1.71,1.17,0.31,1,1,1,0,2,0,0,0,0,1
2024-03-20,-0.32,3.4868349120836584,3.14,13.039999961853027,141.19000244140625,15.279999732971191,-2.239999771118164,2.4,21.3,HIGH,LOW,과열,1,0.92,0,-0.9233,0,0.3,1,1,3.19,🟡 흐림,위험자산 10~20% 축소,1.71,1.17,0.31,1,1,1,0,2,0,0,0,0,1
2024-03-21,-0.35,3.4868349120836584,3.05,12.920000076293945,154.0,15.180000305175781,-2.260000228881836,2.43,21.3,HIGH,LOW,과열,1,0.91,0,-0.9233,0,0.3,1,1,3.19,🟡 흐림,위험자산 10~20% 축소,1.71,1.17,0.31,1,1,1,0,2,0,0,0,0,1
2024-03-22,-0.37,3.4868349120836584,3.08,13.0600004196167,155.83999633789062,15.300000190734863,-2.239999771118164,2.41,21.3,HIGH,LOW,과열,1,0.92,0,-0.9419,0,0.3,1,1,3.19,🟡 흐림,위험자산 10~20% 축소,1.71,1.17,0.31,1,1,1,0,2,0,0,0,0,1
2024-03-25,-0.29,3.4868349120836584,3.11,13.1899995803833,151.60000610351562,15.380000114440918,-2.190000534057617,2.41,21.4,HIGH,LOW,과열,1,0.92,0,-0.9419,0,0.3,1,1,3.19,🟡 흐림,위험자산 10~20% 축소,1.71,1.17,0.31,1,1,1,0,2,0,0,0,0,1
2024-03-26,-0.32,3.4868349120836584,3.15,13.239999771118164,157.60000610351562,15.289999961853027,-2.0500001907348633,2.38,21.4,HIGH,LOW,과열,1,0.93,0,-0.9419,0,0.3,1,1,3.19,🟡 흐림,위험자산 10~20% 축소,1.71,1.17,0.31,1,1,1,0,2,0,0,0,0,1
2024-03-27,-0.34,3.4868349120836584,3.15,12.779999732971191,157.11000061035156,15.010000228881836,-2.2300004959106445,2.37,21.4,HIGH,LOW,과열,1,0.94,0,-0.9419,0,0.3,1,1,3.19,🟡 흐림,위험자산 10~20% 축소,1.71,1.17,0.31,1,1,1,0,2,0,0,0,0,1
2024-03-28,-0.39,3.4868349120836584,3.12,13.010000228881836,155.44000244140625,15.1899995803833,-2.179999351501465,2.38,21.4,HIGH,LOW,과열,1,0.93,0,-0.9419,0,0.3,1,1,3.19,🟡 흐림,위험자산 10~20% 축소,1.71,1.17,0.31,1,1,1,0,2,0,0,0,0,1
2024-03-29,-0.39,3.4868349120836584,3.12,13.010000228881836,155.44000244140625,15.1899995803833,-2.179999351501465,2.38,21.4,HIGH,LOW,과열,1,0.93,0,-0.9336,0,0.3,1,1,3.19,🟡 흐림,위험자산 10~20% 축소,1.71,1.17,0.31,1,1,1,0,2,0,0,0,0,1
2024-04-01,-0.39,3.3607951262196734,3.12,13.649999618530273,146.3300018310547,15.520000457763672,-1.8700008392333984,2.41,22.3,HIGH,NEUTRAL,둔화_주의,2,0.93,0,-0.9336,0,0.37,1,1,3.76,🟡 흐림,위험자산 10~20% 축소,2.29,1.17,0.31,1,1,2,0,2,0,0,0,0,1
2024-04-02,-0.34,3.3607951262196734,3.23,14.609999656677246,142.13999938964844,16.09000015258789,-1.4800004959106445,2.44,22.3,HIGH,NEUTRAL,둔화_주의,2,0.93,0,-0.9336,0,0.37,1,1,3.76,🟡 흐림,위험자산 10~20% 축소,2.29,1.17,0.31,1,1,2,0,2,0,0,0,0,1
2024-04-03,-0.32,3.3607951262196734,3.23,14.329999923706055,138.52000427246094,15.90999984741211,-1.5799999237060547,2.43,22.3,HIGH,NEUTRAL,둔화_주의,2,0.92,0,-0.9336,0,0.37,1,1,3.18,🟡 흐림,위험자산 10~20% 축소,2.29,0.58,0.31,1,1,2,0,1,0,0,0,0,1
2024-04-04,-0.34,3.3607951262196734,3.24,16.350000381469727,142.49000549316406,17.15999984741211,-0.8099994659423828,2.42,22.3,HIGH,NEUTRAL,둔화_주의,2,0.92,0,-0.9336,0,0.37,1,1,3.76,🟡 흐림,위험자산 10~20% 축소,2.29,1.17,0.31,1,1,2,0,2,0,0,0,0,1
2024-04-05,-0.34,3.3607951262196734,3.18,16.030000686645508,142.63999938964844,17.18000030517578,-1.1499996185302734,2.45,22.3,HIGH,NEUTRAL,둔화_주의,2,0.92,0,-0.8438,0,0.37,1,1,3.76,🟡 흐림,위험자산 10~20% 축소,2.29,1.17,0.31,1,1,2,0,2,0,0,0,0,1
2024-04-08,-0.36,3.3607951262196734,3.15,15.1899995803833,140.6300048828125,16.559999465942383,-1.369999885559082,2.47,21.3,HIGH,LOW,과열,1,0.91,0,-0.8438,0,0.37,1,1,3.19,🟡 흐림,위험자산 10~20% 축소,1.71,1.17,0.31,1,1,1,0,2,0,0,0,0,1
2024-04-09,-0.38,3.3607951262196734,3.14,14.979999542236328,139.27999877929688,16.420000076293945,-1.4400005340576172,2.44,21.3,HIGH,LOW,과열,1,0.91,0,-0.8438,0,0.37,1,1,2.61,🟢 맑음,기본 비중 유지,1.71,0.58,0.31,1,1,1,0,1,0,0,0,0,1
2024-04-10,-0.42,3.3607951262196734,3.1,15.800000190734863,139.94000244140625,17.040000915527344,-1.2400007247924805,2.49,21.3,HIGH,LOW,과열,1,0.89,0,-0.8438,0,0.37,1,1,2.61,🟢 맑음,기본 비중 유지,1.71,0.58,0.31,1,1,1,0,1,0,0,0,0,1
2024-04-11,-0.37,3.3607951262196734,3.16,14.90999984741211,136.16000366210938,16.489999771118164,-1.5799999237060547,2.48,21.3,HIGH,LOW,과열,1,0.89,0,-0.8438,0,0.37,1,1,2.61,🟢 맑음,기본 비중 유지,1.71,0.58,0.31,1,1,1,0,1,0,0,0,0,1
2024-04-12,-0.38,3.3607951262196734,3.25,17.309999465942383,142.30999755859375,18.200000762939453,-0.8900012969970703,2.47,21.3,HIGH,LOW,과열,1,0.92,0,-0.7943,0,0.37,1,1,3.19,🟡 흐림,위험자산 10~20% 축소,1.71,1.17,0.31,1,1,1,0,2,0,0,0,0,1
2024-04-15,-0.3,3.3607951262196734,3.28,19.229999542236328,137.72000122070312,19.549999237060547,-0.31999969482421875,2.52,21.2,HIGH,LOW,과열,1,0.92,0,-0.7943,0,0.37,1,1,2.61,🟢 맑음,기본 비중 유지,1.71,0.58,0.31,1,1,1,0,1,0,0,0,0,1
2024-04-16,-0.3,3.3607951262196734,3.36,18.399999618530273,135.60000610351562,18.84000015258789,-0.4400005340576172,2.52,21.2,HIGH,LOW,과열,1,0.95,0,-0.7943,0,0.37,1,1,2.61,🟢 맑음,기본 비중 유지,1.71,0.58,0.31,1,1,1,0,1,0,0,0,0,1
2024-04-17,-0.34,3.3607951262196734,3.42,18.209999084472656,134.3800048828125,18.770000457763672,-0.5600013732910156,2.47,21.2,HIGH,LOW,과열,1,0.95,0,-0.7943,0,0.37,1,1,2.61,🟢 맑음,기본 비중 유지,1.71,0.58,0.31,1,1,1,0,1,0,0,0,0,1
2024-04-18,-0.34,3.3607951262196734,3.39,18.0,131.8000030517578,18.65999984741211,-0.6599998474121094,2.44,21.2,HIGH,LOW,과열,1,0.94,0,-0.7943,0,0.37,1,1,2.61,🟢 맑음,기본 비중 유지,1.71,0.58,0.31,1,1,1,0,1,0,0,0,0,1
2024-04-19,-0.35,3.3607951262196734,3.37,18.709999084472656,133.39999389648438,19.25,-0.5400009155273438,2.44,21.2,HIGH,LOW,과열,1,0.94,0,-0.4158,0,0.37,1,1,2.61,🟢 맑음,기본 비중 유지,1.71,0.58,0.31,1,1,1,0,1,0,0,0,0,1
2024-04-22,-0.35,3.3607951262196734,3.29,16.940000534057617,131.67999267578125,17.6299991607666,-0.6899986267089844,2.45,20.9,HIGH,LOW,과열,1,0.93,0,-0.4158,0,0.37,1,1,2.61,🟢 맑음,기본 비중 유지,1.71,0.58,0.31,1,1,1,0,1,0,0,0,0,1
2024-04-23,-0.25,3.3607951262196734,3.2,15.6899995803833,135.61000061035156,16.68000030517578,-0.9900007247924805,2.44,20.9,HIGH,LOW,과열,1,0.92,0,-0.4158,0,0.37,1,1,2.61,🟢 맑음,기본 비중 유지,1.71,0.58,0.31,1,1,1,0,1,0,0,0,0,1
2024-04-24,-0.24,3.3607951262196734,3.19,15.970000267028809,135.05999755859375,16.84000015258789,-0.869999885559082,2.42,20.9,HIGH,LOW,과열,1,0.92,0,-0.4158,0,0.37,1,1,2.61,🟢 맑음,기본 비중 유지,1.71,0.58,0.31,1,1,1,0,1,0,0,0,0,1
2024-04-25,-0.26,3.3607951262196734,3.24,15.369999885559082,135.05999755859375,16.3700008392334,-1.0000009536743164,2.43,20.9,HIGH,LOW,과열,1,0.92,0,-0.4158,0,0.37,1,1,2.61,🟢 맑음,기본 비중 유지,1.71,0.58,0.31,1,1,1,0,1,0,0,0,0,1
2024-04-26,-0.29,3.3607951262196734,3.16,15.029999732971191,140.86000061035156,16.270000457763672,-1.2400007247924805,2.44,20.9,HIGH,LOW,과열,1,0.9,0,-0.8403,0,0.37,1,1,3.19,🟡 흐림,위험자산 10~20% 축소,1.71,1.17,0.31,1,1,1,0,2,0,0,0,0,1
2024-04-29,-0.34,3.3607951262196734,3.12,14.670000076293945,138.3000030517578,16.0,-1.3299999237060547,2.43,20.7,HIGH,LOW,과열,1,0.9,0,-0.8403,0,0.37,1,1,2.61,🟢 맑음,기본 비중 유지,1.71,0.58,0.31,1,1,1,0,1,0,0,0,0,1
2024-04-30,-0.35,3.3607951262196734,3.18,15.649999618530273,132.39999389648438,16.59000015258789,-0.9400005340576172,2.43,20.7,HIGH,LOW,과열,1,0.91,0,-0.8403,0,0.37,1,1,2.61,🟢 맑음,기본 비중 유지,1.71,0.58,0.31,1,1,1,0,1,0,0,0,0,1
2024-05-01,-0.33,3.244278584003113,3.21,15.390000343322754,133.35000610351562,16.56999969482422,-1.1799993515014648,2.39,20.7,HIGH,LOW,과열,1,0.91,0,-0.8403,0,0.37,1,1,2.61,🟢 맑음,기본 비중 유지,1.71,0.58,0.31,1,1,1,0,1,0,0,0,0,1
2024-05-02,-0.29,3.244278584003113,3.16,14.680000305175781,132.1199951171875,16.049999237060547,-1.3699989318847656,2.37,20.7,HIGH,LOW,과열,1,0.9,0,-0.8403,0,0.37,1,1,2.61,🟢 맑음,기본 비중 유지,1.71,0.58,0.31,1,1,1,0,1,0,0,0,0,1
2024-05-03,-0.31,3.244278584003113,3.08,13.489999771118164,135.17999267578125,15.270000457763672,-1.7800006866455078,2.35,20.7,HIGH,LOW,과열,1,0.89,0,-0.8293,0,0.37,1,1,2.61,🟢 맑음,기본 비중 유지,1.71,0.58,0.31,1,1,1,0,1,0,0,0,0,1
2024-05-06,-0.33,3.244278584003113,3.03,13.489999771118164,130.0800018310547,15.020000457763672,-1.5300006866455078,2.34,23.0,HIGH,NEUTRAL,둔화_주의,2,0.88,0,-0.8293,0,0.37,1,1,3.18,🟡 흐림,위험자산 10~20% 축소,2.29,0.58,0.31,1,1,2,0,1,0,0,0,0,1
2024-05-07,-0.35,3.244278584003113,3.06,13.229999542236328,133.63999938964844,14.949999809265137,-1.7200002670288086,2.32,23.0,HIGH,NEUTRAL,둔화_주의,2,0.88,0,-0.8293,0,0.37,1,1,3.18,🟡 흐림,위험자산 10~20% 축소,2.29,0.58,0.31,1,1,2,0,1,0,0,0,0,1
2024-05-08,-0.36,3.244278584003113,3.1,13.0,133.24000549316406,14.899999618530273,-1.8999996185302734,2.31,23.0,HIGH,NEUTRAL,둔화_주의,2,0.89,0,-0.8293,0,0.37,1,1,3.18,🟡 흐림,위험자산 10~20% 축소,2.29,0.58,0.31,1,1,2,0,1,0,0,0,0,1
2024-05-09,-0.35,3.244278584003113,3.14,12.6899995803833,136.4600067138672,14.710000038146973,-2.020000457763672,2.34,23.0,HIGH,NEUTRAL,둔화_주의,2,0.89,0,-0.8293,0,0.37,1,1,3.18,🟡 흐림,위험자산 10~20% 축소,2.29,0.58,0.31,1,1,2,0,1,0,0,0,0,1
2024-05-10,-0.37,3.244278584003113,3.12,12.550000190734863,137.3000030517578,14.65999984741211,-2.109999656677246,2.34,23.0,HIGH,NEUTRAL,둔화_주의,2,0.89,0,-0.9219,0,0.37,1,1,3.18,🟡 흐림,위험자산 10~20% 축소,2.29,0.58,0.31,1,1,2,0,1,0,0,0,0,1
2024-05-13,-0.37,3.244278584003113,3.14,13.600000381469727,139.64999389648438,14.890000343322754,-1.2899999618530273,2.33,22.2,HIGH,NEUTRAL,둔화_주의,2,0.9,0,-0.9219,0,0.37,1,1,3.18,🟡 흐림,위험자산 10~20% 축소,2.29,0.58,0.31,1,1,2,0,1,0,0,0,0,1
2024-05-14,-0.36,3.244278584003113,3.14,13.420000076293945,140.17999267578125,14.699999809265137,-1.2799997329711914,2.32,22.2,HIGH,NEUTRAL,둔화_주의,2,0.9,0,-0.9219,0,0.37,1,1,3.76,🟡 흐림,위험자산 10~20% 축소,2.29,1.17,0.31,1,1,2,0,2,0,0,0,0,1
2024-05-15,-0.37,3.244278584003113,3.13,12.449999809265137,140.63999938964844,14.079999923706055,-1.630000114440918,2.29,22.2,NEUTRAL,NEUTRAL,둔화_주의,2,0.9,0,-0.9219,0,0.37,1,1,3.76,🟡 흐림,위험자산 10~20% 축소,2.29,1.17,0.31,1,1,2,0,2,0,0,0,0,1
2024-05-16,-0.4,3.244278584003113,3.08,12.420000076293945,147.85000610351562,14.220000267028809,-1.8000001907348633,2.3,22.2,NEUTRAL,NEUTRAL,둔화_주의,2,0.89,0,-0.9219,0,0.37,1,1,3.76,🟡 흐림,위험자산 10~20% 축소,2.29,1.17,0.31,1,1,2,0,2,0,0,0,0,1
2024-05-17,-0.41,3.244278584003113,3.09,11.989999771118164,143.0500030517578,13.989999771118164,-2.0,2.32,22.2,HIGH,NEUTRAL,둔화_주의,2,0.89,0,-0.9093,0,0.37,1,1,3.76,🟡 흐림,위험자산 10~20% 축소,2.29,1.17,0.31,1,1,2,0,2,0,0,0,0,1
2024-05-20,-0.38,3.244278584003113,3.07,12.149999618530273,144.5399932861328,14.109999656677246,-1.9600000381469727,2.33,21.6,HIGH,LOW,과열,1,0.88,0,-0.9093,0,0.37,1,1,3.19,🟡 흐림,위험자산 10~20% 축소,1.71,1.17,0.31,1,1,1,0,2,0,0,0,0,1
2024-05-21,-0.41,3.244278584003113,3.07,11.859999656677246,149.52000427246094,13.949999809265137,-2.0900001525878906,2.33,21.6,HIGH,LOW,과열,1,0.89,0,-0.9093,0,0.37,1,1,3.19,🟡 흐림,위험자산 10~20% 축소,1.71,1.17,0.31,1,1,1,0,2,0,0,0,0,1
2024-05-22,-0.43,3.244278584003113,3.11,12.289999961853027,150.13999938964844,14.3100004196167,-2.020000457763672,2.33,21.6,HIGH,LOW,과열,1,0.89,0,-0.9093,0,0.37,1,1,3.19,🟡 흐림,위험자산 10~20% 축소,1.71,1.17,0.31,1,1,1,0,2,0,0,0,0,1
2024-05-23,-0.44,3.244278584003113,3.1,12.770000457763672,153.3300018310547,14.670000076293945,-1.8999996185302734,2.31,21.6,HIGH,LOW,과열,1,0.89,0,-0.9093,0,0.37,1,1,3.19,🟡 흐림,위험자산 10~20% 축소,1.71,1.17,0.31,1,1,1,0,2,0,0,0,0,1
2024-05-24,-0.47,3.244278584003113,3.11,11.930000305175781,155.86000061035156,14.170000076293945,-2.239999771118164,2.33,21.6,HIGH,LOW,과열,1,0.89,0,-0.9597,0,0.37,1,1,3.19,🟡 흐림,위험자산 10~20% 축소,1.71,1.17,0.31,1,1,1,0,2,0,0,0,0,1
2024-05-27,-0.47,3.244278584003113,3.12,11.930000305175781,155.86000061035156,14.170000076293945,-2.239999771118164,2.33,22.0,HIGH,NEUTRAL,둔화_주의,2,0.89,0,-0.9597,0,0.37,1,1,3.76,🟡 흐림,위험자산 10~20% 축소,2.29,1.17,0.31,1,1,2,0,2,0,0,0,0,1
2024-05-28,-0.4,3.244278584003113,3.09,12.920000076293945,152.22999572753906,14.720000267028809,-1.8000001907348633,2.33,22.0,HIGH,NEUTRAL,둔화_주의,2,0.88,0,-0.9597,0,0.37,1,1,3.76,🟡 흐림,위험자산 10~20% 축소,2.29,1.17,0.31,1,1,2,0,2,0,0,0,0,1
2024-05-29,-0.35,3.244278584003113,3.15,14.279999732971191,151.8000030517578,15.449999809265137,-1.1700000762939453,2.36,22.0,HIGH,NEUTRAL,둔화_주의,2,0.88,0,-0.9597,0,0.37,1,1,3.76,🟡 흐림,위험자산 10~20% 축소,2.29,1.17,0.31,1,1,2,0,2,0,0,0,0,1
2024-05-30,-0.37,3.244278584003113,3.19,14.470000267028809,151.8000030517578,15.59000015258789,-1.119999885559082,2.35,22.0,HIGH,NEUTRAL,둔화_주의,2,0.88,0,-0.9597,0,0.37,1,1,3.76,🟡 흐림,위험자산 10~20% 축소,2.29,1.17,0.31,1,1,2,0,2,0,0,0,0,1
2024-05-31,-0.38,3.244278584003113,3.2,12.920000076293945,148.10000610351562,14.65999984741211,-1.739999771118164,2.34,22.0,HIGH,NEUTRAL,둔화_주의,2,0.88,0,-0.8498,0,0.37,1,1,3.76,🟡 흐림,위험자산 10~20% 축소,2.29,1.17,0.31,1,1,2,0,2,0,0,0,0,1
2024-06-03,-0.41,3.244278584003113,3.17,13.109999656677246,139.00999450683594,14.800000190734863,-1.6900005340576172,2.31,22.7,HIGH,NEUTRAL,둔화_주의,2,0.88,0,-0.8498,0,0.43,1,1,3.18,🟡 흐림,위험자산 10~20% 축소,2.29,0.58,0.31,1,1,2,0,1,0,0,0,0,1
2024-06-04,-0.44,3.244278584003113,3.22,13.15999984741211,138.17999267578125,14.880000114440918,-1.7200002670288086,2.28,22.7,NEUTRAL,NEUTRAL,둔화_주의,2,0.9,0,-0.8498,0,0.43,1,1,3.18,🟡 흐림,위험자산 10~20% 축소,2.29,0.58,0.31,1,1,2,0,1,0,0,0,0,1
2024-06-05,-0.43,3.244278584003113,3.2,12.630000114440918,141.39999389648438,14.539999961853027,-1.9099998474121094,2.27,22.7,NEUTRAL,NEUTRAL,둔화_주의,2,0.91,0,-0.8498,0,0.43,1,1,3.76,🟡 흐림,위험자산 10~20% 축소,2.29,1.17,0.31,1,1,2,0,2,0,0,0,0,1
2024-06-06,-0.44,3.244278584003113,3.2,12.579999923706055,140.17999267578125,14.539999961853027,-1.9600000381469727,2.25,22.7,NEUTRAL,NEUTRAL,둔화_주의,2,0.92,0,-0.8498,0,0.43,1,1,3.76,🟡 흐림,위험자산 10~20% 축소,2.29,1.17,0.31,1,1,2,0,2,0,0,0,0,1
2024-06-07,-0.44,3.244278584003113,3.15,12.220000267028809,139.61000061035156,14.40999984741211,-2.189999580383301,2.28,22.7,NEUTRAL,NEUTRAL,둔화_주의,2,0.9,0,-0.8425,0,0.43,1,1,3.18,🟡 흐림,위험자산 10~20% 축소,2.29,0.58,0.31,1,1,2,0,1,0,0,0,0,1
2024-06-10,-0.4,3.244278584003113,3.15,12.739999771118164,141.55999755859375,14.600000381469727,-1.8600006103515625,2.27,24.0,NEUTRAL,NEUTRAL,둔화_주의,2,0.9,0,-0.8425,0,0.43,1,1,3.76,🟡 흐림,위험자산 10~20% 축소,2.29,1.17,0.31,1,1,2,0,2,0,0,0,0,1
2024-06-11,-0.42,3.244278584003113,3.19,12.850000381469727,144.6999969482422,14.489999771118164,-1.6399993896484375,2.25,24.0,NEUTRAL,NEUTRAL,둔화_주의,2,0.91,0,-0.8425,0,0.43,1,1,3.76,🟡 흐림,위험자산 10~20% 축소,2.29,1.17,0.31,1,1,2,0,2,0,0,0,0,1
2024-06-12,-0.44,3.244278584003113,3.09,12.039999961853027,144.6999969482422,14.119999885559082,-2.0799999237060547,2.17,24.0,NEUTRAL,NEUTRAL,둔화_주의,2,0.9,0,-0.8425,0,0.43,1,1,3.76,🟡 흐림,위험자산 10~20% 축소,2.29,1.17,0.31,1,1,2,0,2,0,0,0,0,1
2024-06-13,-0.44,3.244278584003113,3.2,11.9399995803833,144.6999969482422,14.170000076293945,-2.2300004959106445,2.14,24.0,NEUTRAL,NEUTRAL,둔화_주의,2,0.92,0,-0.8425,0,0.43,1,1,3.76,🟡 흐림,위험자산 10~20% 축소,2.29,1.17,0.31,1,1,2,0,2,0,0,0,0,1
2024-06-14,-0.47,3.244278584003113,3.29,12.65999984741211,156.17999267578125,14.84000015258789,-2.1800003051757812,2.11,24.0,NEUTRAL,NEUTRAL,둔화_주의,2,0.95,0,-0.8695,0,0.43,1,1,3.76,🟡 흐림,위험자산 10~20% 축소,2.29,1.17,0.31,1,1,2,0,2,0,0,0,0,1
2024-06-17,-0.47,3.244278584003113,3.26,12.75,153.83999633789062,14.789999961853027,-2.0399999618530273,2.16,23.6,NEUTRAL,NEUTRAL,둔화_주의,2,0.95,0,-0.8695,0,0.43,1,1,3.76,🟡 흐림,위험자산 10~20% 축소,2.29,1.17,0.31,1,1,2,0,2,0,0,0,0,1
2024-06-18,-0.47,3.244278584003113,3.24,12.300000190734863,142.89999389648438,14.6899995803833,-2.3899993896484375,2.17,23.6,NEUTRAL,NEUTRAL,둔화_주의,2,0.96,0,-0.8695,0,0.43,1,1,3.76,🟡 흐림,위험자산 10~20% 축소,2.29,1.17,0.31,1,1,2,0,2,0,0,0,0,1
2024-06-19,-0.47,3.244278584003113,3.24,12.300000190734863,142.89999389648438,14.6899995803833,-2.3899993896484375,2.17,23.6,NEUTRAL,NEUTRAL,둔화_주의,2,0.96,0,-0.8695,0,0.43,1,1,3.76,🟡 흐림,위험자산 10~20% 축소,2.29,1.17,0.31,1,1,2,0,2,0,0,0,0,1
2024-06-20,-0.45,3.244278584003113,3.23,13.279999732971191,148.60000610351562,15.40999984741211,-2.130000114440918,2.21,23.6,NEUTRAL,NEUTRAL,둔화_주의,2,0.96,0,-0.8695,0,0.43,1,1,3.76,🟡 흐림,위험자산 10~20% 축소,2.29,1.17,0.31,1,1,2,0,2,0,0,0,0,1
2024-06-21,-0.45,3.244278584003113,3.21,13.199999809265137,151.7899932861328,15.170000076293945,-1.9700002670288086,2.19,23.6,NEUTRAL,NEUTRAL,둔화_주의,2,0.96,0,-0.8304,0,0.43,1,1,3.76,🟡 흐림,위험자산 10~20% 축소,2.29,1.17,0.31,1,1,2,0,2,0,0,0,0,1
2024-06-24,-0.46,3.244278584003113,3.19,13.329999923706055,147.1300048828125,15.229999542236328,-1.8999996185302734,2.18,23.3,NEUTRAL,NEUTRAL,둔화_주의,2,0.96,0,-0.8304,0,0.43,1,1,3.76,🟡 흐림,위험자산 10~20% 축소,2.29,1.17,0.31,1,1,2,0,2,0,0,0,0,1
2024-06-25,-0.42,3.244278584003113,3.19,12.84000015258789,146.63999938964844,14.859999656677246,-2.0199995040893555,2.17,23.3,NEUTRAL,NEUTRAL,둔화_주의,2,0.96,0,-0.8304,0,0.43,1,1,3.76,🟡 흐림,위험자산 10~20% 축소,2.29,1.17,0.31,1,1,2,0,2,0,0,0,0,1
2024-06-26,-0.39,3.244278584003113,3.18,12.550000190734863,143.49000549316406,14.710000038146973,-2.1599998474121094,2.2,23.3,NEUTRAL,NEUTRAL,둔화_주의,2,0.97,0,-0.8304,0,0.43,1,1,3.76,🟡 흐림,위험자산 10~20% 축소,2.29,1.17,0.31,1,1,2,0,2,0,0,0,0,1
2024-06-27,-0.41,3.244278584003113,3.21,12.239999771118164,143.05999755859375,14.420000076293945,-2.1800003051757812,2.22,23.3,NEUTRAL,NEUTRAL,둔화_주의,2,0.96,0,-0.8304,0,0.43,1,1,3.76,🟡 흐림,위험자산 10~20% 축소,2.29,1.17,0.31,1,1,2,0,2,0,0,0,0,1
2024-06-28,-0.35,3.244278584003113,3.18,12.4399995803833,141.7899932861328,14.520000457763672,-2.080000877380371,2.24,23.3,NEUTRAL,NEUTRAL,둔화_주의,2,0.96,0,-0.8354,0,0.43,1,1,3.76,🟡 흐림,위험자산 10~20% 축소,2.29,1.17,0.31,1,1,2,0,2,0,0,0,0,1
2024-07-01,-0.29,2.9414757935583014,3.21,12.220000267028809,145.82000732421875,14.1899995803833,-1.9699993133544922,2.29,23.8,NEUTRAL,NEUTRAL,둔화_주의,2,0.94,0,-0.8354,0,0.53,2,2,4.08,🟡 흐림,위험자산 10~20% 축소,2.29,1.17,0.62,1,1,2,0,2,0,0,0,0,2
2024-07-02,-0.31,2.9414757935583014,3.23,12.029999732971191,147.16000366210938,14.010000228881836,-1.9800004959106445,2.26,23.8,NEUTRAL,NEUTRAL,둔화_주의,2,0.93,0,-0.8354,0,0.53,2,2,4.08,🟡 흐림,위험자산 10~20% 축소,2.29,1.17,0.62,1,1,2,0,2,0,0,0,0,2
2024-07-03,-0.35,2.9414757935583014,3.25,12.09000015258789,148.8300018310547,14.020000457763672,-1.9300003051757812,2.23,23.8,NEUTRAL,NEUTRAL,둔화_주의,2,0.93,0,-0.8354,0,0.53,2,2,4.08,🟡 흐림,위험자산 10~20% 축소,2.29,1.17,0.62,1,1,2,0,2,0,0,0,0,2
2024-07-04,-0.35,2.9414757935583014,3.25,12.09000015258789,148.8300018310547,14.020000457763672,-1.9300003051757812,2.23,23.8,NEUTRAL,NEUTRAL,둔화_주의,2,0.93,0,-0.8354,0,0.53,2,2,4.08,🟡 흐림,위험자산 10~20% 축소,2.29,1.17,0.62,1,1,2,0,2,0,0,0,0,2
2024-07-05,-0.32,2.9414757935583014,3.27,12.479999542236328,150.1999969482422,14.350000381469727,-1.8700008392333984,2.22,23.8,NEUTRAL,NEUTRAL,둔화_주의,2,0.92,0,-0.8271,0,0.53,2,2,4.08,🟡 흐림,위험자산 10~20% 축소,2.29,1.17,0.62,1,1,2,0,2,0,0,0,0,2
2024-07-08,-0.34,2.9414757935583014,3.2,12.369999885559082,148.52999877929688,14.289999961853027,-1.9200000762939453,2.22,22.3,NEUTRAL,NEUTRAL,둔화_주의,2,0.92,0,-0.8271,0,0.53,2,2,4.08,🟡 흐림,위험자산 10~20% 축소,2.29,1.17,0.62,1,1,2,0,2,0,0,0,0,2
2024-07-09,-0.32,2.9414757935583014,3.21,12.510000228881836,151.08999633789062,14.390000343322754,-1.880000114440918,2.21,22.3,NEUTRAL,NEUTRAL,둔화_주의,2,0.92,0,-0.8271,0,0.53,2,2,4.08,🟡 흐림,위험자산 10~20% 축소,2.29,1.17,0.62,1,1,2,0,2,0,0,0,0,2
2024-07-10,-0.34,2.9414757935583014,3.17,12.850000381469727,156.9600067138672,14.5,-1.6499996185302734,2.22,22.3,NEUTRAL,NEUTRAL,둔화_주의,2,0.92,0,-0.8271,0,0.53,2,2,4.08,🟡 흐림,위험자산 10~20% 축소,2.29,1.17,0.62,1,1,2,0,2,0,0,0,0,2
2024-07-11,-0.3,2.9414757935583014,3.18,12.920000076293945,152.22999572753906,14.670000076293945,-1.75,2.18,22.3,NEUTRAL,NEUTRAL,둔화_주의,2,0.93,0,-0.8271,0,0.53,2,2,4.08,🟡 흐림,위험자산 10~20% 축소,2.29,1.17,0.62,1,1,2,0,2,0,0,0,0,2
2024-07-12,-0.27,2.9414757935583014,3.19,12.460000038146973,150.86000061035156,14.369999885559082,-1.9099998474121094,2.15,22.3,NEUTRAL,NEUTRAL,둔화_주의,2,0.92,0,-0.831,0,0.53,2,2,4.08,🟡 흐림,위험자산 10~20% 축소,2.29,1.17,0.62,1,1,2,0,2,0,0,0,0,2
2024-07-15,-0.21,2.9414757935583014,3.13,13.119999885559082,147.39999389648438,14.869999885559082,-1.75,2.2,24.1,NEUTRAL,NEUTRAL,둔화_주의,2,0.92,0,-0.831,0,0.53,2,2,4.08,🟡 흐림,위험자산 10~20% 축소,2.29,1.17,0.62,1,1,2,0,2,0,0,0,0,2
2024-07-16,-0.26,2.9414757935583014,3.08,13.1899995803833,151.52999877929688,14.90999984741211,-1.7200002670288086,2.2,24.1,NEUTRAL,NEUTRAL,둔화_주의,2,0.92,0,-0.831,0,0.53,2,2,4.08,🟡 흐림,위험자산 10~20% 축소,2.29,1.17,0.62,1,1,2,0,2,0,0,0,0,2
2024-07-17,-0.26,2.9414757935583014,3.09,14.479999542236328,146.38999938964844,15.789999961853027,-1.3100004196166992,2.19,24.1,NEUTRAL,NEUTRAL,둔화_주의,2,0.93,0,-0.831,0,0.53,2,2,4.08,🟡 흐림,위험자산 10~20% 축소,2.29,1.17,0.62,1,1,2,0,2,0,0,0,0,2
2024-07-18,-0.26,2.9414757935583014,3.09,15.930000305175781,151.1199951171875,16.559999465942383,-0.6299991607666016,2.19,24.1,NEUTRAL,NEUTRAL,둔화_주의,2,0.93,0,-0.831,0,0.53,2,2,4.08,🟡 흐림,위험자산 10~20% 축소,2.29,1.17,0.62,1,1,2,0,2,0,0,0,0,2
2024-07-19,-0.24,2.9414757935583014,3.09,16.520000457763672,146.99000549316406,17.15999984741211,-0.6399993896484375,2.18,24.1,NEUTRAL,NEUTRAL,둔화_주의,2,0.93,0,-0.6633,0,0.53,2,2,4.08,🟡 흐림,위험자산 10~20% 축소,2.29,1.17,0.62,1,1,2,0,2,0,0,0,0,2
2024-07-22,-0.24,2.9414757935583014,3.05,14.90999984741211,141.3800048828125,16.09000015258789,-1.1800003051757812,2.18,23.7,NEUTRAL,NEUTRAL,둔화_주의,2,0.93,0,-0.6633,0,0.53,2,2,4.08,🟡 흐림,위험자산 10~20% 축소,2.29,1.17,0.62,1,1,2,0,2,0,0,0,0,2
2024-07-23,-0.15,2.9414757935583014,3.02,14.720000267028809,137.0,16.010000228881836,-1.2899999618530273,2.17,23.7,NEUTRAL,NEUTRAL,둔화_주의,2,0.93,0,-0.6633,0,0.53,2,2,3.49,🟡 흐림,위험자산 10~20% 축소,2.29,0.58,0.62,1,1,2,0,1,0,0,0,0,2
2024-07-24,-0.09,2.9414757935583014,3.1,18.040000915527344,136.83999633789062,18.43000030517578,-0.3899993896484375,2.13,23.7,NEUTRAL,NEUTRAL,둔화_주의,2,0.96,0,-0.6633,0,0.53,2,2,3.49,🟡 흐림,위험자산 10~20% 축소,2.29,0.58,0.62,1,1,2,0,1,0,0,0,0,2
2024-07-25,-0.14,2.9414757935583014,3.08,18.459999084472656,134.1699981689453,18.690000534057617,-0.23000144958496094,2.13,23.7,NEUTRAL,NEUTRAL,둔화_주의,2,0.95,0,-0.6633,0,0.53,2,2,3.49,🟡 흐림,위험자산 10~20% 축소,2.29,0.58,0.62,1,1,2,0,1,0,0,0,0,2
2024-07-26,-0.16,2.9414757935583014,3.1,16.389999389648438,131.72999572753906,17.239999771118164,-0.8500003814697266,2.13,23.7,NEUTRAL,NEUTRAL,둔화_주의,2,0.95,0,-0.6213,0,0.53,2,2,3.49,🟡 흐림,위험자산 10~20% 축소,2.29,0.58,0.62,1,1,2,0,1,0,0,0,0,2
2024-07-29,-0.19,2.9414757935583014,3.13,16.600000381469727,128.92999267578125,17.15999984741211,-0.5599994659423828,2.13,24.8,NEUTRAL,NEUTRAL,둔화_주의,2,0.95,0,-0.6213,0,0.53,2,2,2.91,🟢 맑음,기본 비중 유지,2.29,0.0,0.62,1,1,2,0,0,0,0,0,0,2
2024-07-30,-0.2,2.9414757935583014,3.2,17.690000534057617,127.30999755859375,18.010000228881836,-0.31999969482421875,2.12,24.8,NEUTRAL,NEUTRAL,둔화_주의,2,0.96,0,-0.6213,0,0.53,2,2,2.91,🟢 맑음,기본 비중 유지,2.29,0.0,0.62,1,1,2,0,0,0,0,0,0,2
2024-07-31,-0.2,2.9414757935583014,3.25,16.360000610351562,136.69000244140625,16.969999313354492,-0.6099987030029297,2.13,24.8,NEUTRAL,NEUTRAL,둔화_주의,2,0.97,0,-0.6213,0,0.53,2,2,3.49,🟡 흐림,위험자산 10~20% 축소,2.29,0.58,0.62,1,1,2,0,1,0,0,0,0,2
2024-08-01,-0.17,2.607144490692037,3.35,18.59000015258789,136.69000244140625,19.139999389648438,-0.5499992370605469,2.06,24.8,NEUTRAL,NEUTRAL,둔화_주의,2,1.0,1,-0.6213,0,0.57,2,3,3.81,🟡 흐림,위험자산 10~20% 축소,2.29,0.58,0.94,1,1,2,0,1,0,0,1,0,2
2024-08-02,-0.08,2.607144490692037,3.72,23.389999389648438,139.64999389648438,23.34000015258789,0.049999237060546875,1.89,24.8,NEUTRAL,NEUTRAL,둔화_주의,2,1.06,1,-0.3392,0,0.57,2,3,4.97,🟡 흐림,위험자산 10~20% 축소,2.29,1.75,0.94,1,1,2,1,1,1,0,1,0,2
2024-08-05,-0.11,2.607144490692037,3.93,38.56999969482422,145.3000030517578,33.709999084472656,4.8600006103515625,1.91,23.4,NEUTRAL,NEUTRAL,둔화_주의,2,1.12,1,-0.3392,0,0.57,2,3,6.72,🔴 폭풍,공격적 방어 모드,2.29,3.5,0.94,1,1,2,2,2,2,0,1,0,2
2024-08-06,-0.09,2.607144490692037,3.67,27.709999084472656,145.3000030517578,26.760000228881836,0.9499988555908203,1.96,23.4,NEUTRAL,NEUTRAL,둔화_주의,2,1.08,1,-0.3392,0,0.57,2,3,5.56,🟡 흐림,위험자산 10~20% 축소,2.29,2.33,0.94,1,1,2,1,2,1,0,1,0,2
2024-08-07,-0.04,2.607144490692037,3.57,27.850000381469727,145.3000030517578,27.010000228881836,0.8400001525878906,1.97,23.4,NEUTRAL,NEUTRAL,둔화_주의,2,1.07,1,-0.3392,0,0.57,2,3,5.56,🟡 흐림,위험자산 10~20% 축소,2.29,2.33,0.94,1,1,2,1,2,1,0,1,0,2
2024-08-08,-0.05,2.607144490692037,3.48,23.790000915527344,145.3000030517578,24.1299991607666,-0.3399982452392578,1.98,23.4,NEUTRAL,NEUTRAL,둔화_주의,2,1.05,1,-0.3392,0,0.57,2,3,4.97,🟡 흐림,위험자산 10~20% 축소,2.29,1.75,0.94,1,1,2,1,2,0,0,1,0,2
2024-08-09,-0.11,2.607144490692037,3.49,20.3700008392334,144.52000427246094,21.18000030517578,-0.8099994659423828,1.96,23.4,NEUTRAL,NEUTRAL,둔화_주의,2,1.05,1,-0.1617,0,0.57,2,3,4.97,🟡 흐림,위험자산 10~20% 축소,2.29,1.75,0.94,1,1,2,1,2,0,0,1,0,2
2024-08-12,-0.11,2.607144490692037,3.52,20.709999084472656,140.82000732421875,21.6299991607666,-0.9200000762939453,1.98,22.8,NEUTRAL,NEUTRAL,둔화_주의,2,1.05,1,-0.1617,0,0.57,2,3,4.97,🟡 흐림,위험자산 10~20% 축소,2.29,1.75,0.94,1,1,2,1,2,0,0,1,0,2
2024-08-13,-0.08,2.607144490692037,3.54,18.1200008392334,143.8699951171875,19.860000610351562,-1.739999771118164,1.96,22.8,NEUTRAL,NEUTRAL,둔화_주의,2,1.04,1,-0.1617,0,0.57,2,3,4.39,🟡 흐림,위험자산 10~20% 축소,2.29,1.17,0.94,1,1,2,0,2,0,0,1,0,2
2024-08-14,-0.11,2.607144490692037,3.46,16.190000534057617,141.82000732421875,18.450000762939453,-2.260000228881836,1.93,22.8,NEUTRAL,NEUTRAL,둔화_주의,2,1.02,1,-0.1617,0,0.57,2,3,4.39,🟡 흐림,위험자산 10~20% 축소,2.29,1.17,0.94,1,1,2,0,2,0,0,1,0,2
2024-08-15,-0.16,2.607144490692037,3.31,15.229999542236328,143.55999755859375,17.8799991607666,-2.6499996185302734,1.99,22.8,NEUTRAL,NEUTRAL,둔화_주의,2,0.98,0,-0.1617,0,0.57,2,2,4.08,🟡 흐림,위험자산 10~20% 축소,2.29,1.17,0.62,1,1,2,0,2,0,0,0,0,2
2024-08-16,-0.17,2.607144490692037,3.29,14.800000190734863,142.5500030517578,17.809999465942383,-3.0099992752075195,1.97,22.8,NEUTRAL,NEUTRAL,둔화_주의,2,0.98,0,-0.7375,0,0.57,2,2,4.08,🟡 흐림,위험자산 10~20% 축소,2.29,1.17,0.62,1,1,2,0,2,0,0,0,0,2
2024-08-19,-0.2,2.607144490692037,3.21,14.649999618530273,141.5,17.59000015258789,-2.940000534057617,1.94,23.2,NEUTRAL,NEUTRAL,둔화_주의,2,0.97,0,-0.7375,0,0.57,2,2,4.08,🟡 흐림,위험자산 10~20% 축소,2.29,1.17,0.62,1,1,2,0,2,0,0,0,0,2
2024-08-20,-0.17,2.607144490692037,3.25,15.880000114440918,146.25999450683594,18.280000686645508,-2.40000057220459,1.95,23.2,NEUTRAL,NEUTRAL,둔화_주의,2,0.98,0,-0.7375,0,0.57,2,2,4.08,🟡 흐림,위험자산 10~20% 축소,2.29,1.17,0.62,1,1,2,0,2,0,0,0,0,2
2024-08-21,-0.13,2.607144490692037,3.27,16.270000457763672,149.6699981689453,18.579999923706055,-2.309999465942383,1.94,23.2,NEUTRAL,NEUTRAL,둔화_주의,2,0.98,0,-0.7375,0,0.57,2,2,4.08,🟡 흐림,위험자산 10~20% 축소,2.29,1.17,0.62,1,1,2,0,2,0,0,0,0,2
2024-08-22,-0.13,2.607144490692037,3.21,17.549999237060547,154.16000366210938,19.360000610351562,-1.8100013732910156,1.96,23.2,NEUTRAL,NEUTRAL,둔화_주의,2,0.97,0,-0.7375,0,0.57,2,2,4.08,🟡 흐림,위험자산 10~20% 축소,2.29,1.17,0.62,1,1,2,0,2,0,0,0,0,2
2024-08-23,-0.09,2.607144490692037,3.19,15.859999656677246,153.9499969482422,18.190000534057617,-2.330000877380371,2.01,23.2,NEUTRAL,NEUTRAL,둔화_주의,2,0.96,0,-0.6475,0,0.57,2,2,4.08,🟡 흐림,위험자산 10~20% 축소,2.29,1.17,0.62,1,1,2,0,2,0,0,0,0,2
2024-08-26,-0.09,2.607144490692037,3.15,16.149999618530273,151.5,18.25,-2.1000003814697266,2.02,23.2,NEUTRAL,NEUTRAL,둔화_주의,2,0.96,0,-0.6475,0,0.57,2,2,4.08,🟡 흐림,위험자산 10~20% 축소,2.29,1.17,0.62,1,1,2,0,2,0,0,0,0,2
2024-08-27,0.0,2.607144490692037,3.17,15.430000305175781,151.8300018310547,17.729999542236328,-2.299999237060547,2.02,23.2,NEUTRAL,NEUTRAL,둔화_주의,2,0.96,0,-0.6475,0,0.57,2,2,4.08,🟡 흐림,위험자산 10~20% 축소,2.29,1.17,0.62,1,1,2,0,2,0,0,0,0,2
2024-08-28,0.01,2.607144490692037,3.19,17.110000610351562,151.67999267578125,18.899999618530273,-1.789999008178711,1.99,23.2,NEUTRAL,NEUTRAL,둔화_주의,2,0.96,0,-0.6475,0,0.57,2,2,3.51,🟡 흐림,위험자산 10~20% 축소,1.71,1.17,0.62,0,1,2,0,2,0,0,0,0,2
2024-08-29,0.0,2.607144490692037,3.15,15.649999618530273,153.00999450683594,18.0,-2.3500003814697266,2.01,23.2,NEUTRAL,NEUTRAL,둔화_주의,2,0.96,0,-0.6475,0,0.57,2,2,4.08,🟡 흐림,위험자산 10~20% 축소,2.29,1.17,0.62,1,1,2,0,2,0,0,0,0,2
2024-08-30,0.0,2.607144490692037,3.13,15.0,159.0,17.43000030517578,-2.4300003051757812,2.01,23.2,NEUTRAL,NEUTRAL,둔화_주의,2,0.95,0,-0.6492,0,0.57,2,2,4.08,🟡 흐림,위험자산 10~20% 축소,2.29,1.17,0.62,1,1,2,0,2,0,0,0,0,2
2024-09-02,0.0,2.607144490692037,3.17,15.0,159.0,17.43000030517578,-2.4300003051757812,2.01,22.7,NEUTRAL,NEUTRAL,둔화_주의,2,0.96,0,-0.6492,0,0.5,2,2,4.08,🟡 흐림,위험자산 10~20% 축소,2.29,1.17,0.62,1,1,2,0,2,0,0,0,0,2
2024-09-03,-0.04,2.607144490692037,3.31,20.719999313354492,163.60000610351562,21.700000762939453,-0.9800014495849609,1.95,22.7,NEUTRAL,NEUTRAL,둔화_주의,2,0.98,0,-0.6492,0,0.5,2,2,4.66,🟡 흐림,위험자산 10~20% 축소,2.29,1.75,0.62,1,1,2,1,2,0,0,0,0,2
2024-09-04,0.01,2.607144490692037,3.35,21.31999969482422,160.89999389648438,22.06999969482422,-0.75,1.9,22.7,NEUTRAL,NEUTRAL,둔화_주의,2,0.99,0,-0.6492,0,0.5,2,2,4.09,🟡 흐림,위험자산 10~20% 축소,1.71,1.75,0.62,0,1,2,1,2,0,0,0,0,2
2024-09-05,-0.02,2.607144490692037,3.29,19.899999618530273,156.7100067138672,20.93000030517578,-1.0300006866455078,1.87,22.7,NEUTRAL,NEUTRAL,둔화_주의,2,0.99,0,-0.6492,0,0.5,2,2,4.08,🟡 흐림,위험자산 10~20% 축소,2.29,1.17,0.62,1,1,2,0,2,0,0,0,0,2
2024-09-06,0.06,2.607144490692037,3.39,22.3799991607666,148.97999572753906,22.739999771118164,-0.3600006103515625,1.86,22.7,NEUTRAL,NEUTRAL,둔화_주의,2,0.99,0,-0.39,0,0.5,2,2,4.09,🟡 흐림,위험자산 10~20% 축소,1.71,1.75,0.62,0,1,2,1,2,0,0,0,0,2
2024-09-09,0.02,2.607144490692037,3.36,19.450000762939453,140.3300018310547,20.8799991607666,-1.4299983978271484,1.88,22.7,NEUTRAL,NEUTRAL,둔화_주의,2,0.99,0,-0.39,0,0.5,2,2,3.51,🟡 흐림,위험자산 10~20% 축소,1.71,1.17,0.62,0,1,2,0,2,0,0,0,0,2
2024-09-10,0.06,2.607144490692037,3.46,19.079999923706055,139.75,20.549999237060547,-1.4699993133544922,1.86,22.7,NEUTRAL,NEUTRAL,둔화_주의,2,1.01,1,-0.39,0,0.5,2,3,3.24,🟡 흐림,위험자산 10~20% 축소,1.71,0.58,0.94,0,1,2,0,1,0,0,1,0,2
2024-09-11,0.03,2.607144490692037,3.44,17.690000534057617,139.72999572753906,19.59000015258789,-1.8999996185302734,1.9,22.7,NEUTRAL,NEUTRAL,둔화_주의,2,1.01,1,-0.39,0,0.5,2,3,3.24,🟡 흐림,위험자산 10~20% 축소,1.71,0.58,0.94,0,1,2,0,1,0,0,1,0,2
2024-09-12,0.04,2.607144490692037,3.39,17.06999969482422,145.8800048828125,19.479999542236328,-2.4099998474121094,1.93,22.7,NEUTRAL,NEUTRAL,둔화_주의,2,0.99,0,-0.39,0,0.5,2,2,3.51,🟡 흐림,위험자산 10~20% 축소,1.71,1.17,0.62,0,1,2,0,2,0,0,0,0,2
2024-09-13,0.09,2.607144490692037,3.37,16.559999465942383,149.99000549316406,19.280000686645508,-2.720001220703125,1.95,22.7,NEUTRAL,NEUTRAL,둔화_주의,2,0.99,0,-0.3153,0,0.5,2,2,3.51,🟡 흐림,위험자산 10~20% 축소,1.71,1.17,0.62,0,1,2,0,2,0,0,0,0,2
2024-09-16,0.07,2.607144490692037,3.32,17.139999389648438,152.1699981689453,19.809999465942383,-2.6700000762939453,1.94,22.3,NEUTRAL,NEUTRAL,둔화_주의,2,0.98,0,-0.3153,0,0.5,2,2,3.51,🟡 흐림,위험자산 10~20% 축소,1.71,1.17,0.62,0,1,2,0,2,0,0,0,0,2
2024-09-17,0.06,2.607144490692037,3.25,17.610000610351562,157.5399932861328,20.1299991607666,-2.519998550415039,1.97,22.3,NEUTRAL,NEUTRAL,둔화_주의,2,0.97,0,-0.3153,0,0.5,2,2,3.51,🟡 흐림,위험자산 10~20% 축소,1.71,1.17,0.62,0,1,2,0,2,0,0,0,0,2
2024-09-18,0.09,2.607144490692037,3.21,18.229999542236328,167.4199981689453,20.350000381469727,-2.1200008392333984,1.98,22.3,NEUTRAL,NEUTRAL,둔화_주의,2,0.95,0,-0.3153,0,0.5,2,2,3.51,🟡 흐림,위험자산 10~20% 축소,1.71,1.17,0.62,0,1,2,0,2,0,0,0,0,2
2024-09-19,0.14,2.607144490692037,3.1,16.329999923706055,171.72000122070312,19.06999969482422,-2.739999771118164,2.04,22.3,NEUTRAL,NEUTRAL,둔화_주의,2,0.93,0,-0.3153,0,0.5,2,2,3.51,🟡 흐림,위험자산 10~20% 축소,1.71,1.17,0.62,0,1,2,0,2,0,0,0,0,2
2024-09-20,0.18,2.607144490692037,3.15,16.149999618530273,165.75,18.940000534057617,-2.7900009155273438,2.02,22.3,NEUTRAL,NEUTRAL,둔화_주의,2,0.93,0,-0.4432,0,0.5,2,2,3.51,🟡 흐림,위험자산 10~20% 축소,1.71,1.17,0.62,0,1,2,0,2,0,0,0,0,2
2024-09-23,0.18,2.607144490692037,3.15,15.890000343322754,165.60000610351562,18.700000762939453,-2.810000419616699,2.04,22.1,NEUTRAL,NEUTRAL,둔화_주의,2,0.92,0,-0.4432,0,0.5,2,2,3.51,🟡 흐림,위험자산 10~20% 축소,1.71,1.17,0.62,0,1,2,0,2,0,0,0,0,2
2024-09-24,0.25,2.607144490692037,3.21,15.390000343322754,165.60000610351562,18.469999313354492,-3.0799989700317383,2.06,22.1,NEUTRAL,NEUTRAL,둔화_주의,2,0.92,0,-0.4432,0,0.5,2,2,3.51,🟡 흐림,위험자산 10~20% 축소,1.71,1.17,0.62,0,1,2,0,2,0,0,0,0,2
2024-09-25,0.26,2.607144490692037,3.19,15.40999984741211,160.47999572753906,18.56999969482422,-3.1599998474121094,2.06,22.1,NEUTRAL,NEUTRAL,둔화_주의,2,0.92,0,-0.4432,0,0.5,2,2,3.51,🟡 흐림,위험자산 10~20% 축소,1.71,1.17,0.62,0,1,2,0,2,0,0,0,0,2
2024-09-26,0.19,2.607144490692037,3.14,15.369999885559082,158.6699981689453,18.450000762939453,-3.080000877380371,2.03,22.1,NEUTRAL,NEUTRAL,둔화_주의,2,0.92,0,-0.4432,0,0.5,2,2,3.51,🟡 흐림,위험자산 10~20% 축소,1.71,1.17,0.62,0,1,2,0,2,0,0,0,0,2
2024-09-27,0.2,2.607144490692037,3.14,16.959999084472656,160.99000549316406,19.540000915527344,-2.5800018310546875,2.03,22.1,NEUTRAL,NEUTRAL,둔화_주의,2,0.92,0,-0.2692,0,0.5,2,2,3.51,🟡 흐림,위험자산 10~20% 축소,1.71,1.17,0.62,0,1,2,0,2,0,0,0,0,2
2024-09-30,0.15,2.607144490692037,3.03,16.729999542236328,154.3000030517578,19.219999313354492,-2.489999771118164,2.07,22.7,NEUTRAL,NEUTRAL,둔화_주의,2,0.92,0,-0.2692,0,0.5,2,2,3.51,🟡 흐림,위험자산 10~20% 축소,1.71,1.17,0.62,0,1,2,0,2,0,0,0,0,2
2024-10-01,0.13,2.578844053871343,3.07,19.260000228881836,154.3000030517578,20.889999389648438,-1.6299991607666016,2.07,22.7,NEUTRAL,NEUTRAL,둔화_주의,2,0.92,0,-0.2692,0,0.43,1,1,3.19,🟡 흐림,위험자산 10~20% 축소,1.71,1.17,0.31,0,1,2,0,2,0,0,0,0,1
2024-10-02,0.16,2.578844053871343,3.06,18.899999618530273,161.5,20.59000015258789,-1.6900005340576172,2.1,22.7,NEUTRAL,NEUTRAL,둔화_주의,2,0.91,0,-0.2692,0,0.43,1,1,3.19,🟡 흐림,위험자산 10~20% 축소,1.71,1.17,0.31,0,1,2,0,2,0,0,0,0,1
2024-10-03,0.15,2.578844053871343,3.04,20.489999771118164,162.77999877929688,21.6299991607666,-1.1399993896484375,2.11,22.7,NEUTRAL,NEUTRAL,둔화_주의,2,0.9,0,-0.2692,0,0.43,1,1,3.78,🟡 흐림,위험자산 10~20% 축소,1.71,1.75,0.31,0,1,2,1,2,0,0,0,0,1
2024-10-04,0.05,2.578844053871343,2.89,19.209999084472656,156.42999267578125,20.649999618530273,-1.4400005340576172,2.14,22.7,NEUTRAL,NEUTRAL,둔화_주의,2,0.87,0,-0.6097,0,0.43,1,1,3.19,🟡 흐림,위험자산 10~20% 축소,1.71,1.17,0.31,0,1,2,0,2,0,0,0,0,1
2024-10-07,0.04,2.578844053871343,2.95,22.639999389648438,155.57000732421875,22.59000015258789,0.049999237060546875,2.17,25.8,NEUTRAL,HIGH,둔화_주의,2,0.86,0,-0.6097,0,0.43,1,1,4.36,🟡 흐림,위험자산 10~20% 축소,1.71,2.33,0.31,0,1,2,1,2,1,0,0,0,1
2024-10-08,0.06,2.578844053871343,2.99,21.420000076293945,156.27999877929688,21.520000457763672,-0.10000038146972656,2.17,25.8,NEUTRAL,HIGH,둔화_주의,2,0.87,0,-0.6097,0,0.43,1,1,3.78,🟡 흐림,위험자산 10~20% 축소,1.71,1.75,0.31,0,1,2,1,2,0,0,0,0,1
2024-10-09,0.07,2.578844053871343,2.94,20.860000610351562,156.92999267578125,20.90999984741211,-0.049999237060546875,2.21,25.8,NEUTRAL,HIGH,둔화_주의,2,0.85,0,-0.6097,0,0.43,1,1,3.78,🟡 흐림,위험자산 10~20% 축소,1.71,1.75,0.31,0,1,2,1,2,0,0,0,0,1
2024-10-10,0.11,2.578844053871343,2.99,20.93000030517578,154.08999633789062,21.020000457763672,-0.09000015258789062,2.26,25.8,NEUTRAL,HIGH,둔화_주의,2,0.84,0,-0.6097,0,0.43,1,1,3.78,🟡 흐림,위험자산 10~20% 축소,1.71,1.75,0.31,0,1,2,1,2,0,0,0,0,1
2024-10-11,0.13,2.578844053871343,2.98,20.459999084472656,159.42999267578125,20.770000457763672,-0.3100013732910156,2.25,25.8,NEUTRAL,HIGH,둔화_주의,2,0.84,0,-0.5873,0,0.43,1,1,3.78,🟡 흐림,위험자산 10~20% 축소,1.71,1.75,0.31,0,1,2,1,2,0,0,0,0,1
2024-10-14,0.13,2.578844053871343,2.97,19.700000762939453,153.0800018310547,20.1200008392334,-0.4200000762939453,2.25,24.1,NEUTRAL,NEUTRAL,둔화_주의,2,0.84,0,-0.5873,0,0.43,1,1,3.19,🟡 흐림,위험자산 10~20% 축소,1.71,1.17,0.31,0,1,2,0,2,0,0,0,0,1
2024-10-15,0.08,2.578844053871343,2.93,20.639999389648438,159.69000244140625,20.799999237060547,-0.15999984741210938,2.22,24.1,NEUTRAL,NEUTRAL,둔화_주의,2,0.83,0,-0.5873,0,0.43,1,1,3.78,🟡 흐림,위험자산 10~20% 축소,1.71,1.75,0.31,0,1,2,1,2,0,0,0,0,1
2024-10-16,0.09,2.578844053871343,2.9,19.579999923706055,161.85000610351562,20.31999969482422,-0.7399997711181641,2.19,24.1,NEUTRAL,NEUTRAL,둔화_주의,2,0.83,0,-0.5873,0,0.43,1,1,3.19,🟡 흐림,위험자산 10~20% 축소,1.71,1.17,0.31,0,1,2,0,2,0,0,0,0,1
2024-10-17,0.13,2.578844053871343,2.89,19.110000610351562,165.82000732421875,19.809999465942383,-0.6999988555908203,2.22,24.1,NEUTRAL,NEUTRAL,둔화_주의,2,0.83,0,-0.5873,0,0.43,1,1,3.19,🟡 흐림,위험자산 10~20% 축소,1.71,1.17,0.31,0,1,2,0,2,0,0,0,0,1
2024-10-18,0.13,2.578844053871343,2.88,18.030000686645508,155.5500030517578,19.190000534057617,-1.1599998474121094,2.23,24.1,NEUTRAL,NEUTRAL,둔화_주의,2,0.83,0,-0.5332,0,0.43,1,1,3.19,🟡 흐림,위험자산 10~20% 축소,1.71,1.17,0.31,0,1,2,0,2,0,0,0,0,1
2024-10-21,0.17,2.578844053871343,2.88,18.3700008392334,150.97000122070312,19.239999771118164,-0.8699989318847656,2.23,22.7,NEUTRAL,NEUTRAL,둔화_주의,2,0.85,0,-0.5332,0,0.43,1,1,3.19,🟡 흐림,위험자산 10~20% 축소,1.71,1.17,0.31,0,1,2,0,2,0,0,0,0,1
2024-10-22,0.17,2.578844053871343,2.92,18.200000762939453,146.8000030517578,19.170000076293945,-0.9699993133544922,2.25,22.7,NEUTRAL,NEUTRAL,둔화_주의,2,0.85,0,-0.5332,0,0.43,1,1,3.19,🟡 흐림,위험자산 10~20% 축소,1.71,1.17,0.31,0,1,2,0,2,0,0,0,0,1
2024-10-23,0.17,2.578844053871343,2.95,19.239999771118164,146.97000122070312,20.040000915527344,-0.8000011444091797,2.23,22.7,NEUTRAL,NEUTRAL,둔화_주의,2,0.86,0,-0.5332,0,0.43,1,1,3.19,🟡 흐림,위험자산 10~20% 축소,1.71,1.17,0.31,0,1,2,0,2,0,0,0,0,1
2024-10-24,0.14,2.578844053871343,2.93,19.079999923706055,144.7100067138672,19.850000381469727,-0.7700004577636719,2.33,22.7,HIGH,NEUTRAL,둔화_주의,2,0.86,0,-0.5332,0,0.43,1,1,3.19,🟡 흐림,위험자산 10~20% 축소,1.71,1.17,0.31,0,1,2,0,2,0,0,0,0,1
2024-10-25,0.14,2.578844053871343,2.89,20.329999923706055,148.91000366210938,20.940000534057617,-0.6100006103515625,2.32,22.7,HIGH,NEUTRAL,둔화_주의,2,0.85,0,-0.3834,0,0.43,1,1,3.78,🟡 흐림,위험자산 10~20% 축소,1.71,1.75,0.31,0,1,2,1,2,0,0,0,0,1
2024-10-28,0.16,2.578844053871343,2.82,19.799999237060547,148.4600067138672,20.170000076293945,-0.37000083923339844,2.31,21.9,HIGH,LOW,과열,1,0.84,0,-0.3834,0,0.43,1,1,2.62,🟢 맑음,기본 비중 유지,1.14,1.17,0.31,0,1,1,0,2,0,0,0,0,1
2024-10-29,0.17,2.578844053871343,2.85,19.34000015258789,150.74000549316406,19.959999084472656,-0.6199989318847656,2.33,21.9,HIGH,LOW,과열,1,0.84,0,-0.3834,0,0.43,1,1,2.62,🟢 맑음,기본 비중 유지,1.14,1.17,0.31,0,1,1,0,2,0,0,0,0,1
2024-10-30,0.14,2.578844053871343,2.8,20.350000381469727,153.4499969482422,20.760000228881836,-0.4099998474121094,2.37,21.9,HIGH,LOW,과열,1,0.84,0,-0.3834,0,0.43,1,1,3.21,🟡 흐림,위험자산 10~20% 축소,1.14,1.75,0.31,0,1,1,1,2,0,0,0,0,1
2024-10-31,0.12,2.578844053871343,2.88,23.15999984741211,152.07000732421875,22.639999389648438,0.5200004577636719,2.38,21.9,HIGH,LOW,과열,1,0.86,0,-0.3834,0,0.43,1,1,3.79,🟡 흐림,위험자산 10~20% 축소,1.14,2.33,0.31,0,1,1,1,2,1,0,0,0,1
2024-11-01,0.16,2.719472461284833,2.83,21.8799991607666,146.66000366210938,21.90999984741211,-0.030000686645507812,2.37,21.9,HIGH,LOW,과열,1,0.86,0,-0.2937,0,0.43,1,1,3.21,🟡 흐림,위험자산 10~20% 축소,1.14,1.75,0.31,0,1,1,1,2,0,0,0,0,1
2024-11-04,0.14,2.719472461284833,2.87,21.979999542236328,148.9499969482422,21.56999969482422,0.4099998474121094,2.32,22.1,HIGH,NEUTRAL,둔화_주의,2,0.86,0,-0.2937,0,0.43,1,1,4.36,🟡 흐림,위험자산 10~20% 축소,1.71,2.33,0.31,0,1,2,1,2,1,0,0,0,1
2024-11-05,0.07,2.719472461284833,2.86,20.489999771118164,152.67999267578125,20.190000534057617,0.2999992370605469,2.32,22.1,HIGH,NEUTRAL,둔화_주의,2,0.84,0,-0.2937,0,0.43,1,1,4.36,🟡 흐림,위험자산 10~20% 축소,1.71,2.33,0.31,0,1,2,1,2,1,0,0,0,1
2024-11-06,0.15,2.719472461284833,2.74,16.270000457763672,148.11000061035156,17.670000076293945,-1.3999996185302734,2.46,22.1,HIGH,NEUTRAL,둔화_주의,2,0.8,0,-0.2937,0,0.43,1,1,3.19,🟡 흐림,위험자산 10~20% 축소,1.71,1.17,0.31,0,1,2,0,2,0,0,0,0,1
2024-11-07,0.1,2.719472461284833,2.73,15.199999809265137,152.1199951171875,16.950000762939453,-1.7500009536743164,2.4,22.1,HIGH,NEUTRAL,둔화_주의,2,0.78,0,-0.2937,0,0.43,1,1,3.19,🟡 흐림,위험자산 10~20% 축소,1.71,1.17,0.31,0,1,2,0,2,0,0,0,0,1
2024-11-08,0.04,2.719472461284833,2.63,14.9399995803833,150.33999633789062,16.829999923706055,-1.890000343322754,2.43,22.1,HIGH,NEUTRAL,둔화_주의,2,0.77,0,-0.5637,0,0.43,1,1,3.19,🟡 흐림,위험자산 10~20% 축소,1.71,1.17,0.31,0,1,2,0,2,0,0,0,0,1
2024-11-11,0.04,2.719472461284833,2.63,14.970000267028809,140.32000732421875,16.799999237060547,-1.8299989700317383,2.43,21.8,HIGH,LOW,과열,1,0.77,0,-0.5637,0,0.43,1,1,2.62,🟢 맑음,기본 비중 유지,1.14,1.17,0.31,0,1,1,0,2,0,0,0,0,1
2024-11-12,0.09,2.719472461284833,2.61,14.710000038146973,141.5,16.709999084472656,-1.9999990463256836,2.43,21.8,HIGH,LOW,과열,1,0.77,0,-0.5637,0,0.43,1,1,2.62,🟢 맑음,기본 비중 유지,1.14,1.17,0.31,0,1,1,0,2,0,0,0,0,1
2024-11-13,0.17,2.719472461284833,2.64,14.020000457763672,142.9199981689453,16.510000228881836,-2.489999771118164,2.42,21.8,HIGH,LOW,과열,1,0.78,0,-0.5637,0,0.43,1,1,2.62,🟢 맑음,기본 비중 유지,1.14,1.17,0.31,0,1,1,0,2,0,0,0,0,1
2024-11-14,0.09,2.719472461284833,2.6,14.3100004196167,147.97999572753906,16.68000030517578,-2.369999885559082,2.4,21.8,HIGH,LOW,과열,1,0.8,0,-0.5637,0,0.43,1,1,2.62,🟢 맑음,기본 비중 유지,1.14,1.17,0.31,0,1,1,0,2,0,0,0,0,1
2024-11-15,0.12,2.719472461284833,2.72,16.139999389648438,149.5500030517578,17.809999465942383,-1.6700000762939453,2.39,21.8,HIGH,LOW,과열,1,0.8,0,-0.7991,0,0.43,1,1,2.62,🟢 맑음,기본 비중 유지,1.14,1.17,0.31,0,1,1,0,2,0,0,0,0,1
2024-11-18,0.13,2.719472461284833,2.72,15.579999923706055,147.3300018310547,17.190000534057617,-1.6100006103515625,2.41,21.6,HIGH,LOW,과열,1,0.8,0,-0.7991,0,0.43,1,1,2.62,🟢 맑음,기본 비중 유지,1.14,1.17,0.31,0,1,1,0,2,0,0,0,0,1
2024-11-19,0.12,2.719472461284833,2.69,16.350000381469727,149.4600067138672,17.690000534057617,-1.3400001525878906,2.41,21.6,HIGH,LOW,과열,1,0.8,0,-0.7991,0,0.43,1,1,2.62,🟢 맑음,기본 비중 유지,1.14,1.17,0.31,0,1,1,0,2,0,0,0,0,1
2024-11-20,0.1,2.719472461284833,2.67,17.15999984741211,153.0,18.260000228881836,-1.1000003814697266,2.43,21.6,HIGH,LOW,과열,1,0.81,0,-0.7991,0,0.43,1,1,2.62,🟢 맑음,기본 비중 유지,1.14,1.17,0.31,0,1,1,0,2,0,0,0,0,1
2024-11-21,0.09,2.719472461284833,2.61,16.8700008392334,155.72000122070312,18.18000030517578,-1.3099994659423828,2.42,21.6,HIGH,LOW,과열,1,0.81,0,-0.7991,0,0.43,1,1,2.62,🟢 맑음,기본 비중 유지,1.14,1.17,0.31,0,1,1,0,2,0,0,0,0,1
2024-11-22,0.04,2.719472461284833,2.61,15.239999771118164,161.63999938964844,17.299999237060547,-2.059999465942383,2.43,21.6,HIGH,LOW,과열,1,0.8,0,-0.6115,0,0.43,1,1,2.62,🟢 맑음,기본 비중 유지,1.14,1.17,0.31,0,1,1,0,2,0,0,0,0,1
2024-11-25,0.06,2.719472461284833,2.64,14.600000381469727,167.27999877929688,16.8700008392334,-2.270000457763672,2.35,21.9,HIGH,LOW,과열,1,0.8,0,-0.6115,0,0.43,1,1,2.62,🟢 맑음,기본 비중 유지,1.14,1.17,0.31,0,1,1,0,2,0,0,0,0,1
2024-11-26,0.09,2.719472461284833,2.68,14.100000381469727,166.22999572753906,16.530000686645508,-2.4300003051757812,2.33,21.9,HIGH,LOW,과열,1,0.81,0,-0.6115,0,0.43,1,1,2.62,🟢 맑음,기본 비중 유지,1.14,1.17,0.31,0,1,1,0,2,0,0,0,0,1
2024-11-27,0.06,2.719472461284833,2.69,14.100000381469727,167.94000244140625,16.600000381469727,-2.5,2.32,21.9,HIGH,LOW,과열,1,0.82,0,-0.6115,0,0.43,1,1,2.62,🟢 맑음,기본 비중 유지,1.14,1.17,0.31,0,1,1,0,2,0,0,0,0,1
2024-11-28,0.06,2.719472461284833,2.69,14.100000381469727,167.94000244140625,16.600000381469727,-2.5,2.32,21.9,HIGH,LOW,과열,1,0.82,0,-0.6115,0,0.43,1,1,2.62,🟢 맑음,기본 비중 유지,1.14,1.17,0.31,0,1,1,0,2,0,0,0,0,1
2024-11-29,0.05,2.719472461284833,2.72,13.510000228881836,167.94000244140625,16.260000228881836,-2.75,2.33,21.9,HIGH,LOW,과열,1,0.82,0,-0.6179,0,0.43,1,1,2.62,🟢 맑음,기본 비중 유지,1.14,1.17,0.31,0,1,1,0,2,0,0,0,0,1
2024-12-02,0.02,2.719472461284833,2.68,13.34000015258789,170.64999389648438,16.34000015258789,-3.0,2.33,22.2,HIGH,NEUTRAL,둔화_주의,2,0.81,0,-0.6179,0,0.43,1,1,3.19,🟡 흐림,위험자산 10~20% 축소,1.71,1.17,0.31,0,1,2,0,2,0,0,0,0,1
2024-12-03,0.06,2.719472461284833,2.66,13.300000190734863,170.22999572753906,16.239999771118164,-2.939999580383301,2.36,22.2,HIGH,NEUTRAL,둔화_주의,2,0.8,0,-0.6179,0,0.43,1,1,3.19,🟡 흐림,위험자산 10~20% 축소,1.71,1.17,0.31,0,1,2,0,2,0,0,0,0,1
2024-12-04,0.06,2.719472461284833,2.66,13.449999809265137,172.4499969482422,16.389999389648438,-2.939999580383301,2.37,22.2,HIGH,NEUTRAL,둔화_주의,2,0.8,0,-0.6179,0,0.43,1,1,3.19,🟡 흐림,위험자산 10~20% 축소,1.71,1.17,0.31,0,1,2,0,2,0,0,0,0,1
2024-12-05,0.02,2.719472461284833,2.66,13.539999961853027,173.92999267578125,16.579999923706055,-3.0399999618530273,2.35,22.2,HIGH,NEUTRAL,둔화_주의,2,0.81,0,-0.6179,0,0.43,1,1,3.19,🟡 흐림,위험자산 10~20% 축소,1.71,1.17,0.31,0,1,2,0,2,0,0,0,0,1
2024-12-06,0.05,2.719472461284833,2.67,12.770000457763672,168.0500030517578,16.31999969482422,-3.549999237060547,2.31,22.2,HIGH,NEUTRAL,둔화_주의,2,0.81,0,-0.5285,0,0.43,1,1,3.19,🟡 흐림,위험자산 10~20% 축소,1.71,1.17,0.31,0,1,2,0,2,0,0,0,0,1
2024-12-09,0.07,2.719472461284833,2.67,14.1899995803833,163.13999938964844,17.09000015258789,-2.90000057220459,2.33,23.8,HIGH,NEUTRAL,둔화_주의,2,0.81,0,-0.5285,0,0.43,1,1,3.19,🟡 흐림,위험자산 10~20% 축소,1.71,1.17,0.31,0,1,2,0,2,0,0,0,0,1
2024-12-10,0.07,2.719472461284833,2.67,14.180000305175781,165.1199951171875,16.979999542236328,-2.799999237060547,2.34,23.8,HIGH,NEUTRAL,둔화_주의,2,0.8,0,-0.5285,0,0.43,1,1,3.19,🟡 흐림,위험자산 10~20% 축소,1.71,1.17,0.31,0,1,2,0,2,0,0,0,0,1
2024-12-11,0.11,2.719472461284833,2.64,13.579999923706055,169.05999755859375,16.8799991607666,-3.299999237060547,2.38,23.8,HIGH,NEUTRAL,둔화_주의,2,0.78,0,-0.5285,0,0.43,1,1,3.19,🟡 흐림,위험자산 10~20% 축소,1.71,1.17,0.31,0,1,2,0,2,0,0,0,0,1
2024-12-12,0.14,2.719472461284833,2.66,13.920000076293945,167.42999267578125,17.350000381469727,-3.4300003051757812,2.39,23.8,HIGH,NEUTRAL,둔화_주의,2,0.79,0,-0.5285,0,0.43,1,1,3.19,🟡 흐림,위험자산 10~20% 축소,1.71,1.17,0.31,0,1,2,0,2,0,0,0,0,1
2024-12-13,0.15,2.719472461284833,2.68,13.8100004196167,169.91000366210938,17.149999618530273,-3.339999198913574,2.4,23.8,HIGH,NEUTRAL,둔화_주의,2,0.78,0,-0.5785,0,0.43,1,1,3.19,🟡 흐림,위험자산 10~20% 축소,1.71,1.17,0.31,0,1,2,0,2,0,0,0,0,1
2024-12-16,0.14,2.719472461284833,2.69,14.6899995803833,166.7899932861328,17.56999969482422,-2.880000114440918,2.38,22.2,HIGH,NEUTRAL,둔화_주의,2,0.78,0,-0.5785,0,0.43,1,1,3.19,🟡 흐림,위험자산 10~20% 축소,1.71,1.17,0.31,0,1,2,0,2,0,0,0,0,1
2024-12-17,0.15,2.719472461284833,2.75,15.869999885559082,173.0399932861328,18.1299991607666,-2.2599992752075195,2.36,22.2,HIGH,NEUTRAL,둔화_주의,2,0.79,0,-0.5785,0,0.43,1,1,3.19,🟡 흐림,위험자산 10~20% 축소,1.71,1.17,0.31,0,1,2,0,2,0,0,0,0,1
2024-12-18,0.15,2.719472461284833,2.73,27.6200008392334,168.9199981689453,24.239999771118164,3.3800010681152344,2.38,22.2,HIGH,NEUTRAL,둔화_주의,2,0.79,0,-0.5785,0,0.43,1,1,4.94,🟡 흐림,위험자산 10~20% 축소,1.71,2.92,0.31,0,1,2,1,2,2,0,0,0,1
2024-12-19,0.25,2.719472461284833,2.91,24.09000015258789,163.10000610351562,24.139999389648438,-0.049999237060546875,2.35,22.2,HIGH,NEUTRAL,둔화_주의,2,0.82,0,-0.5785,0,0.43,1,1,3.78,🟡 흐림,위험자산 10~20% 축소,1.71,1.75,0.31,0,1,2,1,2,0,0,0,0,1
2024-12-20,0.22,2.719472461284833,2.86,18.360000610351562,161.2100067138672,20.100000381469727,-1.739999771118164,2.34,22.2,HIGH,NEUTRAL,둔화_주의,2,0.82,0,-0.4953,0,0.43,1,1,3.19,🟡 흐림,위험자산 10~20% 축소,1.71,1.17,0.31,0,1,2,0,2,0,0,0,0,1
2024-12-23,0.29,2.719472461284833,2.85,16.780000686645508,170.64999389648438,18.649999618530273,-1.8699989318847656,2.38,21.9,HIGH,LOW,과열,1,0.82,0,-0.4953,0,0.43,1,1,2.62,🟢 맑음,기본 비중 유지,1.14,1.17,0.31,0,1,1,0,2,0,0,0,0,1
2024-12-24,0.3,2.719472461284833,2.86,14.270000457763672,180.08999633789062,17.200000762939453,-2.9300003051757812,2.39,21.9,HIGH,LOW,과열,1,0.82,0,-0.4953,0,0.43,1,1,2.62,🟢 맑음,기본 비중 유지,1.14,1.17,0.31,0,1,1,0,2,0,0,0,0,1
2024-12-25,0.3,2.719472461284833,2.86,14.270000457763672,180.08999633789062,17.200000762939453,-2.9300003051757812,2.39,21.9,HIGH,LOW,과열,1,0.82,0,-0.4953,0,0.43,1,1,2.62,🟢 맑음,기본 비중 유지,1.14,1.17,0.31,0,1,1,0,2,0,0,0,0,1
2024-12-26,0.28,2.719472461284833,2.86,14.729999542236328,173.72000122070312,17.360000610351562,-2.6300010681152344,2.39,21.9,HIGH,LOW,과열,1,0.81,0,-0.4953,0,0.43,1,1,2.62,🟢 맑음,기본 비중 유지,1.14,1.17,0.31,0,1,1,0,2,0,0,0,0,1
2024-12-27,0.31,2.719472461284833,2.84,15.949999809265137,167.9199981689453,18.06999969482422,-2.119999885559082,2.38,21.9,HIGH,LOW,과열,1,0.81,0,-0.622,0,0.43,1,1,2.62,🟢 맑음,기본 비중 유지,1.14,1.17,0.31,0,1,1,0,2,0,0,0,0,1
2024-12-30,0.31,2.719472461284833,2.94,17.399999618530273,161.0800018310547,18.940000534057617,-1.5400009155273438,2.35,21.9,HIGH,LOW,과열,1,0.82,0,-0.622,0,0.43,1,1,2.62,🟢 맑음,기본 비중 유지,1.14,1.17,0.31,0,1,1,0,2,0,0,0,0,1
2024-12-31,0.33,2.719472461284833,2.92,17.399999618530273,161.0800018310547,18.940000534057617,-1.5400009155273438,2.38,21.9,HIGH,LOW,과열,1,0.82,0,-0.622,0,0.43,1,1,2.62,🟢 맑음,기본 비중 유지,1.14,1.17,0.31,0,1,1,0,2,0,0,0,0,1
