,SSINENG,YUANTA,SKITERNX,KOSEF_TIPS,SOL_AI,FCX,PLTR,QQQM,VRT
2022-01-04,0.004608303086194181,0.0074720148387010564,0.0,0.0,0.0,0.0180190772984453,-0.017623516837585586,-0.011223733224609142,-0.017052660055715194
2022-01-05,-0.032713197406302706,-0.008722796740353651,0.0,0.0,0.0,-0.009029260159814942,-0.06673034600713423,-0.028451572324080483,-0.04401742161494315
2022-01-06,-0.026475673984027906,-0.02150620522096362,-0.007141919401888059,0.0,-0.024002657290633694,-0.020783391142386313,-0.005860691495167296,0.005993612065069047,0.03141834464122748
2022-01-07,0.002436054797881121,0.0025542798050967007,0.030071214099018702,0.0,0.021926952533656896,0.02924116925471337,-0.014335753361124916,-0.014281353749417278,-0.040525750593679834
2022-01-10,-0.014706147389695449,-0.008968669982760375,-0.010096985340682254,0.0,-0.02179416919442995,-0.007602558179921266,-0.005004787581814313,-0.00041552763783836113,0.041591091662898746
2022-01-11,-0.02247285585205863,-0.01034938086200352,-0.00836175320699545,0.0,0.0031804547990395985,0.02861846172279204,0.019593163103568786,0.010135412889795777,0.01433362116113106
2022-01-12,0.022472855852058576,0.016763771039667152,0.04263631745605199,0.0,0.02081915802562401,0.042910252262308636,-0.016228760268493365,-0.0013950642727006293,-0.008618886317959203
2022-01-13,-0.004950505159856203,0.011443227222342714,-0.006053080315803588,0.0,0.0016830925490719073,-0.014487234510121558,-0.042878403778506685,-0.02419956530148112,-0.005358848396624134
2022-01-14,-0.012484556662245284,-0.0012650223065867451,-0.019928961815250994,0.0,0.005032658814688967,-0.0064891354505828055,-0.0008337158522590543,0.004362705125674918,-0.0212338892828122
2022-01-17,-0.01519016549397512,-0.015306421282675545,-0.01089788891024807,0.0,0.0014148208004929514,0.00961051136233928,-0.06230756030372353,-0.018840100411163973,-0.019480553654888166
2022-01-18,0.010152371464017908,-0.007741974153615397,-0.009173221514592251,0.0,-0.007223915469271092,0.0,0.0,0.0,0.0
2022-01-19,-0.0178348676360342,-0.00389358051913221,-0.019139427856966935,0.0,-0.014343608802765959,-0.008305506272840574,-0.03132290432321313,-0.015682198587094028,-0.018623886282338582
2022-01-20,0.005128216366919529,0.0077720598477031095,0.016502929519638037,0.0,0.011361412158343652,-0.017498699119290483,0.007010964188796751,-0.01025289804673077,-0.015583053243308656
2022-01-21,-0.002560820861673704,-0.010376227986090858,-0.01838323854625787,0.0,-0.04230545830581841,-0.050679759198509255,-0.07587990375956379,-0.02682140883335245,-0.02794851576471112
2022-01-24,-0.03655759573379758,-0.05769540898153979,-0.02229591670239336,0.0,-0.002984870532740828,-0.023934301437994087,-0.00813981407868212,0.005723351882016592,0.02833100596875811
2022-01-25,-0.05185336161025538,-0.04231943187891181,-0.040397854418946104,0.0,-0.008870646041519556,-0.00580314176904231,-0.023211317520081758,-0.02140828045269186,-0.030437496545894734
2022-01-26,-0.008438868645864595,0.01430639565123793,0.0020019047576058154,0.0,-0.018120865535915888,-0.03174951878607033,-0.025024503742013923,-0.0010724663853256906,-0.02872791614886399
2022-01-27,-0.05218575317057019,-0.043548245245735355,-0.057326590901426014,0.0,-0.028888868705818693,-0.030896864967407515,-0.03323456210962647,-0.005952404619596635,-0.04383582470223037
2022-01-28,0.03509131981127019,0.026355844705362456,0.019476283415111168,0.0,0.0426134275977018,-0.02368819769503796,0.03971638816532995,0.03561272850860975,0.024942527330991705
2022-01-31,0.03667547855840657,0.02849195579430624,0.022011117486920792,0.0,0.0016509362067810974,0.030345908844423553,0.07386540728526418,0.029629400609174045,0.037733278282090485
2022-02-01,0.0,0.0,0.0,0.0,0.0,0.04942992217447391,0.0373182419692217,0.009076238521211205,0.014115138544974275
2022-02-02,0.0,0.0,0.0,0.0,0.0,0.003017356864684305,-0.07039553060064672,0.0016621337155493013,0.003947576181498856
2022-02-03,0.0,0.0,0.0,0.0,0.0,-0.026814400544239964,-0.0636839837562994,-0.037080795220783114,-0.015068845637042218
2022-02-04,0.01101939524961048,0.009783446309071029,0.01555314007581924,0.0,0.008622429686647962,-1.0501113330942953e-05,0.03284982121063135,0.005661216679203183,0.013178068647643069
2022-02-07,-0.005494519317640702,0.009688657103749339,-0.012654398289050923,0.0,-0.022045435033884928,0.011757275459323353,0.002427556171251023,-0.007820285390225163,0.012845523857140368
2022-02-08,0.0,-0.0069108775398470275,-0.011352395889598502,0.0,-0.01134868480732645,0.04302030988034804,0.012519707902190796,0.01067070871907914,0.04029251797835138
2022-02-09,0.013680103904080176,0.021948754904387517,0.011641723353002864,0.0,0.014269953907346557,0.06822077096213956,0.05189487499223724,0.01908879610693459,0.011822019353693404
2022-02-10,0.010810916104215676,0.010796326190222864,0.014649145695836937,0.0,0.0091262194487391,0.007961013439555978,-0.02264570693181123,-0.0220328603101259,-0.0181720105966818
2022-02-11,-0.021739986636405875,0.0,-0.021617866872219425,0.0,-0.016795395098719523,-0.02359140821859508,-0.030212114860240613,-0.030436428458908447,-0.056327769539077206
2022-02-14,-0.025036078161324887,-0.008086297431357707,-0.03952379592910089,0.0,-0.037945232272641925,-0.010307497531379167,0.0077562095539946505,-0.0008362438899380594,-0.017349209298928758
2022-02-15,-0.008486613877318694,-0.021888698789437097,0.0,0.0,0.0,0.03131464908505656,0.06935503832156949,0.026821033240307247,0.043456339307083335
2022-02-16,0.028013036227673888,0.01509980645575084,0.03250635560938137,0.0,0.03878467812516714,0.011300137737032413,-0.016108672357717426,-0.0018938056542564352,0.0109385679552989
2022-02-17,-0.008321823337492217,-0.0013633267278640533,0.004099489079634609,0.0,0.0011182788085707604,-0.023883502053270018,-0.17145844517132897,-0.0301143823730981,-0.05967239225886226
2022-02-18,-0.005586606708639823,-0.00136518792533997,0.0023351029975627055,0.0,0.0036256532381464014,-0.006070321297955266,-0.0675054455386047,-0.012986270372744118,-0.012353368001749845
2022-02-21,-0.011267724846342269,-0.012371291802546829,-0.005554899018968614,0.0,-0.007825690865385893,-0.018250081707871048,-0.053032775707844794,-0.012874977506796604,-0.04775243660766776
2022-02-22,-0.025826399559898423,-0.01955369562663723,-0.025535597791100637,0.0,-0.01740654493794186,0.0,0.0,0.0,0.0
2022-02-23,0.005797117684325915,0.004222384879848261,0.0116608482558167,0.0,0.01220236218498968,0.0034899620381867863,-0.003650493886484242,-0.02531100708400543,-0.45678345914889074
2022-02-24,-0.05954139369101658,-0.016997576368571136,-0.029870926056370123,0.0,-0.03137139414329429,0.03668959514662276,0.13339889647526496,0.04012432178716208,0.00825410205713568
2022-02-25,0.042048236243499404,0.008534902449837506,0.018811326190679864,0.0,0.022162454005484694,0.05785871624287469,-0.031244776986826126,0.015746716099935314,0.06298604176092538
2022-02-28,0.008784829555732811,0.004240289038885442,0.01046484139982856,0.0,0.00525243132478659,0.013368982583131966,0.032884101283465146,0.004150211781738764,-0.013439111769997073
2022-03-01,0.051147511166941,0.0028169032711133734,0.013883070330026703,0.0,0.00972176963350858,0.021952974364692814,0.029179332535604854,-0.015024933668547989,-0.031871896099345015
2022-03-02,0.0,0.0,0.0,0.0,0.0,0.006233570717289934,-0.008871981349811165,0.018116174338998065,-0.046967027412168745
2022-03-03,0.0,0.03183659881127468,0.0058496932287345526,0.0,0.021362966729162366,0.01810589886922819,-0.06257869096351251,-0.015263302926912768,-0.043580498608447836
2022-03-04,0.016483889721689415,-0.0027285146532040625,-0.015280953503112838,0.0,-0.015909593629351855,0.02830688943244205,-0.026342244706971957,-0.006850971207302846,-0.0765853689032733
2022-03-07,-0.010959013789719543,-0.02210034700066597,-0.024278177560699193,0.0,-0.030152964703592824,-0.05017544759199083,0.02430435393364212,-0.02695425342560652,-0.039736117853750044
2022-03-08,-0.013869847864150502,-0.015482364148376988,-0.015594226339373638,0.0,-0.01842122389900663,-0.0017908258546264339,0.0021212102579781446,0.003866868522401569,0.02227607560911151
2022-03-09,0.0,0.009880108599707019,0.0067567846426649,0.0,0.02515319249731428,0.00426776801288055,0.05121554288896005,0.03193476497310508,0.06662346736606198
2022-03-10,0.0,0.0,0.0,0.0,0.0,0.010494884751912797,0.013996847411218405,-0.015149598806151326,0.03742864156963553
2022-03-11,0.011111225425070849,0.0056022555486697516,-0.007990187468075154,0.0,-0.009178283313009879,-0.0138330671578633,-0.03862763850945753,-0.018109223080582236,0.041398730275306335
2022-03-14,-0.016713480973740556,-0.004198746546349716,-0.0139818287789876,0.0,-0.02420655316762353,-0.04463927377518152,-0.07328102182665797,-0.011285700612668549,-0.053760025234234524
2022-03-15,-0.011299555253933394,-0.019830678180485735,-0.02246585390472033,0.0,-0.009193284201511765,-0.004447165951806943,0.026347366199307547,0.03179466515605702,0.06701162179071611
2022-03-16,0.0,0.019830678180485714,0.01901811421993465,0.0,0.030947523519979713,0.03537056218107233,0.07866038407808537,0.02382115365818802,0.02369934884429417
2022-03-17,0.02524678273478389,0.019445057119223376,0.020510227804958824,0.0,0.029598220167640552,0.03446025927789455,0.03274530390067094,0.0010613448602164212,0.059279971133807376
2022-03-18,0.01101939524961048,-0.00828734024857027,0.010708370486187346,0.0,0.011015899628546936,-0.012306774752910114,0.03802690052413937,0.018718317947417476,0.011768281082865937
2022-03-21,-0.016574965094212676,-0.004169568236724892,0.006067993552505454,0.0,-0.0020822110465836237,0.03253671529375165,-0.01487499516134848,0.000759751911023776,-0.024004582930839128
2022-03-22,0.024760549680652118,0.0069396531105404,0.010531219114139456,0.0,0.012703828241030907,0.007841809543671911,0.05340032339156238,0.01998298615567846,0.02952194428778206
2022-03-23,-0.016438726343159835,0.004140792666031387,0.007454792755382869,0.0,0.003287631807242761,-0.0003216264121028033,-0.006123608538708406,-0.013655483092349131,-0.022689207659834714
2022-03-24,-0.011111225425070722,0.004123717183862156,0.010050458181783161,0.0,0.00395830717795396,0.034469861581475365,0.017882790623739122,0.023606232998347163,-0.023418559280934587
2022-03-25,-0.002797204621061254,0.010914160180678553,-0.008566020738021726,0.0,0.0014971371179935303,0.007908660708311345,-0.0332466561699284,-0.0017829769319102468,0.0040847695478159265
2022-03-28,-0.005617992304223261,0.004062294008878926,0.003553449107074816,0.0,0.0006798563590949005,-0.027013913698426786,0.03958124857486454,0.020313861971644417,0.020918520649313918
2022-03-29,0.01398624197473987,-0.002706361597742914,0.007069301756245235,0.0,0.007582914565794881,-0.00870039996302328,0.05138263824843881,0.012330205057197556,0.039105538837387446
2022-03-30,-0.0027816429618768026,0.0,-0.0020567301252983456,0.0,0.002290731608244808,0.004824931702030288,-0.031649274137138333,-0.019523911397863906,-0.003737612432650709
2022-03-31,0.011080445776571959,0.0027063615977428457,0.01720426381612,0.0,-0.006345780946514568,-0.01813939421264441,-0.008312067040630916,-0.011312457504668721,0.023485574174517555
2022-04-01,-0.008298802814695066,0.004045858519543796,-0.0040558533886238465,0.0,-0.014873678647391244,0.02731371176666656,0.010339153586151978,0.0022091668322273108,0.04367551866736703
2022-04-04,0.011049836186584935,0.013369183082134417,0.01125724645145534,0.0,0.0026087053662828355,-0.0016472656763880473,0.05576494881378504,0.019683967081116225,-0.006661137990102048
2022-04-05,0.024424552007074794,0.0013271402080624938,-0.0014360753971183538,0.0,0.003831860539852381,-0.03799532142913406,-0.05369305883750547,-0.02409336749167777,-0.046961372095697985
2022-04-06,-0.008075414005545418,-0.013351333174864225,-0.010401819272046147,0.0,-0.025594438336088123,-0.02120515504420751,-0.06621982402197628,-0.02233216986136192,-0.013813444649733359
2022-04-07,0.024033199444156193,-0.01489533294644036,-0.022320994342108793,0.0,-0.0004206279154740718,0.013973388022726328,-0.007111591229644159,0.007885469193727119,-0.008734546755736514
2022-04-08,-0.007947061692531834,0.0,0.01882951713137437,0.0,0.0025203279837091048,0.015105574293323402,-0.00591440706343583,-0.008502076794458547,0.01023238741975955
2022-04-11,-0.008010723746078972,0.0,-0.0049669846714723515,0.0,-0.012523871828561586,-0.019145987530603602,0.003556833506214587,-0.01667020611468789,-0.03706930134148119
2022-04-12,0.0026773777707163942,-0.008219224353132125,-0.015051279936702496,0.0,0.0005662060997520738,0.007996725307149306,-0.013777625760883499,-0.0029254479534090625,-0.044447227581984224
2022-04-13,0.010638398205055797,0.013661414655817277,0.016514677149926518,0.0,0.016422674416443697,0.02529258162893247,0.02750984022882385,0.012941486096994612,0.051669667421290845
2022-04-14,0.013140793561058328,0.010796326190222864,0.0043776920417985445,0.0,-0.004325245471562218,-0.007306705846481873,-0.04035867248555097,-0.025587282390421188,-0.06049506659901339
2022-04-15,-0.021108963210235168,0.004018759594917655,-0.010833300966341207,0.0,-0.008706680686281892,0.039386081191386535,-0.014208075465321863,0.009063007752800003,-0.01841715110386515
2022-04-18,-0.008032171697264267,-0.005361943141385399,-0.0011780576000533095,0.0,0.005205142072712385,0.0,0.0,0.0,0.0
2022-04-19,0.005361943141385373,0.004024150299725548,0.009679101310882723,0.0,0.03312008885245523,-0.0002968588585055731,0.0629400234697178,0.023701420761444672,0.08269227265287593
2022-04-20,-0.005361943141385399,0.0013377928416599535,0.0008751344703204459,0.0,-0.000271386530555207,-0.015732081374332716,-0.01034998511547282,-0.0155111297898944,-0.01410362759857807
2022-04-21,0.005361943141385373,0.002670228555878892,0.013037992592216297,0.0,0.00824824515893913,-0.1021659146917372,-0.034323789823088986,-0.018209670432910094,-0.03400575379498528
2022-04-22,0.010638398205055797,-0.010723963362975724,-0.010998700268799155,0.0,-0.01137592381345311,-0.06879143371099695,-0.02923258763290515,-0.025741725611924227,-0.06609387761194739
2022-04-25,0.005277057100843819,-0.019048194970694474,-0.017616404931337426,0.0,-0.023845368901532472,0.0019794571266122953,0.020666174937817396,0.021192123688223066,0.04450843136392581
2022-04-26,0.0026281224062694084,-0.0055096558109695845,-0.0017788612489158624,0.0,0.008334656718746275,-0.02756624897177274,-0.07692046793941526,-0.03004735884625641,-0.035709080865320104
2022-04-27,-0.005263170044274644,-0.015309971971420418,-0.011640154666657791,0.0,-0.014912228832449881,0.0439915312710721,-0.04457233073961517,0.006103196545210774,0.11617929648549877
2022-04-28,0.005263170044274691,0.0028011222797117733,0.023594472892065777,0.0,-0.007814058450869946,0.005284013771090469,0.037958468282384604,0.03629680856966776,-0.006891201872337317
2022-04-29,-0.005263170044274644,0.0013976242666379351,0.006555541748357413,0.0,0.013177618269718713,-0.043685653899202884,-0.06390241575182383,-0.05792589699676028,-0.030558463290181095
2022-05-02,0.01049878409821957,-0.008415196925284472,-0.0029745210738434434,0.0,0.002249632640493283,-0.0017333922885930336,0.039602566301995046,0.023741326933435683,0.01379761658159746
2022-05-03,0.0026075634070807695,0.005617992304223274,0.0,0.0,0.0,0.0012903362846219864,-0.015812127170411132,0.0034096180912854728,0.013078203464939238
2022-05-04,0.02316705928153438,-0.004210532536343494,0.005940159591615509,0.0,-0.008037707068051068,0.026186855693748918,0.0378966463889469,0.030923790420561186,0.03942788388555005
2022-05-05,0.0,-0.015592094759836162,-0.0038570968169246507,0.0,-0.021900276786852715,-0.048297645820205556,-0.08883588577076611,-0.05754368703420109,-0.06775782350813203
2022-05-06,0.0,0.0,0.0,0.0,0.0,-0.032340946156290386,-0.052254924906397215,-0.0003497424125650654,-0.011198529104894914
2022-05-09,-0.01280427224598774,-0.02166149678117942,-0.03171037061541302,0.0,-0.007845355388313349,-0.06141629446343411,-0.23671775265883976,-0.03626866914507175,-0.08700826300890824
2022-05-10,-0.03674954220874149,-0.01322576221926125,0.0,0.0,0.0,0.014369998209059537,-0.024047445606884935,0.01062151593768442,-0.10575889258742181
2022-05-11,-0.005361943141385399,-0.011904902506318314,-0.00030686827134705525,0.0,0.022070878341506298,-0.00443020214290964,-0.0828888982136727,-0.03032440176523944,0.011885389076523973
2022-05-12,-0.06669137449867228,-0.022711044260214648,-0.02046580836235051,0.0,-0.02836271771350528,-0.03408709512203675,0.10035751484901907,0.00828379921231387,0.03681993584919643
2022-05-13,0.01709443335930004,0.025700583108580703,0.027500628356887727,0.0,0.027791710809756055,0.01618280094411582,0.12372772497621759,0.030936311035256864,0.07516160755202198
2022-05-16,0.005633817718256064,-0.007490671729157626,-0.000914772603651081,0.0,-0.004722055277683885,0.004131232979075022,-0.03563738784750197,-0.008964947120344277,-0.04518619197773776
2022-05-17,0.0056022555486697516,0.0015026298845350965,0.01753890178804474,0.0,0.01155101045297282,0.06026785481986779,0.03085457701152468,0.016982386564073335,0.047695616461286096
2022-05-18,0.0055710450494554295,-0.004514680354526583,0.00239529036863127,0.0,0.006078163001128888,-0.06932588780689382,-0.049041503181602795,-0.05598519390523321,-0.05016821388793788
2022-05-19,0.008298802814695064,-0.015197860909431392,-0.010823968054118789,0.0,-0.011195644989075859,0.04660254608832424,0.04506532310377237,0.0017686731437505585,0.013775890886097892
2022-05-20,0.02985296314968113,0.004583659667657893,0.03124779917825142,0.0,0.006109479285442303,-0.018333020855037612,-0.03517256605691056,-0.009795172195793405,-0.019937143394403303
2022-05-23,0.0,-0.009188426054406255,-0.006761701322299878,0.0,0.004522274364697786,0.05148560863917024,-0.011876782739080681,0.012776512562792528,-0.007798813135892039
2022-05-24,0.010638398205055797,-0.023347363996991177,-0.025696059626207458,0.0,-0.037496486280109244,-0.021271435239568134,-0.05746719216884367,-0.01942500006624287,-0.04966606446374922
2022-05-25,-0.01869213301215252,-0.0015760444554657658,0.00873895522992469,0.0,0.007728985073389502,0.008196693299435245,0.05178284060580165,0.01268417019783759,-0.0020749368575144482
2022-05-26,0.17962249982478962,0.0031496089028962013,0.010446245348722526,0.0,-0.018768974054161527,0.019862637846070872,0.05159610776721246,0.02998169295043235,0.06135157387868204
2022-05-27,0.002249719734015546,0.012500162764231468,0.017949719561302514,0.0,0.0045781221802076505,0.015633454199694558,0.042899884374753956,0.018300726599071736,0.037970343372485144
2022-05-30,-0.009029406719394265,0.012345835822299362,0.015625241045599213,0.0,0.012737179251098634,-0.0250953305755097,-0.030010980911041853,-0.012582505843484195,-0.05074513820419529
2022-05-31,0.035638515447358673,-0.010794245130880512,0.025231837375891165,0.0,0.0031953181934703326,0.0,0.0,0.0,0.0
2022-06-01,0.017354014693151572,0.0077220460939103185,-0.013812902500436276,-0.004222287382877595,-0.003922947710163781,0.021951177944565244,-0.01794922021352458,-0.0007417309842268357,-0.05324277564536018
2022-06-02,0.0,0.0,0.0,0.0,0.0,0.05555270350279327,0.09907580781472801,0.03176020636083061,0.053477026902945084
2022-06-03,0.004291852081541084,-0.0015396461855927501,0.023008884648541325,0.0037706696825016697,-0.0021861873959908213,-0.017250288293592334,-0.047336960920264445,-0.034889974001640726,-0.0069377006594061605
2022-06-06,0.025371339742017895,-0.017094433359300068,-0.011438094249913459,-0.0019589345246029907,-0.024069141715883806,0.04352927640323101,0.013511731351969723,0.013722295351284847,0.02275256100317527
2022-06-07,0.0,0.0,0.0,0.0,0.0,0.015593231955505597,0.01800080215079907,0.00907371541643847,0.036213360070656335
2022-06-08,0.020661892063956844,0.004691173575880239,0.010050208666027958,0.00010058300976787262,0.0017918977300812177,-0.02925957535706801,0.004010649189146779,-0.008773379327345912,-0.04260162939824068
2022-06-09,-0.05896444647822347,-0.006259801348506666,0.009675103346245122,0.0025606802300242653,-0.0040360698892732035,-0.03790793511941032,-0.05328898466196992,-0.02395150077434261,-0.0402003882418094
2022-06-10,-0.010905233482262468,-0.01741928447206482,-0.004411172280470487,0.0035539630187083533,-0.016614236877214392,0.0011125332624813136,-0.040804534168369565,-0.027572350288277758,-0.030085157155688155
2022-06-13,-0.04027389913793996,-0.06432555127200205,-0.03257792218984832,0.004039229426884497,-0.0488434646167981,-0.0663236356555592,-0.06573702886277898,-0.03413779798932981,-0.05748180817563434
2022-06-14,-0.004576667027411867,0.0,-0.008025413202974825,-0.0009958717101073188,-0.0038455213124184958,-0.007763982736999568,0.024983779768420596,0.003194455759612114,-0.0036310505051792186
2022-06-15,-0.03977132342689663,-0.032903401106945125,-0.029792011639671663,-0.006647523109742553,-0.02092708339264241,0.005415918447293187,0.04089100882478252,0.027682551039561316,0.03789470293774971
2022-06-16,-0.0047846981233362704,-0.019556178793867358,0.00944251514880707,-0.0008026837216031262,-0.007899932239807535,-0.05913828162466404,-0.05956706102810154,-0.04359050288671394,-0.07198873895587246
2022-06-17,-0.021819047394639725,0.0,0.005272293512857883,-0.0035696874065910666,-0.015318319996787084,-0.03010845454715608,0.07214986955960256,0.011858334737863747,0.015834128190220658
2022-06-20,-0.04768783078571535,-0.010830430774369553,-0.019469621431722227,-0.003986983503800205,-0.034480282636882714,0.010754917674272791,0.060036299221829854,0.029302040068385556,0.0056535461816136605
2022-06-21,0.0671059166428169,0.033901551675681416,-0.0023858806773771027,-0.0007082619937982748,0.0051965882410595155,0.0,0.0,0.0,0.0
2022-06-22,-0.05687564839200208,-0.05406722127027582,-0.03772890825510538,0.012022002580938652,-0.0003456233899869981,-0.07992806368386407,0.03692067621057553,0.0018455943191266245,0.0030573744313266843
2022-06-23,0.002541297428672548,-0.059121123007797385,-0.02162745962856348,-0.0033556065122480002,-0.07275284503037326,-0.054686932137502337,0.051547069949003876,0.01733826157303939,0.027528906542736424
2022-06-24,0.0446724400515926,0.06650123030541993,0.012907538792660645,0.0017041988176473648,0.03146987378966732,0.04525010572861852,0.07268029886217778,0.033893395658531646,0.08083542881780763
2022-06-27,0.019231361927887592,0.020018866890491923,0.008409880762081752,-0.00020024752614698503,0.02665876480832797,-0.008711536731429005,-0.06724188266723584,-0.018863997458744865,-0.032418887321848396
2022-06-28,0.03509131981127019,0.0035971261808494747,0.021783277752094033,0.002201657653539053,-0.0026341430344276216,-0.004677575117316445,-0.029665507616294474,-0.0275496038991093,-0.03877457392387771
2022-06-29,0.009153381986487201,-0.009017193650188745,-0.022403838270407934,0.002645587887000845,-0.009718208512365739,-0.009704109291944684,-0.002286845562467929,0.00728572948702115,-0.06384216588861209
2022-06-30,-0.04662849315303357,-0.016438726343159835,-0.030888106614065106,0.004327567150254508,-0.033583258996810174,-0.03416505387396734,-0.01705555804038869,-0.013190910736168005,-0.08353419473956056
2022-07-01,-0.0047846981233362704,-0.011111225425070722,-0.023644711475412833,0.0016365848678352236,-0.0298195403969353,-0.0034162782198078195,0.020447630187179166,0.0060739283328886595,0.007116496048191769
2022-07-04,-0.054200456897679584,-0.0018639334380627533,-0.015191865884312613,-0.0005452038829380438,-0.009694956978605864,-0.06681521451413537,0.08471034444946308,0.018595293091529293,0.03864558497230483
2022-07-05,0.02005079704556122,0.01297515886313346,0.024976601709897225,0.0046004026971299,0.0326974346960837,0.0,0.0,0.0,0.0
2022-07-06,-0.06404236632709533,-0.020465830592291002,-0.04922842245967393,-0.0005925134476723878,-0.017531399689335977,0.01007731719923442,-0.021493102968950344,0.012020413615426587,0.010325189573509065
2022-07-07,0.005277057100843819,-0.009442940800282072,0.01991627183090808,-0.00019744873821368088,0.02636623318725639,0.05921714895509885,0.032218963488924494,0.015585758646100381,0.05371104318846997
2022-07-08,0.007863736460214451,0.015066198354644183,0.008652313696077479,-0.00044464317716755286,0.0036583222704175064,-0.04264877385458178,-0.0009828235380193362,0.0010708668733985642,-0.015384943936183877
2022-07-11,-0.0026143805740708207,-0.0018709079358117313,-0.02245028613182802,-0.0030188076952888552,-0.0010960848035347992,-0.0325069385571421,-0.05465462712773565,-0.014354684597749674,-0.032330920066678294
2022-07-12,-0.048266740969834514,-0.02656702738472175,-0.018468357217655784,0.0012382552698415698,-0.048689548883026866,-0.020631961758368397,-0.005052181660180546,-0.007169768756316989,0.0022970007924648208
2022-07-13,-0.00827590930385971,0.009569451016150672,0.00482089354403019,0.000940184645211379,0.016934939840520472,0.0012916054908828037,-0.0263945511372989,-0.00563241214143237,-0.037998419943231394
2022-07-14,-0.005555569844601994,0.0019029501460860636,0.008551554113154305,-0.00029686840229960123,0.0020734478684907775,-0.042816190381007264,-0.03790714713852418,0.007299890441593286,0.008659135883456138
2022-07-15,-0.022536165022413058,-0.011472401162236807,-0.01821669484666536,0.000642902653178039,0.020315575444418334,0.035812947290266815,0.02274075878297257,0.024362423628902678,0.06587156225997366
2022-07-18,0.03636764417087479,0.052446475372542524,0.01480491408252281,0.0016301976585730465,0.02801715546646261,0.05674928478220281,-0.004480795381016739,-0.011489527922839249,-0.020294863575612134
2022-07-19,0.01904819497069441,0.0,0.013240644922390793,0.0014796952636436946,-0.008105953484364228,0.03621333828323863,0.03133588086166175,0.027375579790097103,0.07631123907351317
2022-07-20,0.013387080782459279,0.021661496781179467,0.014065924871635816,-0.002961422600100685,0.01383039843105737,0.0021334302964361907,0.07889892785705266,0.016017043352359428,0.06677866839986143
2022-07-21,0.02624822607493641,0.0035650661644961446,0.017472014622616883,-0.00039556802029806445,0.013641936226520246,0.007617608248509791,0.032684748186320715,0.010044242138312481,0.015262057149112527
2022-07-22,-0.020943173845243135,0.005323881252749797,-0.01150390205534031,0.006063985205186686,-0.012215894931550024,-0.03659203449291284,-0.05996727928099229,-0.013390862880105731,0.026879298400212977
2022-07-25,-0.007968169649176845,-0.0017714796483820044,0.004288285517069257,0.0015225710385019869,-0.004284096025797181,0.019254987827481015,-0.016051078918196078,-0.005225281538711327,-0.01389579692716632
2022-07-26,-0.0026702285558789208,0.003539826705123987,0.010478168957501841,-0.00019630740334587195,0.00588597434768281,-0.016575763953601472,-0.033120979457217224,-0.023710507343004884,-0.024049249915231555
2022-07-27,0.0,0.007042282625412951,0.0003258584328295106,-0.0008347965369075998,0.0007111547001363034,0.05121452199205042,0.06754319353905393,0.04498688781030205,0.027767125671501084
2022-07-28,0.0672087496934501,0.0,0.029201309883060297,-0.0009830959348585142,0.00035524560031898025,0.007972984695145971,0.0006227470249345569,-0.0006785003822070299,0.03440468489686672
2022-07-29,0.03198304585305074,0.012205905679503764,0.0166227512540672,0.00666570655885734,0.00708100880740304,0.05558956640401018,0.02101577414537063,0.017567333893999646,0.03882145244903892
2022-08-01,0.05877131741541334,-0.0017346058122083075,0.005892247901703012,-0.0023964584914367942,-0.0047740613417933,-0.047124925643431216,0.015445662978956309,0.0034557846279748517,0.006541597451948835
2022-08-02,-0.00917437627604127,-0.01398624197473984,-0.012758726783022641,0.0023964584914368168,-0.014101159454337925,-0.021375373844545666,0.04262618216289682,-0.0028533553179471297,0.028108549627773156
2022-08-03,0.029514060513164006,0.01398624197473987,0.006555282025646185,-0.004798673794897564,0.0014370561251754413,-0.01762719835115934,0.02975275403686027,0.030694067690802376,0.022954000667573273
2022-08-04,-0.015783867701262,0.008643096156020014,-0.014100171434197204,-0.0026048895119618913,0.00661948344501268,0.002062947339877204,0.010283365757224387,0.005410475569434236,0.09349451918808396
2022-08-05,0.022472855852058576,0.01367542679967549,0.02246588295124073,0.005251942019996922,0.004980536175190413,0.041985886648156695,0.00223296565575386,-0.0174596382019535,-0.035341126109533695
2022-08-08,0.037081674904531785,0.0,0.014701689302561926,-0.0009305730429276386,-0.012318325484096546,0.017555450554481624,-0.14750946354440492,0.002654751375156495,0.016912218769333624
2022-08-09,-0.012931214672248779,0.0016963532481783338,0.0075721979037721475,0.002300221005854765,-0.015386240078168408,-0.020024244236840235,-0.06103096812405317,-0.012666532820308133,-0.06572058980026198
2022-08-10,0.006486509229606852,-0.011935350549272791,-0.006964400207223995,-0.0016144851675014915,-0.03546282712950582,0.04856474104908292,0.04071679370428776,0.03169335230693504,0.06833515077329529
2022-08-11,0.08070561787348396,0.018692133012152546,0.023424592138761652,0.00024483720457422906,0.024457493027279162,0.0025770502183267647,-0.023870687803374122,-0.0108466097251999,-0.016066488855146107
2022-08-12,-0.04057351644716647,0.005037794029957081,0.007982294786044952,-0.003776692693772267,0.01591839167721955,-0.002033060637044211,0.050256235116865014,0.0187057947429529,0.051931056805599195
2022-08-15,-0.014598799421152636,0.0016736405580296937,0.004114159101388273,0.008855002916923529,0.022081560341216135,-0.0332103402788526,0.002852784548115676,0.010618947173621836,-0.010550318430245436
2022-08-16,0.0,0.0,0.0,0.0,0.0,0.030820350620896858,-0.015245396654539917,0.00030465167600768247,0.005799013570281572
2022-08-17,-0.01694955831377332,-0.016863806052004805,0.003512759231329545,0.0004382773696337453,-0.008022211943325653,-0.03575564723045304,-0.031107709863268933,-0.010677082441845407,-0.019895714279132993
2022-08-18,-0.008583743691391442,-0.008539761548134496,-0.0029265222995004743,-0.0019005907862390244,0.005177299083933728,0.039319719276521364,-0.022705277550580976,0.009727812201317543,0.0036160061658410485
2022-08-19,-0.008658062743114541,-0.005159082810027336,-0.016251055846694437,-4.8754201343527694e-05,-0.00912273957856067,-0.021089567038191783,-0.06830840238862598,-0.015551828117918762,-0.05331533904174171
2022-08-22,0.01937627896313868,-0.01739174271186922,-0.006874885270666019,-4.8756578431595365e-05,-0.026401184003108966,-0.009134015635766405,-0.04265651926827089,-0.015809117469623716,-0.012538767191390692
2022-08-23,0.004255325570138491,-0.015915455305899568,-0.006016941633439272,-0.0018553874053385776,-0.014308506860476449,0.0626318389410588,-0.007462654810996003,-0.00100534128123152,0.0
2022-08-24,0.053731932080210966,0.005333345975362603,0.014380101483478553,-0.0009780003951062744,0.0005612842654482675,-0.012918254395512434,0.013149862304405971,0.004295019750766518,0.01516718211149189
2022-08-25,0.0020100509280241,0.01757514482150749,0.002673459715423149,-0.00014677861517595247,0.02238144150726466,0.05427370333457907,0.03382323465251483,0.01305436612991769,0.019350494880464347
2022-08-26,0.03550668845690982,-0.005240186663556159,0.0032579529337131144,0.001075850069550688,0.00856030689331945,-0.035014822083694525,-0.06191410186668694,-0.0447817969334649,-0.059107060591064714
2022-08-29,-0.0175957618903796,-0.019452425926815294,-0.022728327407161658,-0.006915380167944802,-0.040527372940812385,-0.00777020090395269,-0.002610147386624959,0.0035705874394215604,0.018115872963758713
2022-08-30,-0.01791092656653022,0.01242251999855711,0.0042258615474152945,-0.0006892931921559062,0.020561460781530008,-0.05936664988242763,-0.005108452860168131,-0.013625186608158112,-0.013547528808545593
2022-08-31,-0.020284671171505776,0.008779687652045773,0.0075017579567226165,-0.003107431575878528,0.019240178254824606,-0.011133949161855627,-0.01476948650335852,-0.010842792066676547,-0.024643775157285833
2022-09-01,-0.02700060181850597,-0.014084739881738972,-0.033128510543125385,-0.0017305681675650114,-0.026481875438449078,-0.04071544652100742,-0.018600432721423418,0.01123928315907235,0.008169746557020564
2022-09-02,-0.023430251808385996,0.0,-0.0018559872562428847,0.0017799437610105094,-0.013130912442999772,0.013234912008098005,-0.006301964844554459,-0.007781938962439173,-0.018884192963001024
2022-09-05,-0.006486509229606773,-0.010695289116747919,0.0012375376037757758,0.006352366861604396,-0.013879882881232196,0.005840709503221868,-0.004127821898536907,0.004786799837493096,0.009541544338623838
2022-09-06,0.06711113104604169,0.008920665758379362,0.0147333421640689,-0.0018178924717661608,0.005156137482081684,0.0,0.0,0.0,0.0
2022-09-07,-0.01636028310520691,-0.01251133388910798,-0.011954088218073642,4.922970300708094e-05,-0.018066944602587835,0.01265664054153128,0.018450010457937854,0.02315663568999327,0.04977007464470949
2022-09-08,0.014329825554824868,0.007168489478612497,0.014388678455397444,0.0026028427102862297,-0.0042760312008301125,0.07364627467275926,0.016444824306799808,0.0026242084859106523,0.04112617768094141
2022-09-09,-0.033060862260888065,0.017699577099400857,0.020457929721482474,0.0017640692565543256,0.033141658028067796,0.04664627453249432,0.03121117484807959,0.018317018545703664,0.0863868916863335
2022-09-12,0.0,0.0,0.0,0.0,0.0,0.0004647582614554944,0.028314692930493265,0.012745398983214718,0.004942354322325201
2022-09-13,0.0,0.0,0.0,0.0,0.0,-0.03806714706774166,-0.07108963297709305,-0.05870903471528593,-0.05694702578888653
2022-09-14,-0.02338044864406372,-0.010582109330536972,-0.018332553678324814,-0.001322819867349425,-0.022678453408992022,-0.020858742125563535,0.03239836078818691,0.020620545343503518,0.038921870419898696
2022-09-15,0.029663191823558855,0.005305052229693098,0.008456865793489908,-0.0033883512066640955,-0.0027021937226499515,-0.006327588922453071,0.05063522414568768,-0.015106057911638065,-0.0010353231686254607
2022-09-16,-0.07362631524467501,-0.0070796755880616884,-0.03426484859656928,-0.000590480046073016,-0.011664221323355501,-0.022028511187949153,-0.03593690249000508,-0.01367371429126425,-0.06125366480741946
2022-09-19,0.0022446698538239494,-0.0053428444104954695,-0.009066630240342858,-0.000738590708144667,-0.007458391518337656,0.04495888919363873,0.016401228301424715,0.014937262095375105,0.02066382478896881
2022-09-20,-0.0067491819749284495,0.001784121793501392,0.002509300994558167,-0.0016268223317010663,-0.0031570232382938388,-0.02787105466763051,-0.033302834010010746,-0.010426865268303824,-0.02738488617250552
2022-09-21,-0.02978456135752754,-0.0035714323675971335,-0.010075597407189605,-0.004896245685653555,-0.010729311933893754,-0.05170007021121738,0.013495109740622475,-0.013747483648131723,-0.033232002279551184
2022-09-22,0.02298951822469878,-0.021700670733117985,-0.0038046926525630927,-0.0028796707602834165,-0.017125351704589536,0.020516287915913506,-0.030844295973751316,-0.0006780950671261673,-0.051575696635236645
2022-09-23,-0.04890380699016912,-0.02968678118004239,-0.036226541475658805,-0.005734437324973894,-0.02531266595766733,-0.06274710814074487,0.0020280942508320954,-0.017782472171727896,-0.10508033923868973
2022-09-26,-0.0539346392349473,-0.07222650405401627,-0.052403368849762495,-0.010961492003822192,-0.042577706549638356,0.009452622458138845,0.03363701131051904,0.010207349954773199,1.0653157659102646e-05
2022-09-27,0.027330893716971266,0.01207258123426924,-0.00591829627679843,0.002222116620652629,-0.0008703754239154161,0.006804044993557867,0.006131119022879798,-0.005289017615235396,-0.018361267980652046
2022-09-28,-0.05542980493933087,-0.022245608947319737,-0.03554035558252002,0.0020158523877708834,-0.024235586274084727,0.04883320190600782,0.05247714233133569,0.03272880762349972,0.07860982898401148
2022-09-29,-0.015666116744399463,0.008146684567818108,0.0010849427241203533,0.005322402129923402,-0.017548161505780275,0.010127741868200426,0.016540966610203933,-0.029731250455305655,-0.06586300577007666
2022-09-30,-0.005277057100843781,-0.004065046248169556,-0.010171074426204447,0.004895601248889249,0.006334798124692911,-0.03548341354818592,0.0009580080718978702,-0.02314828044694893,-0.0021199885958363023
2022-10-03,0.03891541624967362,0.03796659792385093,0.040778362540052786,0.009226184113035257,0.05826037486247131,0.07317160790740654,0.01564415874913128,0.025398841348273374,0.14838727465479723
2022-10-04,0.0,0.0,0.0,0.0,0.0,0.041564805608735114,0.02000047774241105,0.02479747201242417,0.05485125271380986
2022-10-05,-0.017972242404430367,-0.001962709167848706,0.00663769135833922,-0.003709968767517103,0.0010633294699719331,-0.01939406143460443,-0.015322942452619212,-0.011704011706231515,-0.008078234201881326
2022-10-06,0.04309919248185206,0.02330202520284411,0.009702121628091812,-0.004121932278182398,0.033235316630940405,-0.02885438863035658,-5.854759201673261e-05,-0.01324939935799337,-0.01688084890187105
2022-10-07,-0.015000281259492598,-0.005774799493883908,0.007557473044322135,-0.010002639632609427,-0.002264048251243145,-0.02235489129898921,-0.03125829646887041,-0.03216801507915251,-0.07257757513835353
2022-10-10,-0.022930941063917017,-0.023438572972017468,-0.0155202111120591,-0.005392761015445396,-0.028212146153758295,0.01065128761926004,-0.01110427186650811,-0.01026312958342733,0.02613933801579354
2022-10-11,0.0,0.0,0.0,0.0,0.0,0.013288267303890178,0.013541656473335963,0.0033481591227554346,0.00168892564819256
2022-10-12,-0.018205964496572524,-0.0019782400121057075,0.015862360029842936,0.005392761015445379,0.01764758951713125,-0.01979953426530597,-0.004354945687965846,-0.008541675348536825,-0.023541025942587394
2022-10-13,-0.0622663887260007,-0.013958352250706914,-0.029863248407197316,-0.004786418075174924,-0.01595337260565371,0.027702210888345312,0.005856166940699577,0.027026917039527084,0.0018642044208231107
2022-10-14,0.03566907620673493,0.013958352250706855,0.025062194325837745,0.002773974857330522,0.02816497306451206,-0.062006391705701026,-0.07213403901156626,-0.03175327826618142,-0.06421702971438997
2022-10-17,0.023969190112996402,0.0,0.0006871664871140464,-0.003329727268137191,-0.0028842332253541277,0.04646546191406152,0.05767801114784617,0.036402450869324254,0.0653995770968808
2022-10-18,0.015666116744399456,0.025416812984123256,0.030115753363221906,0.0014643730179147024,0.005760171568052163,-0.02029517889156207,0.018552126695138043,3.1847743787499976e-05,0.04674122112377622
2022-10-19,0.002587323564950954,-0.01165061721997525,-0.002670317253845933,-0.0041462397337392555,-0.022612700764144872,-0.001849064930782907,-0.028391915723800374,-0.0010418229430289641,-0.004268527717529618
2022-10-20,0.0,-0.050060501956918,-0.02025725400972524,-0.0021810859977757133,-0.01863666592864737,0.03033688728473013,0.020192562075164018,-0.0017853155914347573,0.08555213980370753
2022-10-21,-0.03684627338596626,-0.014478019180653225,-0.011318779404257137,-0.010669612402259889,-0.0008553988445099394,0.10129217253796499,0.0366655990318119,0.029795945541920346,0.07174467770573814
2022-10-24,0.03942691997945792,-0.010471299867295366,0.0,0.008229156355543036,0.02888963987796957,-0.031886646594080505,-0.003228055397014104,0.01006929906418761,0.041431275903651796
2022-10-25,-0.020834086902842025,-0.0364456199204562,-0.014243920637353222,0.007151875906657215,0.01873839915555363,0.015118520297978173,0.041427673614847206,0.015309427774100695,0.020429611317341268
2022-10-26,-0.01859283307661586,0.010857869972049086,0.003492887270186153,0.007401988340191091,-0.0024510500339518697,0.046643710685712304,-0.015191361077604467,-0.02706547601326255,0.02797707545152352
2022-10-27,0.013315775975772156,0.03188367840522198,0.049720752521413177,-0.0007025643560684316,-0.008007349552171084,-0.022856800707237918,-0.0012019440883068802,-0.023151033517130885,0.008233185891710806
2022-10-28,-0.002649008171576953,0.004175371410480592,0.0016631237207788694,0.005257484038291414,-0.04835744636728336,-0.014751225328535997,0.0065202136967508866,0.03233543113812908,0.013308603750130536
2022-10-31,0.0026490081715768625,0.002081166203824671,0.0049726356871980645,-0.0038027427736190894,0.013538459391487978,-0.01390648390095524,0.019270920428324713,-0.009505025097853215,-0.042362505688057474
2022-11-01,0.026111144003685804,0.006217636610870582,0.05092951961444843,0.005748483138123908,0.004259862521070966,0.031557852165270614,-0.021969274840610075,-0.016286598290687983,0.030453740091754895
2022-11-02,-0.012970350442627404,0.01027758275824023,-0.0012579071249225787,0.0008967151235926488,-0.006396746475940271,-0.057674270695374966,-0.049500241537370385,-0.032940063753316796,-0.051082083173570964
2022-11-03,0.00520834510713826,-0.0061538655743782235,0.004708886374288716,-0.0036418106877298714,-0.007730123143892198,0.021577440703977817,-0.013181609957506425,-0.015675968243919983,-0.007432073513888811
2022-11-04,0.002594035177046528,0.01023550389402671,-0.007229328034505591,0.0003497813009219386,-0.005620418912466031,0.10887154166163279,-0.01873884909101174,0.015089354100268983,0.01850590792277814
2022-11-07,-0.005194816877104023,0.010131798930406955,0.02184169613060935,-0.0048079101395809955,0.031369218761000156,-0.03678051062320062,-0.13741713785762455,-0.004380610847532325,0.013661783151001115
2022-11-08,0.033293728099463626,0.01600034134644112,-0.00030863735080827057,0.0008029253500004734,0.025512019454782212,0.016379527047753913,0.014188801490613311,-0.005094079191292818,-0.008415858834017955
2022-11-09,0.010025146619378865,0.011834457647002798,0.015014749119032207,0.004154865214348947,0.008767562300927232,-0.05553673952045663,-0.04679401613033253,-0.03754805477659494,-0.0157390945103894
2022-11-10,0.004975134640113708,-0.005899722127188271,-0.016559747323568224,0.004983014477409382,-0.011844196733820698,0.08613617085165702,0.09958891470297039,0.07962285690954804,0.05202749254633503
2022-11-11,0.017220597751670556,0.027239038162183676,0.03255045298233431,0.009301510787745736,0.05514791261931706,0.034499812332166015,0.09602387013850937,0.018918375614352775,0.005221916887498547
2022-11-14,0.004866189651172906,0.009551170984342987,-0.001497732952593717,0.0004430526052404307,-0.019235136192259493,-0.04102889044702389,-0.07463505349579103,-0.0458959025459695,-0.06547199427279005
2022-11-15,0.0024242436115064756,0.018832948333092178,-0.006013155522657808,0.00412646282483942,0.03025496560950241,-0.0019179410111593838,0.022016436219643082,0.006603801111527966,-0.022707664011010417
2022-11-16,0.021557721074979056,0.0018639334380627327,-0.003928170544986239,-0.001717317250265962,0.007470658106996954,-0.012326532706123857,-0.027660271381743436,-0.007467325136612755,-0.05090922492967698
2022-11-17,-0.01672679380531351,-0.00747667034302014,-0.014946113576966305,0.002844165856475916,-0.019852306404495545,-0.018279788050507187,-0.04675033182071286,0.0074257639797607,0.01728064707951143
2022-11-18,-0.02192536062896566,0.0,-0.005547083471032968,0.0008809586130654467,-0.0023387138442714705,-7.228435976549337e-05,-0.0301707726402615,0.0015015000226918148,-0.010301849986274283
2022-11-21,-0.019901154317294913,-0.018939960100921614,-0.010874684643915973,0.0009780482722096839,-0.02429267976825817,0.005531566651684584,-0.01610955525723763,9.519987861642038e-05,0.02496192478448918
2022-11-22,-0.002515724597247247,0.007619084476439358,-0.006582044405770817,-0.0028388759389440417,-0.017953130531989627,0.048091756983302085,0.0054840321538917654,0.015106582370848448,-0.01448448779329523
2022-11-23,0.0025157245972473705,0.009442940800282087,0.01591061494184845,-0.001520549469986977,0.01715316151163671,0.0016646699396236928,0.017484308054316534,0.00800038982336488,0.0005354103630696991
2022-11-24,0.022361180158157325,0.0056232575543622605,0.016879309950165674,0.007433877535666232,0.015288675617782434,-0.0440433750789065,-0.032655654249411185,-0.027628128600404436,-0.029064516916363626
2022-11-25,-0.012361096823573975,0.0,0.004251352658724266,0.000827965785348951,-0.01408892195428133,0.0,0.0,0.0,0.0
2022-11-28,-0.04320875433123681,-0.01127831503770719,-0.009438306086264905,-0.002095701143725592,-0.020594275979422875,-0.01459718866506161,-0.00503738473875729,-0.0034389938158981203,-0.036115404186418454
2022-11-29,0.0,0.0056550574833450565,0.00822546816275601,-0.0016600959684819928,0.007721950013438398,0.025764171120809958,-0.021296494673641555,-0.017137354882364907,-0.0016922078578699355
2022-11-30,0.0,0.014925650216675792,0.013560545490694255,0.0006350820427165228,0.0028299308281496587,0.051392809053101174,0.04976245268496911,0.03684865240455567,0.04020172740250316
2022-12-01,0.007762005335489109,-0.0037105793965356015,-0.008114228494599314,0.004871827215171654,0.012636947238266203,-0.01935142688067261,0.033328090362141086,-0.012561999878208135,0.011401077129204292
2022-12-02,-0.012970350442627404,0.0018570107472126892,-0.019193281723270093,0.003783681316815579,-0.021558316131231395,0.01736259183556903,-0.024705268315450557,-0.0031595145268048875,0.03974833040176555
2022-12-05,0.0,-0.007448824012990625,-0.007409678319684514,-9.686709704158656e-05,-0.0024468885268139067,-0.040507408700813013,-0.06942936901143044,-0.022528544884528334,-0.034279443313300254
2022-12-06,-0.021108963210235168,-0.024599159013367785,-0.016245288521560253,0.0006777940737902244,-0.018753764145179163,0.01012187971111975,-0.007742004569990389,0.00033333920479718934,-0.00923648101249716
2022-12-07,-0.010723963362975724,-0.015444322427473631,-0.011722075604260015,0.0003385676106485327,-0.014458046399576693,0.00454831408295626,0.013590813148079032,-0.0033202381762216246,-0.017362111497612878
2022-12-08,-0.008119124438504242,0.003883500026397612,-0.004471452748510914,0.0009187284351771397,-0.0035945999104279713,0.029878910714977603,0.00350904123847828,0.00809324780326194,0.03804496682658755
2022-12-09,0.010810916104215676,0.003868476777920332,-0.015809239015045457,0.00164173856455692,0.01909215284897837,-0.044559687797791216,-0.013585028205516254,-0.017935151793007732,-0.05522783935236952
2022-12-12,-0.04677606479773072,0.0,0.0022738509150350065,0.00038595075463723847,-0.01676470563348569,0.012093638495141116,0.029608009397442823,0.016596169508735343,0.0031391732635052557
2022-12-13,0.03324405857915443,0.0,0.004855139761273035,-0.00014470427832547348,0.005899746005736081,0.0050117265406095434,0.02368518366649653,0.0063758075087325125,0.028501863701085362
2022-12-14,-0.0054644944720787375,-0.009699397088713506,0.018237653455232504,0.0013978794840457732,0.016666989257217286,-0.0008252063125089392,-0.025348595313320232,-0.013685309339697952,-0.017293183267975912
2022-12-15,-0.011019395249610538,-0.007827828620246792,-0.017592052362303788,0.0022133823722373692,-0.014358841488904806,-0.02674948239872025,-0.0411108620085409,-0.026283517078907435,-0.042358814846531666
2022-12-16,-0.011142176553241848,-0.007889587275162932,0.002256261046389531,0.002352280841623703,-0.019685194145179705,0.009182190269729128,-0.01212372294739581,-0.00635774084199594,-0.004643929262128082
2022-12-19,-0.0028050509276086096,-0.015968403178731112,-0.008730904976830543,-0.00047960336248812914,0.0036273253349985955,-0.030583210869495957,-0.08723518400739642,-0.018301144195625205,-0.03980366313221164
2022-12-20,-0.04304825356851372,-0.012145898302108115,-0.012418505951568366,-0.006690675648808691,-0.0161033643949264,0.0025441947361632073,-0.015483386307119514,-0.010245700400600195,0.004153567488237821
2022-12-21,-0.0058823699030665245,0.006091389393401913,-0.005936568367041571,0.00028981546068155363,-0.0026006808689169967,0.012614898608281362,0.025231740138252703,0.00997962240287331,0.01788251399069949
2022-12-22,0.0029455102297567446,0.008064559836730495,0.01249192150850885,0.0024593024918568686,0.018917028198016765,-0.02754051615948701,-0.03512879986459419,-0.03142963576099344,-0.03482541315897702
2022-12-23,-0.032887866844835176,-0.020284671171505776,-0.017466274215186352,-0.0018801586883396859,-0.0315837954727992,0.01474652918916261,-0.0013618376353199322,0.005579972139810481,0.006521326235453178
2022-12-26,-0.02461662763535603,0.008163310639160835,0.006626828485364263,-0.0012070657213395825,0.010711612622623124,0.01319417765532725,-0.05427330602173229,-0.0220890205663826,-0.025969853860403663
2022-12-27,0.0,0.04568818417142793,0.003297187577369333,-0.0033875244330429715,0.0075816553571756195,0.0,0.0,0.0,0.0
2022-12-28,-0.012539349252735251,-0.057958276763242375,-0.006605146493372974,-0.0054750570510422834,-0.018952866546015364,-0.028782702560897117,0.008873186086983696,-0.01563286802164311,-0.02117803208436377
2022-12-29,-0.019108861698046473,-0.01450802648957852,-0.02618468984813069,-0.0011878035403572063,-0.026067994550216425,0.009740021773422328,0.051391872869529044,0.02291710234951315,0.089705673723885
2022-12-30,-0.026060106669864955,-0.018967902706810924,-0.007168537717335393,-0.004864747794606765,-0.012721622520943067,-0.012400587633377393,-0.0011558229030890071,-0.005370883422528939,0.005286506521737074
2023-01-02,0.0,0.0,0.0,0.0,0.0,0.00652062440201182,0.00394421732486053,0.001481211318891796,-0.018079709913274348
2023-01-03,0.01311494207782795,-0.010695289116747919,-0.009638481157786935,0.007337682434648441,0.007743076992165325,0.0,0.0,0.0,0.0
2023-01-04,0.02889446599971497,0.014941579998199141,-0.00034611545427065937,0.002220345605737792,0.049783573833694646,0.028908587549988582,0.030126201422426682,0.005961792344377209,0.015751391507053798
2023-01-05,-0.012739025777429714,0.03538350388931666,-0.009735671880848071,-4.925766956326028e-05,-0.007148394292516393,0.018759596983689935,-0.0428656166843548,-0.017388304283374147,-0.00033043900926190035
2023-01-06,0.025317807984289786,0.0,0.014912675752521145,0.0009853235882206115,0.02808038426966648,0.0588279310579955,0.011963880134208188,0.0254130854318525,0.04206797926228172
2023-01-09,0.015504186535965254,0.024243611609992853,0.034841950736490296,0.00437290807554264,0.016144665801599352,-0.006592142714955007,-0.0040127213696139205,-0.012305856922905312,0.02886841531999758
2023-01-10,-0.003081666537408112,0.021718523954642903,-0.0003325823575676738,0.001910260864054865,0.0031148022213847593,0.043127008595013644,0.03047416864286714,0.008486955120067608,-0.02028163558259249
2023-01-11,0.07145896398214505,0.003898640415657323,0.015509455311975406,-0.0006853350029127629,0.009697812568429142,0.014804452108023431,0.042194826422920946,0.01864822798492125,0.009483878592115635
2023-01-12,-0.011560822401075971,0.0058196090532640025,0.01204228905140815,0.007026462884135006,-0.0002052902937690244,-0.0008524438449640466,0.0049871466490838175,0.005675311557382213,0.0236566684059161
2023-01-13,0.008683122573460857,0.017258338229280783,0.007413413419236562,0.0023313032762493475,-0.005560812179986036,-0.004863307899521975,-0.010912503913307968,0.0031032742311295834,-0.004421963814351098
2023-01-16,0.0028776998276151956,0.0037950709685515343,0.0,0.0003879968053503166,0.0028872896336714655,-0.02251046017347231,0.013350650648863262,-0.00025650411409630506,-0.002998597589567704
2023-01-17,-0.011560822401075971,0.015037877364540502,-0.0061201237252278265,-0.00622632106526502,-0.005161553702135242,0.0,0.0,0.0,0.0
2023-01-18,0.005797117684325915,-0.003738322110607104,-0.008762005612103201,0.005353019296063263,-0.00020703058198967523,-0.00633787216043117,-0.025453771006453636,-0.014323087587503646,-0.033726310344289384
2023-01-19,-0.002894358026364526,0.022223136784710256,0.003578980937566173,0.005903763155340245,0.0045444711298547385,0.0007282674565174846,-0.02921458056617336,-0.014113753034976488,-0.042274305349620754
2023-01-20,0.01438873745209967,0.0018298266770761572,0.008730904976830142,-0.002367021752146941,0.006163947607071234,0.03121898805597538,0.045041022191940026,0.029955890333032496,0.04361770313500143
2023-01-23,0.0,0.02348798130721376,0.014701517073461982,0.001111796152823071,0.037983140428480694,-0.01584691367347706,0.044345207102186424,0.016022044655180426,0.06158119461926865
2023-01-24,0.0,0.0,0.0,0.0,0.0,-0.003007553169881298,-0.044976694031962125,0.0031811825262501136,-0.013160210667176191
2023-01-25,0.0,0.0,0.0,0.0,0.0,0.042418999079105395,0.025561765477458507,-0.004639430346939548,-0.06335957779553492
2023-01-26,0.010798627242225578,-0.0017873105740957515,0.017610377640074233,-0.0014503335397634165,0.007269796532207584,-0.026430339576922184,0.00218150784353363,0.01865640448078975,-0.021712293555392514
2023-01-27,-0.005100606127587797,0.0,0.013007204235434184,-0.0032467086020056242,-0.0023520072939480314,-0.013487197904840847,0.042397483564223994,0.01020068618797932,0.023687024111550405
2023-01-30,0.0011357184639274286,-0.01260142687800382,-0.02051664041067789,0.00276279627462235,-0.005706947900808162,-0.02235188304673837,-0.02756241411298479,-0.02399203041580931,-0.03307474967464508
2023-01-31,0.0263246788991703,-0.0036297680505787237,0.0037618312760247913,-0.002471570911350764,-0.009916753663202289,0.01822042916651197,0.0579121718016098,0.01898515135304173,0.02222690380063511
2023-02-01,-0.004432140219339035,0.035718082602079246,0.00779186719992199,0.00455071903722624,0.013266228001862826,0.004103091511840747,0.05243164535093751,0.021075645420598647,0.0330518478287942
2023-02-02,0.019791740039169555,0.07923266307679201,0.004336959580918427,0.004097222472253834,0.01851359839740034,-0.03417726251340115,0.08265604108618127,0.025440065279615218,0.01354329699249475
2023-02-03,0.005428894984114252,0.001619433552302976,-0.004026533995788218,0.0049426324063900256,-0.010286446568772705,-0.005412323677389085,-0.059441053738990376,-0.01013879088454061,-0.023126808738394698
2023-02-06,-0.004884677283607573,0.008058061329762441,-0.006539131700217775,-0.0070132704199492414,-0.01572964027354497,0.013972089736517099,0.006887756106337514,0.009920258914574279,-0.00824489906049426
2023-02-07,-0.0032697576815568182,0.004803852312645457,0.0024961911787931496,-0.001350625633422332,0.023889890326969858,0.01941104757856003,0.004732207377849503,0.023093133383199915,0.07366613514802836
2023-02-08,-0.0010922993986089273,0.026794353137520936,0.001556961234228112,4.831498775534372e-05,0.023710478192100412,-0.011876364409923006,-0.009715469455345193,-0.01438801828461626,0.03456779536730724
2023-02-09,0.007621158281072566,-0.014095769800393414,0.003416614603538775,-0.0011591209861889415,0.0026420202372874394,-0.002147033091703167,-0.03368408518422477,-0.00902856047332778,-0.005384533462404471
2023-02-10,-0.024706170166006045,-0.05013175771004051,-0.007469767016560192,-0.001450754422791843,-0.012707634637816753,-0.010049221351301051,-0.05338623074997942,-0.0029964872573655637,-0.07553447957889724
2023-02-13,0.0027754666720358535,-0.01167652966183563,0.0,-0.0018890861566220325,-0.009589690488299213,0.004233735092982871,0.023380464147008825,0.02616075153793469,0.061376946600273444
2023-02-14,0.0033204236373025474,-0.006734032181344068,0.0003124931274697916,0.003339840579413962,0.02210882993231715,0.01407062000613226,0.18553317222678214,0.0007777695093670972,0.020203069173534337
2023-02-15,-0.03886718449168239,-0.020478531343540676,-0.02915296224699255,-0.0030490034454589516,-0.015577864842876259,-0.005339091303323826,0.10252206258014777,0.018028359986279174,0.03813402366472014
2023-02-16,0.031102309093955765,0.0204785313435407,0.02915296224699261,0.0012110409611729772,0.025518872290439237,0.012270663241446999,-0.03867768695265245,-0.017280085159698092,0.006657000155503615
2023-02-17,-0.008948605576014033,0.01342302033214077,-0.00563748548832889,-0.009143093704448713,-0.01979151062193443,-0.012308316777030233,-0.042118090456273925,0.004677321469913779,0.006246288735234093
2023-02-20,-0.015855371789794077,-0.015113637810048184,-0.00978385174649766,0.00126944425108736,0.010792548675450975,0.019004796121541864,-0.0854699553265891,-0.02639862949382106,-0.053893502208981786
2023-02-21,0.0,-0.008496227829085533,0.019473034211755003,-0.0018070625352623712,-0.009460782284320436,0.0,0.0,0.0,0.0
2023-02-22,-0.021928172338611662,-0.045383005847817695,-0.02201355110804688,-0.0022020912102103714,-0.02678131558844568,-0.014205495574604354,-0.006672870699525833,0.006481806466670921,0.023293782542411746
2023-02-23,-0.003506724809209966,-0.0017873105740957515,0.0003178606886265829,0.002788455747417968,0.022971782525627222,-0.034917574786071326,-0.028771653011306613,0.002938535482741338,0.05302131924242509
2023-02-24,-0.010594566431396028,0.008904778342959685,-0.010866131495675505,0.001952355332912909,-0.005741688009214656,-0.011399290072455007,-0.0038433332330384228,-0.0107713302761328,-0.03429358947210812
2023-02-27,0.0,-0.012489011570774922,-0.009362463897225167,-0.0009756621220640256,-0.012360204327611118,0.01909733727784255,0.006153006459567108,0.020900658943271564,0.010429643777019134
2023-02-28,0.0005915409814611231,-0.0072072384049492715,0.005176383762381829,-0.005775848097168951,0.0023292587615427202,0.02197025906116503,-0.02318975437786992,-0.0004023354265284738,0.03137379779778026
2023-03-01,-0.0011834320907802161,0.021467729624106195,0.018542742566028385,-0.00014726400527547798,-0.004858610549568991,0.04206890569271777,-0.02560929865521663,-0.01468802531788762,-0.013703348298703517
2023-03-02,0.0,0.0,0.0,0.0,0.0,-0.0051001624643524065,0.03485842615219999,0.008153702033982996,-0.019679211395115
2023-03-03,-0.0011848342618317861,-0.01966104439915712,0.01446566568126274,0.003088312603632469,0.0029180292356987213,0.010801728686865218,0.0339515100080084,0.009677258244704981,0.022704888828888135
2023-03-06,0.019953713665571048,-0.018215439891341216,0.010867866742550554,0.0031275668423858356,0.020190981560841027,-0.026560664141383687,-0.009447901749629839,-0.002211519238330517,-0.013872805439709023
2023-03-07,0.03033136665798544,-0.00923367594694544,0.010751275856764485,0.004187355252215669,-0.00687678087000412,-0.059784831627667345,0.0027428518182116388,-0.009646253691805695,-0.019112521984791044
2023-03-08,-0.01648232823299729,-0.022515022367634883,-0.029454970086294958,-0.004089759136666762,-0.010598378044675288,0.026027363285473726,-0.00217028235251623,0.02102045240240972,0.009778470743525152
2023-03-09,0.010262347761342713,0.013195290418832424,-0.009802413690213011,0.000390211134952339,-0.005244268212320962,-0.03379512479003561,-0.055057340943600694,-0.01720271205302826,-0.022554465667106116
2023-03-10,-0.002840104152747871,-0.018904154639152723,-0.0019084009534851463,0.009368348080993436,-0.033666547609991965,-0.03127317076663707,-0.04300590148665502,-0.011419642645968954,-0.07479836418202271
2023-03-13,-0.043004883442850264,-0.005741642567675283,0.007295831601107431,0.006645122275921166,0.0040201108481287265,-0.025478070125449958,0.050033215950504514,-0.011526010817477535,-0.0475394079316003
2023-03-14,-0.0474253002955651,-0.045149964728714,-0.026907435219699776,0.00736394022356912,-0.04429676919818782,0.015718710490509293,0.006888588497688741,0.02684749889290732,0.012989924044120953
2023-03-15,0.03367321510658781,-0.004024150299725491,0.004211782473835697,-0.006740226967285571,0.0,-0.059943861572816094,0.010146589699242583,0.014344785045746634,-0.03733297983384258
2023-03-16,-0.021912014849457002,-0.03278982282299084,-0.004861367435910558,0.003399716247110483,0.020546466271806983,0.012181708939247528,0.0057789107136176285,0.02187471937437814,0.016506476118962922
2023-03-17,0.03922071315328133,0.010362787035546658,-0.008155347624127335,-0.0023929296624977943,0.05281230725336034,-0.0028123836003748374,-0.019017539105407127,-0.010933937967156008,-0.04233908805376948
2023-03-20,0.001773574216016102,0.0041152321451065794,-0.0065724519593801005,0.002823080156742661,0.003307043506992884,0.03842833814290238,0.03037293346840175,0.008526067932897263,0.012901944672224747
2023-03-21,-0.009495620309926478,0.002051282770557361,0.002305234552886422,0.0032438136264284845,-0.01093536166960244,0.021367516090165076,0.04474403696390014,0.014413957989779323,0.040730913420460445
2023-03-22,-0.0005964807811804679,0.006128721941373326,0.013396784306993625,-0.0018114153865371643,0.020021954970085246,-0.013444434547979165,-0.031219771090212498,-0.016294280662021134,-0.02591941930762793
2023-03-23,-0.01381818322100415,-0.01642747414194793,0.00064881942529935,0.0027634074122088836,0.004416677314098212,-0.02341521444476736,-0.0075826072069306435,-0.009773653786279982,-0.03858520552971741
2023-03-24,0.019173744965437875,0.01438873745209967,-0.011417454023118608,0.0037044143233679314,0.04257564007763988,0.01641331405758259,-0.0051206223096199885,0.014134382487955512,-2.967278752115065e-05
2023-03-27,-0.004162955759310578,0.0,0.009144408124456438,-0.0020404727942728716,-0.0003672584674714726,0.005718948387938537,-0.013196651208995287,-0.00024033785547018235,0.014118765438205144
2023-03-28,0.018890762469554026,0.010152371464017908,0.0074494296610442086,0.00028501495836873885,0.03181750293877993,0.008100172191066691,-0.007103516272993484,-0.007484910495854888,-0.0006007597648856159
2023-03-29,0.027683428748416866,0.03766550288647483,0.010592220176559431,-0.0005225514459116813,0.00921019351844862,0.031440637633863074,0.03106468379895962,0.02213567614199477,0.041087317805040574
2023-03-30,0.0028401041527479996,0.003883500026397612,0.027709675904970837,0.0005700840674638155,0.020590437235433575,0.01563555193215901,-0.012003197842047715,0.005833937434638382,0.0030923116227974563
2023-03-31,0.03893706544183476,0.034289073478632165,0.022113838022384216,-0.0003325475799208683,0.011816324578573153,0.021280613754886674,0.03992156227915703,0.020347909628456045,0.04006305033834025
2023-04-03,-0.003278691461698347,-0.015094626222485016,-0.005788183257308312,-0.000950408531400782,0.0,0.0166663059018198,0.001283976866377529,0.0069478437015797374,-0.01444408341872493
2023-04-04,-0.007692345623155614,0.03731776300719528,0.010334436166063539,0.0009504085314007608,0.0,-0.024052778522374318,-0.004559180258046215,-0.004244511025892138,-0.06527265715049729
2023-04-05,-0.0016560864949796046,0.04652001563489291,-0.003331879845670325,0.00014247960095422328,0.0,-0.0023580399652514505,-0.04917057463804967,-0.014187687478369527,-0.017683167117456464
2023-04-06,-0.02121799309484521,-0.02298951822469872,-0.013131936383334661,0.001660940955751256,0.0,0.006139976736270989,0.020574717528941345,0.0140191571070642,-0.035809949081821266
2023-04-07,0.001128031704498637,0.0334243955172782,0.011917563320249505,-0.0021834908038922355,0.0,-0.003986893648836054,0.0364042305127637,-0.0006958993375657068,0.013631006327739953
2023-04-10,0.1098599608190562,-0.04060575492594302,0.026380455691106176,0.005260795418097715,0.0,0.0,0.0,0.0,0.0
2023-04-11,0.03960913809504588,0.005390848634876373,0.017886281265457903,0.00023632396294926626,0.0,0.026847466525641746,0.028117610405393508,-0.00428972091041505,0.0022338932402243706
2023-04-12,-0.022086787402843398,-0.0017937224540268775,-0.017590395625679798,0.0007558313426060799,0.0,0.002249877097727349,-0.0305677994081237,-0.006478962521662884,-0.021701854240625516
2023-04-13,0.0024783160144670005,0.005371543801910849,0.006485802919170678,-0.001464895103439365,0.0,0.036073775225168796,0.01844751379838144,0.008799745029001273,0.003464058741771337
2023-04-14,-0.004962789342129014,-0.0035778213478839666,0.0026412089266047672,-0.0006150551879740657,0.0,-0.003981503685409308,0.017594608639524455,-0.01084086275325197,-0.008858974330351068
2023-04-17,0.014815085785140682,0.012466768765130067,0.00029317120710320297,-0.002084285503219487,0.0,-0.015013902036169958,0.0082419100345467,0.01014029293973501,0.020577814221475376
2023-04-18,-0.021303753422446895,0.0035335725813110445,0.001463787167133433,-0.0005692239037052344,0.0,0.02512364029222169,-0.002609557602560377,0.005148137658004993,-0.011470805538444819
2023-04-19,0.03590255284359962,0.0,-0.0029300214193728343,-0.0007594949294545657,0.0,-0.020040038054430352,-0.02269422095227836,0.005182123099265419,0.01564504120165569
2023-04-20,0.0,-0.026811257450656815,-0.01299466825403737,-0.000950047343671433,0.0,-0.014243235630904167,-0.0423813478335837,-0.009474128835337143,-0.019281344745398336
2023-04-21,-0.02445109586416431,-0.009099243855114146,-0.010158435222049282,0.002089035555008301,0.0,-0.03876460383668114,0.006880877272372875,0.004128666661902067,-0.004155326179534618
2023-04-24,0.1470534179564966,-0.03157179587581366,-0.0036102422458074413,0.002321306518151988,0.0,0.002282951666736449,-0.004261804875466004,0.0037213491425130986,0.04973236734897771
2023-04-25,-0.08468308723003867,-0.02483413203773838,-0.02193876385862479,0.0008041247675822089,0.0,-0.04833149233759631,-0.04771977958035463,-0.02144767425854485,-0.042326903512260414
2023-04-26,-0.04762804898925459,0.0,-0.007731496594291107,0.0018422371722854646,0.0,-0.009305424871632443,0.00322319780127564,0.009089063308262578,0.10866574986324215
2023-04-27,0.004866189651172906,-0.0019361090268664404,-0.0028351279669705507,-0.0013222298824341068,0.01016276282735872,0.006220745823531819,0.011419800701753639,0.028141868223744673,0.06526121358174317
2023-04-28,-0.032563311261843135,0.017291497110061043,-0.005377221945967952,-0.00222356313677771,-0.0035453102748191044,0.012167248691092704,-0.008498489082368738,0.007602874697764093,0.029737125129898283
2023-05-01,-0.006036235631850341,0.02446029757016067,0.009469774704018809,-0.0024658857274973975,0.01604024625082707,-0.006486968496179962,0.004789565338111244,-0.0005822091185881834,-0.005798975592193801
2023-05-02,0.0,0.0,0.0,0.0,0.0,-0.02674628653346955,-0.023717535162935573,-0.007863725579506424,0.007732237621280347
2023-05-03,0.028843371948328776,-0.00933713599593985,-0.013283002058090814,0.00246588572749741,0.0,-0.009688801263576127,-0.006244915537058667,-0.008472033169269868,-0.0016146000814469103
2023-05-04,-0.00491401480242904,0.001874414794350352,0.0034960292686670833,0.0026015323418953087,-0.025177451523234796,-0.04285631771331553,-0.035924067113484996,-0.014896365430978189,-0.05424036475649287
2023-05-05,0.02673306219706872,0.029522439266321834,0.010415156394871714,-0.002412071276146293,-0.024956673205990376,0.031974797537806014,0.0011558957105883415,0.017866014226432424,0.04285637805212047
2023-05-08,0.0,0.0,0.0,0.0,0.0,0.0040639941830392145,0.045170408996725815,0.0042303246981965845,0.008252598143989454
2023-05-09,0.00954661188357991,0.009049835519917856,-0.0025149780008961826,-0.0024179034344033843,0.0,0.005076196577477489,0.21248437848138432,-0.004133124327263812,0.014210615560681795
2023-05-10,-0.007151401157625128,-0.0018034269991506827,-0.01842501794206008,0.0008065669298466327,-0.010889519778812954,-0.010850306508656959,0.04069799168271141,0.011196646795098802,0.0026361757498302467
2023-05-11,0.0047732787526575905,0.008984786407815257,-0.00032065642426613573,0.001895309183364867,-0.013648440865434763,-0.04758503003836732,-0.005594003029166369,0.003894733807785738,0.003072992177681862
2023-05-12,-0.03636764417087483,-0.016231194928582552,-0.008697016326404667,-0.00018933143578240392,0.003692967369033249,0.019450968242597573,-0.03271408044735472,0.0025487619698425458,-0.008610196712851063
2023-05-15,0.026798193154724217,-0.005469475804535433,0.0029074831552577344,-0.0017533780463043164,-0.02021341293468532,0.033851653403057895,0.0038934481022738976,0.0076094201804352635,0.016254601703591103
2023-05-16,0.02843793532053341,0.007286006730933313,-0.0016142828774788674,0.0009481105904745474,0.0069611725815375445,-0.02278144994622202,-0.0033891640579979706,0.0028435899857538823,-0.010602739747827897
2023-05-17,-0.011751016535518853,0.007233304593520061,0.01602610373758907,-0.0014699662321887442,0.012198409096772644,0.015031852188713737,0.07813977509988212,0.010737991847377424,0.0315036488985645
2023-05-18,0.05518641556729094,0.0,-0.0022282911240979362,-0.0027563368787783976,-0.003315094495500772,-0.006469113625613167,0.1331708996294108,0.016075197492579373,0.018340135909890615
2023-05-19,-0.022625399517978685,0.010752791776261697,0.0,0.0,0.0,-0.004434266012315054,-0.00839321705497977,-0.008216674224741956,-0.031216540805359107
2023-05-22,-0.011507606851479802,0.001780944370994692,0.011406911998529046,0.002993515579601564,0.0,-0.009399783060102229,0.0047239900932287224,-0.0022778400937681006,0.05294626828318568
2023-05-23,-0.002317498140362479,-0.007142887512380114,0.010031355443909595,-0.0009018218620288431,0.0004743114491882434,-0.03112490683975864,0.061002171957341575,-0.017712149702488286,-0.017795161218641976
2023-05-24,-0.0023228814161396385,-0.009000960858976169,-0.007514003244638232,-0.004473830209898577,-0.0004749873249803217,-0.03973615846597617,-0.02939861495912533,-0.0013231392227014609,0.0005014573521440372
2023-05-25,-0.025914288765470354,0.009000960858976123,0.0,0.0,0.0,0.019522945378827813,0.05562867091887764,0.030784205406337,0.13778901376939137
2023-05-26,-0.019277705425903076,-0.0017937224540268775,-0.010425091900812136,-0.002435763378883406,0.0,0.03220442249105595,0.060042236091279365,0.02423759345339125,0.06320397348618166
2023-05-30,0.0024301348532918907,0.03700862874509335,0.001903619682315643,-0.0017228783021197242,0.03546804277015893,-0.01550922064570216,0.0749314944225462,0.004460161224256653,0.02020443647411348
2023-05-31,-0.007308193306724641,-0.024519617174318612,-0.00923428185128055,0.003156371719140144,-0.012921200294580805,0.00317811911266227,-3.0198479509032942e-05,-0.005883261093683806,-0.0426330558372789
2023-06-01,0.03129015799321004,-0.017889564750775057,0.0,0.0005728377738758048,0.008786120860456615,0.029957787943823134,-0.014042905594897317,0.009391977729134426,0.0027492156067815193
2023-06-02,0.018779894651596275,0.02142939145589921,0.028073094695383178,0.0022879990395383073,-0.005077307414409762,0.03506255274088755,-0.01366642243176296,-0.0045844751043539805,0.008118719315318892
2023-06-05,0.0,0.020979790469194466,0.011442832813525735,-0.0007144422829586689,-0.01070017849129645,-0.0017839042384195415,0.050654116661245946,0.0026001524819228403,0.01580190380100711
2023-06-06,0.06526500137293711,-0.005203827875026998,0.017678093538764938,0.002141797386498351,0.006064836774491374,0.01087130871948647,0.0064816283796381375,-0.007850882007093449,-0.011344760914817684
2023-06-07,0.0,0.0,0.0,0.0,0.0,-0.0001403333096933792,-0.046714761718616035,-0.012692957256019684,0.03198950160758745
2023-06-08,0.006514681021193672,-0.01577596259416755,-0.010325051433491494,-0.005339158212455402,0.0,0.007651733424036599,0.033961147501759256,0.012199722765068118,0.0014632000603073366
2023-06-09,0.017167803622365498,0.01751358249270821,0.007602220873770807,0.0011464747924849338,0.015232184027994713,-0.008542013735496212,-0.02111708096706139,-0.005737963162464922,0.019347175052373305
2023-06-12,-0.032435275753153844,-0.026386755173194887,-0.0009090758390477384,0.0016696566055601546,0.006392726958061193,-0.004058431963513548,0.038878972514708086,0.014727139076152505,-0.005991923389406737
2023-06-13,-0.013274531208696075,-0.005361943141385399,-0.0066931450347230866,0.0013337057551322832,0.024281822577951754,0.03814861238985992,0.008735287879234239,-0.005455645021020351,0.048161207913251465
2023-06-14,-0.004464293128685493,-0.009000960858976169,-0.010741197737813077,-0.00333764377100995,-0.006238889933181975,0.011468141765621382,-0.00018188113193485765,0.012659222188893508,0.009903617000116355
2023-06-15,0.0022346378014163628,-0.012739025777429714,-0.010546095112384715,-0.0007166610057285333,0.03729321439881732,0.0017108569998861916,0.043666566332836346,0.012836174669728355,0.003426599003553095
2023-06-16,-0.020293819339813796,0.0054794657646255705,0.00992876899675955,0.003054135023765442,0.005154671216991415,-0.010479169293383135,-0.02396500946706303,-0.012117144339732083,-0.008385996186767667
2023-06-19,0.0,0.0,0.008607581489057443,0.000238215506041199,0.0,-0.006460614735484217,-0.025889021450144305,0.004885998750890409,0.040776396998281075
2023-06-20,-0.02071420438756322,-0.0036496390875493927,-0.004602099740892171,-0.0007147404779479911,0.008957125092798284,0.0,0.0,0.0,0.0
2023-06-21,-0.016413029641330144,-0.02031464135117925,-0.01549437878085804,0.002475788978860763,-0.023196969078409437,0.018344006015205087,-0.066622308618643,-0.004273781146232681,-0.006982494037687037
2023-06-22,-0.0047393453638965586,-0.003738322110607104,0.004362592361731697,-0.0018562668535287042,0.00043453653366380386,0.001038618616080544,-0.03883860853070547,0.013511690308793602,0.01698982337326883
2023-06-23,0.011806512586989044,-0.018904154639152723,-0.015669380462796163,-0.0012871763217690289,0.0073577848980002645,-0.02731453922886052,0.00583999781652913,-0.002877046993331326,0.021322311278307853
2023-06-26,-0.014184634991956413,0.011385322225125429,-0.018811290871701504,0.0007152940101375575,0.011575759338161466,0.023713946711749003,-0.005906575739195583,-0.012430418351484349,-0.007540667648545734
2023-06-27,-0.007168489478612516,-0.0037807228399060443,-0.007430190932643248,0.0006194926212561968,-0.002560872953055098,0.024861760549853774,0.04318931663927186,0.01301975392593215,0.011060368953978272
2023-06-28,0.007168489478612497,0.0018921481520379623,-0.025949962921185826,0.0013330073507385398,0.00256087295305501,-0.023931115976488435,0.05079774182982364,0.007961555136799423,-0.013129280976540422
2023-06-29,0.09097177820572679,-0.0018921481520379265,-0.016778839186442664,0.0005231712094237863,0.01396843312034386,0.010903737163748265,0.002345458332708098,0.005525530534270035,0.0404536860972338
2023-06-30,0.01510276818575665,0.015037877364540502,0.015780037368589208,-0.0038112855120809937,-0.00717146635515114,0.016436781017018048,0.008569392848340551,0.015302425902836392,0.026230483501213264
2023-07-03,0.2354867597372009,0.0074349784875179905,-0.015103401176841197,0.0028122387596694978,-0.030318839949338795,0.011639973098914557,0.0051362644968857216,-0.004684116794201344,-0.003152512693762611
2023-07-04,-0.04676176590803933,0.016529301951210506,0.0,0.0,0.0,-0.046922187413385864,0.004143631994524415,-0.007715804417852548,-0.030573595505252685
2023-07-05,-0.0527875046020524,-0.016529301951210582,0.0,0.0,0.0,0.0,0.0,0.0,0.0
2023-07-06,-0.049818730345483835,-0.013047715392475519,0.0,0.0,0.0,-0.031328292540812396,-0.03535783157476401,-0.006087980416699009,-0.007471211055872688
2023-07-07,0.021380795024950255,0.001874414794350352,0.0,0.0,0.0,0.022174118139810274,0.016885119599207746,0.00025173293056880534,0.026495902164886197
2023-07-10,-0.013552966404703456,-0.00563381771825602,0.007412324450652581,-0.00195343024841249,0.0,0.009955425512218658,0.061896044144913245,0.001393799452983144,0.030379569828120696
2023-07-11,0.034486176071169404,0.005633817718256064,0.03916910921914508,0.011711008442429198,0.015055220534424074,0.008700647821503728,0.0017354768883651966,-0.00528672936051855,-0.012615463974824562
2023-07-12,0.0,0.0018709079358116025,0.0,0.0,0.0,0.02087916582878486,0.0018086469964797543,0.008427567208082389,0.013385928808120794
2023-07-13,-0.003773589383639491,0.0018674141747954624,0.0,0.0,0.0,0.02547483357558189,-0.002067960735961871,0.005614317342210158,0.01763013416107956
2023-07-14,0.01500966265056523,0.0221411258772135,0.0,0.0,0.0,-0.030121421700511943,-0.02658997934032435,-0.005878102083555123,-0.01212382159663371
2023-07-17,0.0055710450494554295,0.005459522204898974,-0.004853498091748995,-0.0021234037774518744,0.0,-0.014623361703141284,0.05977309095714636,0.009329782758046105,0.0005842182300141378
2023-07-18,0.00738010729762246,-0.02760064808211253,0.008076277932906311,0.003489464433913496,0.00809714838435539,-0.006102397756699843,0.0334704387980803,0.0037406220385290266,0.009452268313834462
2023-07-19,-0.03364803411823276,0.003724399090982494,0.0,0.0,0.0,0.01028425763899969,0.0022100651726408987,0.002799242006846711,0.00237328267133481
2023-07-20,0.03548458192553425,-0.00933713599593985,0.006733874630140454,-0.00047083422679349625,0.0,0.03231761303489524,-0.049553057974887536,-0.019821970306538653,-0.016913794132202533
2023-07-21,0.005489492284771515,-0.00564441761967707,0.009542193133957053,-0.003774675826551898,-0.029620189307217645,-0.019712462912329774,-0.030402043142873304,0.008412534458724094,-0.007581133117285723
2023-07-24,-0.0036563112031105433,-0.013295542481244614,0.02870705544455228,0.00221936325361512,0.007095013672585714,0.033560902547240104,-0.009190078880210988,-0.0008561853041350718,0.0014141967986441956
2023-07-25,-0.025975486403260677,-0.0038314223115559487,0.006133153051140264,0.001414034152346779,-0.014029828430343333,0.03298694878148957,0.009909988432494209,0.0029324132501909335,0.004028090093465495
2023-07-26,-0.07006756261671696,-0.03515987165362767,0.0,0.0,0.0,-0.007433707427183729,-0.008281278781423202,-0.0047963918236789685,-0.02633184552332018
2023-07-27,0.08313964418406965,0.03323864147573393,0.262198917580129,-0.0016499010284233427,0.0,-0.0002674770568579021,-0.014688207942015084,0.00017990292873011914,0.0017110658152574042
2023-07-28,0.014733231512984087,0.0,0.0,0.0,0.0,0.007400715633939545,0.0974171619222,0.017488334811597915,0.024154282680212108
2023-07-31,0.062021645309456516,0.009569451016150672,0.0,-0.0036394080310819484,0.0,0.02088214846807846,0.1057130619273306,-0.0009597724447286255,8.240881590723835e-05
2023-08-01,-0.03319081959174744,0.015123161574220828,0.0,0.0,0.0,-0.012550973410369901,0.015343803611477327,0.005021835511041786,0.027606733513956767
2023-08-02,0.005314450063492446,-0.013220211428134718,0.0,0.0,0.0,-0.016634679487300255,-0.04166633370242044,-0.011507436942370521,0.26728483812377773
2023-08-03,-0.07329286546547302,-0.007633624855071095,0.0,0.0,0.0,0.011890192074929343,-0.013122742496964221,-0.0012065517360668034,0.006783397302452212
2023-08-04,0.0037950709685515343,0.0057306747089850745,0.0,-0.0004736216931413966,0.0,-0.004225676254675509,-0.019239263337943055,0.003964234530113141,0.0428685816730027
2023-08-07,0.0018921481520379623,0.009478743954543739,0.0,0.0023186361935335835,-0.016221912699953326,-0.007903228592890834,-0.014320261204934648,0.005483884996513931,-0.0024347204452256164
2023-08-08,-0.06643066928960903,-0.005676458004805191,0.0,0.00018899141348745132,-0.007607747280635043,0.017102862112116854,-0.046563517746222284,-0.0008363819793924347,0.02158959887040368
2023-08-09,0.04541747969079283,0.005676458004805122,0.0,0.0008973918937004864,-0.0004018868471790581,-0.006542114966801036,-0.11141729001787613,-0.011605666883242405,-0.03985251140315745
2023-08-10,-0.027398974188114388,0.0,0.0,-0.0009919209794207622,-0.03352732976499965,-0.0011106163875117619,0.010505551688102247,0.002378966165918452,-0.02759404839706716
2023-08-11,0.07637297878457396,0.014981553615616894,0.0,-0.0025552136060017,0.004563442404923858,-0.016374288938225356,0.006538620338530048,-1.0658471668777786e-05,-0.004146999555527207
2023-08-14,-0.003683245416296405,0.0,0.0,-0.0015173295759039471,-0.019645399855689017,-0.0006521509443661269,0.024347852005526974,0.015847171184787786,0.03586222763614068
2023-08-15,-0.03759841355700755,-0.01876227645552289,0.0,0.00042700780933401883,0.01543950358985144,-0.02984377037928726,-0.018801497542630257,-0.0069721253567379595,0.008043185039911378
2023-08-16,0.0,0.0,0.0,0.0,0.0,-0.01992705074211951,0.006568769095132471,-0.00962580420818374,-0.027542656124551673
2023-08-17,0.01709443335930004,-0.02298951822469872,0.0,0.001942709482086637,0.0,0.01871992477636321,-0.0846904717407844,-0.0077185746760557354,-0.019275547257566434
2023-08-18,-0.03643739620243109,-0.013658748931040016,0.0,-0.0028917958753441014,0.030984967465950666,-0.022227588095746924,0.01516952861622207,-0.0037008374878251915,0.026929269912123563
2023-08-21,0.034552381506659735,-0.007889587275162932,0.0,0.0007593107708325989,-0.0008032029931581237,0.0004917829337125949,0.010248284258425661,0.019755971881064895,0.035196003243459346
2023-08-22,-0.02483413203773838,0.0,0.0,-4.741154253130532e-05,-0.022345112767913063,-0.0013974090168117686,0.00613587983208247,-0.007191096039072845,-0.008375463444962514
2023-08-23,0.0940785442127223,-0.001982161203991211,0.0,0.0005690939603728425,-0.002879992087519709,0.01250531530455111,0.04508469065888542,0.01896242474565502,0.023136304807713465
2023-08-24,0.010507977598415165,-0.001986097971629403,0.0,0.001989509628347475,0.014724251158242206,-0.035719180002658994,-0.09241582363304043,-0.035669379148053175,-0.032527454055567256
2023-08-25,-0.05368014946362381,0.0,0.0,0.0008041627805711905,-0.0317618479610783,0.00047403602451223106,0.029506295795257573,0.010542815374620493,0.07100588422308804
2023-08-28,0.009149194653588082,0.007920833491444058,0.0,-0.00042559920354981885,-0.0012581511889983188,0.015614978182603047,0.0068545824322977155,0.00689322129931326,0.01702143982320337
2023-08-29,0.02872728963691027,0.0,0.0,0.0031170891835859025,0.013339088374474412,0.030077000871941175,0.04960430811680059,0.01997180198764164,0.013300658229172025
2023-08-30,0.03819908868165548,0.0019704439872987385,0.0,0.0006600060804315282,0.018055495252480146,0.0011718943309727526,0.0598083119925133,0.007187024656064202,0.005552816338635508
2023-08-31,0.00509771707166858,0.0019665689720408473,0.0,0.0012715969613439125,0.00688962579943533,-0.0077395649005595635,-0.08703629655726469,0.0015061026879614487,0.012026546107364509
2023-09-01,-0.04862068700607409,-0.003937012959339532,0.0,0.0027260009037304096,0.04385451096390583,0.03572807998770033,0.010165260676511923,-0.003483730679645508,0.00901446768883283
2023-09-04,-0.016143848371356278,-0.0019743343037176295,0.0,-0.0025378010632842204,-0.0019346249030163297,-0.007844617589810829,0.01090018302918373,0.010083660103155152,-0.00980870565306143
2023-09-05,-0.00543972329581821,0.003944778291016325,0.0,-0.0010828782906178423,-0.0031032212019705403,0.0,0.0,0.0,0.0
2023-09-06,-0.029522439266321726,0.0019665689720408473,0.0,-0.0019332580601396276,-0.015661911023392858,-0.00907119076464696,0.006433360054254905,-0.00798862378199455,-0.017257417783309678
2023-09-07,-0.0018744147943503039,-0.003937012959339532,0.0,-0.0034040534222135625,0.0007888675695798473,-0.0130951582581542,-0.002778832294406224,-0.0044941512949777645,0.03285144601937676
2023-09-08,0.011194146743152708,0.0019704439872987385,0.0,0.0017033994382716648,-0.02475177154533807,-0.013540379977317187,-0.006922835744231829,-0.00021294549125282908,-0.011801506556884311
2023-09-11,-0.0018570107472127711,0.019493794681001132,0.0,-0.0015613449286156179,-0.018356598166152416,0.019724771705485748,0.0417665062346747,0.01093741327322547,-0.0009307842528759257
2023-09-12,-0.035954676995895725,-0.007751976804317936,0.0,0.0008992607649051014,0.006156355838741643,-0.004481718075882261,-0.01598158039239202,-0.014385360610187144,-0.04437544668401562
2023-09-13,-0.029327615094520063,0.0019436352085710307,0.0,-0.0007572264318665174,-0.019835360654220664,-0.006206018014184521,0.0024553292020948075,0.0057180162240383645,-0.013993143530594903
2023-09-14,-0.007968169649176845,0.015414563401186793,0.0,0.0038748330634800383,0.04088882836848473,0.020501407131577304,0.011758967415086327,0.005143355872025421,0.034492961217198734
2023-09-15,0.015873349156290163,-0.0019138761822841644,0.0,-0.00042459063339705467,0.0016011831743931529,-0.007642058961907071,-0.032087639034156096,-0.01773571701993566,-0.007041004363945322
2023-09-18,-0.038118958103609914,-0.009624713374209557,0.0,-0.0028349428121845375,-0.03790954836705402,-0.005902942736512578,0.007010330272809443,0.00010830178153514424,-0.011174711008609466
2023-09-19,-0.0020470836217247996,-0.0038759738446929605,0.0,0.0012767681200915532,-0.00708774666011438,-0.031560529824939905,-0.017133505637642914,0.0010870329401070798,0.009976670439966863
2023-09-20,-0.014448135747386041,-0.0038910554929665647,0.0,-0.0021289039620712965,-0.009247700211855801,-0.0016916676206321622,-0.025773024710747838,-0.012832639595270798,-0.023345266714384073
2023-09-21,-0.03382986451840487,-0.021675725479040394,0.0,-0.0011371852921525575,-0.03611740375976958,-0.031171539876646167,-0.044212776605997935,-0.011753581002760357,-0.01449273181188915
2023-09-22,-0.01298719552681119,-0.005994023940210525,0.0,0.0011845873610986663,0.011319264338192175,-0.004766479599948142,0.006627674150091553,-0.0020038224409641286,0.0009578506870187858
2023-09-25,-0.01758287055786682,-0.006030169026591188,0.0,0.0023177588455287252,0.0,0.000933535250158092,0.00593765566701001,0.0043309956450823745,0.008329019008340927
2023-09-26,-0.02015745742498017,0.0020140993717011856,0.0,-0.0011818433314247005,-0.0073864721505924645,-0.007649386364940667,-0.0090221220729917,-0.005962040549831885,-0.02515500155020432
2023-09-27,0.00900906994236591,0.010010093595100425,0.0,-0.00023653636921341185,0.01686526817035895,-0.00028025121118466413,0.06207068093520669,0.002803134743350322,0.018677396865203245
2023-09-28,-0.05531363798405231,-0.014042357123038881,0.0,-0.009459818841602949,0.0017272641645498786,0.026557219352620925,0.0655504017332497,0.01341938971992367,0.027852333145808986
2023-09-29,0.0,0.0,0.0,0.0,0.0,-0.0073956395775734134,0.00815593806844127,-0.005101446101243764,-0.0009325216636963695
2023-10-02,0.0,0.0,0.0,0.0,0.0,-0.014761898069048096,-0.004705543756492601,0.011199593912601249,0.03483185201625052
2023-10-03,0.0,0.0,0.0,0.0,0.0,-0.0016219950016894108,-0.057099662445536714,-0.011456977049934225,-0.03513394015867109
2023-10-04,0.0,0.0,0.0,0.0,0.0,-0.011592958018909793,0.05591215360388379,0.015445327865733516,0.03769298253389354
2023-10-05,-0.009523881511255479,0.004032263527938451,0.0,0.0043844688525055695,0.0,-0.02313478439600192,-0.0043035992725340595,-0.012624670364163924,-0.009638320849017598
2023-10-06,0.018957913744614207,0.008016074988236125,0.0,-0.0010943163210235332,0.004304563023367648,0.036057859754213425,0.04932525092061247,0.016500057409167254,0.04076393310363351
2023-10-09,-0.01895791374461416,-0.01407058389694233,0.0,0.0037538244914239473,0.03161128256441749,0.004353752914384958,0.058461996796254384,0.005319201226032782,0.009011297861619024
2023-10-10,0.0,0.0,0.0,0.0,0.0,0.012130898082034013,0.010449971615286099,0.0051420852654104334,0.010869678309820061
2023-10-11,0.0421608108242779,0.0,0.0,0.0011849803287672077,0.0,-0.011555909387039112,-0.0010754714566870544,-0.0005650853442125419,0.020150270609521553
2023-10-12,0.015927526696101278,-0.0020263431452323616,0.0,0.0032159697470769736,0.02358992991930017,-0.0262779640379163,0.0002938186886151344,-0.004430069343369187,0.0010936810558917563
2023-10-13,-0.02283204204264579,-0.006103782938017799,0.0,-0.002363667700899796,0.005811566148405121,-0.00882572911178136,-0.024351742494670925,-0.00398644852395108,-0.05850062582886183
2023-10-16,-0.018648559078072977,-0.008196767204178515,0.0,0.00033119998908218227,-0.015012852968074324,0.014194296051479083,0.0029741229031050344,0.014486770330523509,0.04185070949274654
2023-10-17,0.02095536517598809,0.0,0.0,4.735945467039335e-05,0.027762321260776636,0.01736901281825628,0.027222678703421977,-0.0034124567182519617,0.013144918488247838
2023-10-18,-0.02331107886844711,0.012270092591814401,0.0,-0.0035073261160404163,-0.009031229332107392,-0.02720836311517119,-0.039604315368481045,-0.016426707516774844,-0.06413555958405137
2023-10-19,-0.05826890812397576,-0.010214593409718295,0.0,0.0,-0.03226767736542183,-0.004780984213724303,-0.0022252466215176504,-0.003596713088159403,-0.028977814022799267
2023-10-20,-0.03562717764315116,-0.016563525671674576,0.0,0.001091484297343418,-0.009413816050990622,-0.04245245879104739,-0.06067582893290979,-0.01821184206406672,-0.021718637112802128
2023-10-23,-0.013037994338129943,-0.012605208918982279,0.0,-0.0010439607006331353,-0.015161676573273351,-0.010404855308768684,0.006147418891059507,0.003519625478445662,0.015435588445946209
2023-10-24,0.017174504889910215,0.02298951822469878,0.0,0.0023710291830870093,0.04230498700896788,0.018620107399353866,0.01862414179580479,0.0014163419143245906,0.037431181773231514
2023-10-25,0.010777625493829115,0.004123717183862156,0.0,0.0010414138815727225,-0.004192908947951191,-0.012246430453938908,-0.060431856313071984,-0.019922846673210898,-0.038179418136034336
2023-10-26,-0.052395430223096735,-0.012422519998557209,0.0,-0.0015152460809277307,-0.04073442492771294,0.0037199262578048132,-0.011861566873349166,-0.012544392993120447,-0.06249387370701052
2023-10-27,0.042133667521207764,-0.0020855064910213707,0.0,0.0038310332751609957,-0.010116738179559001,-0.004259695117455311,-0.017565450452738097,0.0027860240770868436,0.04070547241832958
2023-10-30,-0.007766024017000037,-0.004184106522573985,0.0,-0.0016063122811795154,-0.0026559246038802757,0.007847426837420936,-0.028620925059131216,0.007976574497621642,0.046727349904429304
2023-10-31,-0.050090385390185205,-0.008421102396408284,0.0,0.001275802893341344,-0.05372248183328608,-0.007630501613824158,0.007497241522095251,0.004620212091930365,0.02557038711582188
2023-11-01,0.013568729206068796,0.008421102396408345,0.0,0.00023607847896653278,0.016237824586414536,0.0022903598822471066,0.012440306421238423,0.022218876480923182,0.02851732953112932
2023-11-02,0.062177244951891364,0.01042762316225916,0.0,0.006681406577545155,0.07318708923604564,0.027446187809693455,0.1756077991491141,0.007013796302905821,-0.016627235599508045
2023-11-03,0.002024292189230439,0.008264509849893431,0.0,0.003183821848468735,0.0038421322040662893,-0.011672052969168753,0.03426608362749429,-0.003761509582488253,-0.00422277592932954
2023-11-06,0.0550778327761992,0.020367302824433733,0.0,0.00037388851409558247,0.04417387545714263,-0.012158415928409794,-0.037099645589510545,-0.014637555598607632,-0.03560696358108998
2023-11-07,-0.021766276481954512,-0.008097210232619362,0.0,0.0010275292627320795,0.008524443474642283,-0.029767248290797334,0.02189934227541771,0.01754086175171002,0.01798578598964172
2023-11-08,-0.009828088936262651,-0.006116227017436094,0.0,0.0036810619323652933,-0.015478812951239615,-0.01203952829165778,-0.015366441105038455,0.0020426234970658277,-0.0007342497660463154
2023-11-09,-0.04133653016319948,0.018237587549780793,0.0,0.001672918855889329,0.00899063011232421,-0.011138277351180786,-0.012038343274117838,-0.007656932965087424,-0.0025675456219579978
2023-11-10,-0.027127380718982616,-0.004024150299725491,0.0,-0.0009755167805551082,0.020137521460861063,0.013150160677917558,0.07383424083426546,0.021759044353871472,0.04548475311645267
2023-11-13,-0.027340218055426177,0.021935076866255714,0.0,-0.0006974020753341468,-0.0348920275581068,0.003996184281935662,0.013478091885724044,0.008744597880661143,0.02238348514146035
2023-11-14,0.03156186020925453,-0.005934735519814578,0.0,0.00023252140370422193,0.01759830710945116,0.0535810109957395,0.014443023705278942,0.02394183009299422,0.03311841655333092
2023-11-15,0.03670611091974839,0.007905179507113247,0.0,0.006904323365031177,0.016496042216309795,0.0017200317011369687,-0.021103965780185766,-0.020786013091684343,-0.023672309738730142
2023-11-16,-0.0015240033429751141,0.007843177461025879,0.0,0.0009693320976193755,0.016228255972488042,-0.015354870689220734,-0.011558286610783544,-0.001612643082084711,-0.017783501141972257
2023-11-17,-0.013821566331685258,-0.005876608488985042,0.0,0.0027182493277875816,0.0,0.012173723795950041,0.03508490921945357,-0.00043457308910898706,0.009762959489850061
2023-11-20,0.01534556967466032,-0.003937012959339532,0.0,-0.0007824731436542989,0.0027444895520214938,0.01423888598151659,0.036990527667707614,0.008359186290466189,0.025034722831427603
2023-11-21,0.004052690450623289,-0.0019743343037176295,0.0,0.0017481654411304144,0.002737207694408959,0.007846070861493547,-0.07655974188005604,-0.007460045979857696,-0.045712091738271565
2023-11-22,-0.011696039763191298,0.0,0.0,-0.0011037876663276738,0.01126004359660277,0.005302436433354298,0.0027089783143339043,0.01240100844317496,0.028942222151888887
2023-11-23,-0.014944880061395245,0.001974334303717608,0.0,0.0011037876663276575,-0.02581291909132927,0.003263677661281944,-0.020580733531840804,0.0031856210444177646,-0.014870339470904579
2023-11-24,0.011871107149489964,0.00981362144832467,0.0,-0.0017942557258117712,0.0051372339719840164,0.0,0.0,0.0,0.0
2023-11-27,-0.01031468660183168,0.009718249468921346,0.0,0.00027621494564817353,0.01564368918274121,-0.008150215361911661,-0.007610442496618446,-0.0023396612494156967,-0.004391393099212799
2023-11-28,-0.008329043465476181,0.0077071672449377385,0.0,0.0023909420289947706,0.013490302763236497,0.00889606658603411,0.02430997339946068,-0.005555443689458373,-0.015250738555512467
2023-11-29,-0.001569448399577367,-0.007707167244937778,0.0,0.0035299595580722304,0.0011479094766327662,-0.002094432160809762,0.005823971970318754,-0.0014980571007297914,0.00019623186226373386
2023-11-30,0.039019323564442446,0.0,0.0,-0.0020614413144077184,0.022311439000133233,0.0018667368049201678,0.008368467268981817,-0.004969711355491465,0.029720931260742763
2023-12-01,-0.019832839232918217,-0.0058196090532640415,0.0,0.0,-0.0029962932948096876,0.06211183023963483,0.022857218335496154,0.01494069525503717,0.04528076119593472
2023-12-04,-0.007733990599736339,0.05304273598448113,0.0,0.0015121243417405034,-0.015879377085327273,-0.04320825361429196,-0.0975729843372343,-0.010175419900504004,0.004080482031297402
2023-12-05,-0.023037668067017316,0.005519793223597902,0.0,4.575738817623981e-05,-0.03174868625876212,-0.022659482213482213,-6.71439827219742e-05,0.008021544636591882,0.0007419895417531473
2023-12-06,0.01836839888333377,-0.014787700154379389,0.0,0.0007323465222679143,0.023329148787928192,-0.007599965376353455,-0.06488095680642711,-0.004790574667641265,-0.020982142434916
2023-12-07,-0.0130857664189066,0.0,0.0,-0.0009613010919200742,-0.006168099565756719,0.012583681193280741,0.014518964546444574,0.02363206387963736,0.03122807420444428
2023-12-08,0.020339684237122783,-0.0018639334380627533,0.0,0.001281529543331491,0.01687158400806576,0.03398402497592534,0.017642589842427166,-0.009574752435752308,0.03010949852509889
2023-12-11,0.01689315832503823,-0.007490671729157626,0.0,0.00018288934377782475,0.00038011391796138964,-0.00029970996203815026,0.007066951716998152,0.015582336812885837,0.017407964863414088
2023-12-12,0.039806250400419574,0.0,0.0,0.0009141648374720993,0.009080689530298164,-0.01395389639961775,-0.01731068880970708,0.006138959631357027,0.035094888998605515
2023-12-13,0.002436054797881121,-0.0037664827954768934,0.0,0.0020082550286950407,0.00488445018406914,0.05078057476220707,0.025486753881632115,0.016920506578116556,-0.026043007832296523
2023-12-14,-0.0024360547978811158,-0.0037807228399060443,0.0,0.006136551754402193,0.018199233641462077,0.05045101251095416,0.0007650363147979159,-0.01898553141497401,-0.032791676427889334
2023-12-15,0.004866189651172906,-0.0133462419528946,0.0,0.00049833105841938,-0.020450540371766066,-0.011408357145924041,-0.0006958107026776029,0.0038220126862349157,0.010172469750335918
2023-12-18,-0.004866189651172899,-0.015474196582597365,0.0,0.0008601757491619346,0.008230470751954464,-0.002302150135981883,-0.018659844210065377,0.008695751676414773,0.0027841894508229734
2023-12-19,-0.007343974255758506,-0.005865119452398134,0.0,-0.0006337305133432802,-0.0007454981702697743,0.02779507257752665,0.014068524020367712,0.012746433992564513,0.037195930907851275
2023-12-20,0.01705278838271948,0.009756174945364656,0.0,0.0026681450872635955,0.0037216541428697443,-0.026812492850460026,-0.04647495556971932,-0.021543273000440302,-0.047544310392355384
2023-12-21,-0.014598799421152636,0.0,0.0,-0.0005872802873624592,0.0,0.025601444642329788,0.023819439778148533,0.01593349852026153,0.03206035499795114
2023-12-22,-0.00491401480242904,0.0038759738446929397,0.0,-0.0022620459009884187,-0.0022312861765960714,0.0017968715468077879,-0.0120347182886785,-0.0001406804266907652,0.002359485576489789
2023-12-26,-0.015889112827334236,-0.011673284304724734,0.0,0.00067915120170467,-0.005225924574978358,0.004177474325690565,0.009004501908147012,-0.0003917262579820817,-0.002089186338551457
2023-12-27,0.01588911282733427,-0.017769470511975295,0.0,0.0010857124052077245,0.021474452307759722,0.007929285986558086,-0.012621419638402638,0.0012188139146100565,-0.0018978631441887734
2023-12-28,0.004914014802429163,0.015810606026642245,0.0,0.0031147467143079048,-0.0022003376954176897,-0.007994598970854219,0.0013194717071840188,-0.004232319676525293,-0.0032060578978385357
2023-12-29,0.007326040092072881,-0.007874056430905883,0.0,-0.006012554989232286,-0.0199100932589851,-0.008561295689834448,-0.02050595019204847,-0.0024271377765615297,-0.017223825853191724
2024-01-02,0.0,0.0,0.0,0.0,0.0,-0.003969405118312329,-0.027596223552775495,-0.009623824900905534,-0.04367103019760431
2024-01-03,0.004854378464798143,-0.01593659226281264,0.0,-0.0014066072590102046,0.0,-0.013738713410416938,-0.026483692915366293,-0.007284795416459756,0.001980619796911312
2024-01-04,-0.004854378464798199,-0.016194685919980606,0.0,0.00013619805938449217,-0.005499523796343822,0.0083865333911768,0.013940074926629405,-0.0009087432581005975,0.009079624114272393
2024-01-05,-0.0024360547978811158,0.006103782938017886,0.0,-0.0027277835643849707,-0.0033143050302827334,0.0006082333558259745,-0.012771762507245975,0.0052701004939918646,0.015057085466933634
2024-01-08,0.009708814126960903,-0.012245050960100288,0.0,0.0009555417333601158,-0.0018460542160929766,0.018867445353082556,0.04224238526910015,0.02045371453137991,0.04699986530141578
2024-01-09,0.002412546405383926,0.00818000471193069,0.0,0.0008638071480551045,0.0014770869558880144,-0.011660653134734444,-0.01668093806928139,0.0021762458897642,0.013357309178868428
2024-01-10,-0.01212136053234485,-0.002038736689848317,0.0,4.5485003874958205e-05,-0.010385867842294505,-0.006224871596067679,0.027525997126704133,0.010216089081444377,-0.0045478140443430395
2024-01-11,-0.009804000096620856,0.02419472858705697,0.0,0.0009537623159284256,0.008169418432268245,-0.008525258869152844,-0.012177918756888262,-0.0033476007739199807,0.019292545945721766
2024-01-12,-0.012391732295163497,-0.0120241929668017,0.0,0.0007714656510454526,-0.012279255282714504,-0.0019140317575763932,0.005066442614776836,0.0006377188383507602,-0.009764565641761704
2024-01-15,-0.009521495135551646,-0.010131798930406952,0.0,0.0005895173786933434,-0.0162298188360622,-0.0374340361675703,-0.00013883763869562742,0.013501348684977163,0.02252544837071116
2024-01-16,0.002012073113420235,-0.014359221077888876,0.0,-0.001224815883156588,-0.020762037897907936,0.0,0.0,0.0,0.0
2024-01-17,0.0418265149462605,-0.010384309305716493,0.0,-0.0018627277312887203,-0.0038925987640667137,-0.007597053452103991,0.0010096342844446856,0.0038637785375636156,-0.004595069005453494
2024-01-18,-0.031826431611677204,0.004166672694845912,0.0,-0.0004093918330332282,0.019446099666041747,-0.00488486687436697,-0.003489998999604431,0.010528039711230454,0.028454111397185042
2024-01-19,0.0221411258772135,0.006217636610870582,0.0,0.0,0.0,0.014400165262999327,0.022757023906702013,0.019066427948634987,0.053038292476459296
2024-01-22,-0.027128667388252585,-0.008298802814695066,0.0,0.001636417199083183,0.0,-0.0340484603962428,0.04750197517419849,0.0010011420154916104,-0.004316682275060418
2024-01-23,-0.0075282664207915245,0.01242251999855711,0.0,0.0008172054958664958,-0.00967581704270937,0.01488164466689409,-0.018820593422080402,0.0010647731049972487,0.0007467066616147443
2024-01-24,-0.02138574374385072,-0.006191970247921107,0.0,-0.0020896781969842954,0.00431184729277837,0.042784584665695916,-0.031061239373655843,0.008242083596232339,-0.012984589652208152
2024-01-25,-0.019226365163292642,0.010298752200574473,0.0,0.0012724727011177682,-0.005032299536470076,-0.008375697275574518,-0.018766666472108524,-0.00016123903692946397,0.007932344868199671
2024-01-26,0.012513197684783785,-0.004106781952653359,0.0,0.0018151384113463548,-0.02001886987875045,0.003855724668057101,-0.006645340506062055,-0.00576940971133665,0.0028697062445947994
2024-01-29,0.009283202303549162,0.028399474521697957,0.0,-0.0022693655086179067,-0.014815121301011237,0.015602257093165546,0.043831385387899054,0.009716476521806544,0.026145466435531756
2024-01-30,-0.014478019180653225,0.0,0.0,0.0016798213692274396,0.001863947066408734,-0.011415411226536639,-0.025624101072695186,-0.011763485735953707,0.026623487478243932
2024-01-31,0.019087502374249013,-0.004008021397538822,0.0,0.0009521622723900749,-0.034479626127820864,-0.002547767789322248,-0.03512080538393214,-0.015364929920717767,-0.001358997742512142
2024-02-01,-0.0030706267729650478,0.0772584831371316,0.0,0.0004984488070421452,-0.026168357604074977,0.009930220238092388,0.012465942454886195,0.009880317530032854,0.05173663621978921
2024-02-02,0.01171987937031576,0.007407441277861818,0.0,0.0006792434536591549,0.026553821369036338,-0.009439473567515124,0.03393895002195088,0.009392551567142532,0.025799193165917278
2024-02-05,-0.013772214621227252,0.01283244006988436,0.0,-0.0013589485926021186,-0.026949582184379497,-0.02920793073370038,-0.010938166050777364,0.005202635643313611,0.008633339216794487
2024-02-06,0.006654746852363236,-0.018382870600533424,0.0,-0.001179294716578659,0.02192730626661304,0.034674646483812584,0.2653874320971271,-0.005052519228997386,-0.04389079626207897
2024-02-07,0.0,0.025642430613337652,0.0,0.0029908160960299686,-0.022719298087329358,-0.024036643669692444,0.0765377574068511,0.010467592276796583,0.027440159527617154
2024-02-08,0.022699587516106755,-0.0018099552452395303,0.0,-0.0012224314142154607,0.05398382130045724,-0.02741063105892221,0.03836169828949461,0.002493555171727001,0.01572223133882364
2024-02-09,0.017305747097592427,0.007220247973487097,0.0,-0.0027672417077654605,0.01425544273446638,-0.016357922230261158,-0.0015378206191811632,0.013443071381754046,0.03333753778770858
2024-02-12,0.0,0.0,0.0,0.0,0.0,0.007495529462456635,0.025812137564843227,-0.005197100150038165,-0.03654731827833502
2024-02-13,0.0,0.0,0.0,0.0,0.0,-0.030333481168056255,-0.04502817904088471,-0.018373235414123196,0.01691560831176919
2024-02-14,0.012180418556871013,-0.010850016024065818,0.0,-0.0024105683280001597,0.0,0.02001505815859619,0.05336924093663791,0.01638642369679026,0.04367160343137584
2024-02-15,0.035675602620763976,0.007246408520767253,0.0,0.0035455492540912093,-0.007815288110825075,0.026920563359365265,0.007781445368917347,0.002053042562353635,-0.034247955033799765
2024-02-16,-0.023641763057040424,0.02142939145589921,0.0,0.00022685621635003096,-0.021994803653255388,0.0158890818428773,-0.0380823065854165,-0.008314743266945125,0.0029060335181772413
2024-02-19,-0.00961545869944198,0.01751358249270821,0.0,0.0002722031263794112,-0.01321125465365859,-0.016215710952510808,-0.04177121252093641,-0.005874644872274781,-0.013487644909646435
2024-02-20,0.0,-0.019281929549450284,0.0,-0.0003175411892166354,-0.000369440104613165,0.0,0.0,0.0,0.0
2024-02-21,-0.002418380864281638,-0.003546103006750589,0.0,0.0015866260379386017,-0.009281665331074229,0.01698040175235336,-0.03033195626622301,-0.00588008040220518,-0.059297277322318584
2024-02-22,-0.012180418556871072,-0.02700434119167487,0.0,0.0019006487457401777,0.0195758194306639,-0.009586823443350666,0.03201213040356987,0.02445564452495907,0.06697980170494978
2024-02-23,-0.019802627296179754,-0.0036563112031105433,0.0,0.00045200001725086424,-0.013996517844093387,0.007471710757569836,-0.02663391308005016,-0.003054010710284611,-0.003184709180331673
2024-02-26,-0.014098924379501648,-0.014760415583120573,0.0,0.0014450431147564552,0.0018529679236508859,-0.02254362518656181,0.02697815237597152,0.001227361079157691,0.05759595577407534
2024-02-27,-0.013786279110034083,0.0,0.0,4.5094609799751824e-05,-0.008178528998928554,0.003412756977046955,0.04034655014706358,0.0023339509897805045,-0.000603535043809728
2024-02-28,0.013786279110034128,0.005560718684697179,0.0,0.00018050261138299152,0.04059790112148607,-0.015980173921667888,-0.0006247192020018425,-0.0015289033804719047,0.0013014390252475655
2024-02-29,-0.013272272416630362,-0.007421184337616816,0.0,-0.0009478215994599734,-0.006833281471361183,0.01076277402022144,0.02679547642525486,0.008463429395092132,0.022862439514884623
2024-03-01,0.006658155198590308,0.009267906930781456,0.0,0.0017595360134492247,0.002761512821233443,0.0021280608521547987,-0.007039615622482386,0.014281956112173418,0.04166023930714805
2024-03-04,0.0,0.0,0.0,0.0,0.0,0.007596398227484586,-0.03898583294879456,-0.00656505163575081,0.013113017681419183
2024-03-05,0.04296365053236129,-0.009267906930781509,0.0,0.0015764058786945103,0.0,-0.027902715061569442,-0.005700167855711483,-0.014029533418612275,-0.019657089970495954
2024-03-06,-0.022750733976502072,-0.016901810802603254,0.0,0.0016189748295481923,0.027873989967552117,0.02522041981055756,0.09223859510223924,0.004554038863174605,0.02585906170689212
2024-03-07,0.02275073397650198,0.0018921481520379623,0.0,-0.001303890761042375,-0.010446635433800077,0.03556424271706888,0.004112170067573627,0.007652496028288012,-0.005902291591240622
2024-03-08,-0.04347424538644639,0.0018885746878681546,0.0,0.0016632832944029074,0.017794672900986627,-0.002793737778526913,-0.019798156299916346,-0.01835346184235621,-0.04225862366687136
2024-03-11,-0.009235571033081837,-0.007575793808457656,0.0,0.001122314803770635,-0.003667269541949754,0.009087956733748064,-0.03196943065580623,-0.008772758582844379,-0.039876116896681746
2024-03-12,0.07686558029886423,0.009460808504228889,0.0,-0.001481707337130907,0.00798410638637893,-0.0028043974016451123,-0.02729438497535201,0.012742390542341449,0.07508905020818567
2024-03-13,0.16060779657017035,0.026023773421305293,0.0,0.0008982033193894126,-0.0023221798485678143,0.075783373673904,0.015005338328135725,-0.004707428113577251,0.017347344105399
2024-03-14,-0.05429308236666225,0.0018331810816609117,0.0,-0.0005388107860290615,-0.017420859152853567,0.000606216308882585,-0.020382441036246268,0.000306034729598092,0.01014969936212566
2024-03-15,-0.01731645001146093,0.0,0.0,-0.001438345761892376,-0.0016911352990484697,0.03776651920779893,-0.030814177505229027,-0.0036512113359823016,0.011664170672996414
2024-03-18,0.010857869972049086,-0.011049836186584935,0.0,-0.0010801907450564345,0.00976929998885421,0.00026594333520638477,0.024663494381230944,0.012646397511465355,0.04291902941500567
2024-03-19,0.0064585800394117284,0.0018501392881613734,0.0,0.0,-0.015200405849177824,0.00013281699061445774,-0.0048576282766678094,0.005952110974766035,0.0024726775595400002
2024-03-20,0.027514963285269367,-0.005560718684697065,0.0,-0.00022518066660201947,0.016875179777823105,0.037749765936037245,0.0323934212323876,0.012453130747388323,0.010624127973187169
2024-03-21,-0.018967902706810924,0.029306126585499487,0.0,0.0025640010770158726,0.02184792972493652,-0.00772253992973495,-0.015970370381865752,-0.008173737474088687,0.040695341923817796
2024-03-22,0.008474626990972236,0.0018034269991507267,0.0,0.0023334348734759943,-0.009871820728800723,-0.01291145860543459,-0.0006873590261178686,0.012978004943105064,0.01679009629101822
2024-03-25,-0.049739982192398106,-0.010869672236903879,0.0,-0.0007622644786159541,0.0013219906112778583,0.008862870101335919,0.016890239786154813,0.00011615552361679264,-0.0033540955686554496
2024-03-26,-0.006674107087693132,-0.0036496390875493927,0.0,4.489743039120308e-05,0.018973376512864973,-0.012731036841348398,0.01641964635062925,-0.0022493720959758895,0.009782500475530002
2024-03-27,0.0022296553272690683,-0.0073394824880457996,0.0,0.0016133886448340031,0.017983753406503197,0.028786941096980698,-0.01198294006607319,0.007068604368881154,-0.01688255752247821
2024-03-28,-0.01345311769711864,-0.001843318494289224,0.0,0.0004925128857185627,0.0393187031785819,0.022636344713208925,-0.0650598192826487,-0.003985434711365848,0.006206549175327736
2024-03-29,0.10896574714278692,-0.007407441277861805,0.0,-0.0011196006354541608,0.01699072772866884,0.008604729025613581,-0.004506651953362068,0.004329837293861414,-0.013638971304056734
2024-04-01,-0.03501902629958134,0.0037105793965355534,0.0,0.0012985774668901866,0.017298334960492438,0.0,0.0,0.0,0.0
2024-04-02,-0.019048194970694474,-0.00557104504945536,0.26022168530116835,-0.0011641735375291938,0.011173220696097438,0.023882894735873125,-0.004202466336835894,-0.00689061328753929,0.006532232203262761
2024-04-03,-0.025975486403260677,-0.0018639334380627533,0.004589573706428664,-0.00044820300951586096,-0.008220731837244746,0.022979805523367102,-0.003006634624907588,0.00013045575344913446,0.053028836058618065
2024-04-04,0.04711792297706993,-0.00937213982886321,0.19564771954161111,0.0011200235291683798,0.01259708139379552,-0.009914913405599881,-0.010948435026232974,-0.01666568643186905,-0.05735546085641102
2024-04-05,-0.002094241603114737,0.0,0.0019035538742888485,0.00017910461506831293,-0.006425119335440831,0.010109912913070113,0.025358024620001373,0.015996618797135778,0.06025925338434251
2024-04-08,-0.05383431105611006,-0.00946080850422896,-0.17707386037102446,-0.0009853290640817669,-0.03245785093039902,0.011114933573838375,0.0021989625651261673,0.0008444329973728067,-0.013584005399378107
2024-04-09,0.013187004281953681,0.007575793808457723,-0.08455261882187355,0.0003135571592671526,-0.006376227771365491,0.026849240373653466,-0.007113519009100918,0.004705357214722721,-0.027141957044917592
2024-04-10,0.004357305368955626,-0.007575793808457656,-0.03145935579275679,-0.004804537018757779,0.013662349910951754,-0.01168801207534712,-0.021498792766546045,-0.012919279412646645,0.031410959352728765
2024-04-11,0.0,0.0,0.0,0.0,0.0,0.007619065501534504,0.029720175298761524,0.027163906631648315,0.029511517227184345
2024-04-12,-0.008733679968754553,0.0037950709685515343,0.0,0.004311698664638694,0.0,-0.014683782184609391,0.00023285283767495915,-0.00857721827793381,-0.021082478210912668
2024-04-15,-0.05406722127027582,-0.005698021114637779,0.01707144645034382,-0.0006275937765261371,-0.0008853655952587841,0.017502316704192635,-0.02810999039758065,-0.010161255184844625,-0.03269409928896342
2024-04-16,0.0,0.0019029501460860636,0.07222224653363893,-0.0013912139018221019,-0.04005951414257098,-0.004860715854874727,0.006495761263165612,0.00746574795939755,0.028142777839258254
2024-04-17,-0.002317498140362479,-0.005719748672786953,-0.006763912046070822,0.0002694530927559316,-0.0030778949144173707,0.0024790732036477888,-0.032181123097917555,-0.01792306701980761,-0.011629904249919987
2024-04-18,0.03421086191631632,0.02081437489527197,0.009026356450040433,0.002600474855891336,0.018629317110425602,-0.0022298510049591994,-0.01751396657339113,-0.014582213141531923,-0.019713456401971453
2024-04-19,-0.05058549678810634,0.0018709079358116025,0.06297353608938253,0.0013872297061773495,-0.02916556888441569,-0.008625706970919779,-0.02933354680490762,-0.018651048164847556,-0.07455117674702628
2024-04-22,-0.019048194970694474,0.011152531950474887,0.059289331445203645,-0.0012528443326110506,-0.03390153903412764,-0.009680874061958026,0.02784453196881297,0.013741900245504363,0.017744579476871105
2024-04-23,0.009569451016150672,0.0055299680094611755,-0.007983406409384828,0.0009844637435474158,-0.00938972007564904,-0.021668322819358515,0.029589042900629903,0.01282551083117946,0.038081923220327156
2024-04-24,0.018868484304382736,0.0,-0.09430276804754092,-0.0007158905353008604,0.042356284746428864,-0.0016497081512850654,-0.00915900304164514,-0.0034781020470588783,0.05913632211564617
2024-04-25,-0.01649036189941535,0.007326040092072881,-0.08007347467285543,-0.002599497693434824,-0.018251000751951615,0.023761652384562206,0.005542690125190908,-0.004798103932959045,0.06611142798892064
2024-04-26,0.0023724803536303955,-0.00548949228477148,-0.009588131441867128,-0.0017967122188705014,0.006962029945618999,0.02584089690263683,0.04044879278852179,0.01915895390879211,0.03798125487660373
2024-04-29,0.03263692931302253,0.019982499587338356,0.0,0.0021108195986755886,0.012428795316833068,0.03875887543545822,0.01530654104834826,0.005630323051972733,0.015549852874225226
2024-04-30,-0.011534153245286519,0.0,-0.039719279784573305,0.003448470220380878,-0.01287101347245466,-0.04496261320836385,-0.035085128701004734,-0.01585227787691225,-0.01585733396092867
2024-05-01,-0.0023228814161396385,-0.005410292728247543,-0.05911016670136273,0.0,-0.002210594772878227,0.0030324187237896726,0.010437614557818322,-0.0034332609755368805,-0.0457377631496491
2024-05-02,0.0,0.0,0.0,0.0,0.0,-0.03127092394163216,0.01088305313003687,0.004234405613539227,0.0320363544870827
2024-05-03,0.0023228814161397287,-0.007259560012804223,0.0,0.0006257579699145306,0.0,0.02464262324749978,0.024985222695090365,0.01098924182219201,5.2558102571758576e-05
2024-05-06,0.013825104991842335,-0.0036496390875493927,-0.03590932888706154,0.0020978180122004897,0.008526348952858007,0.007538612286458436,0.07439243952027128,0.007935505737784404,0.04157269566552274
2024-05-07,0.0,0.0,0.0,0.0,0.0,0.008285002543323264,-0.1633789112069147,0.0004708894747566235,-0.02398781010411168
2024-05-08,0.013636574949545444,0.02348798130721376,0.0,0.000846829308871492,0.0,-0.02822097998089586,0.007448817067917252,-0.0006072471889659127,0.028767600357126312
2024-05-09,-0.013636574949545508,-0.02166149678117942,-0.055841490404363356,-0.00022284415233530386,-0.010362847656940682,0.029711060402631925,-0.012132035079148893,0.009747164096575285,0.010198960366622194
2024-05-10,-0.02549384882621976,0.018083675433295327,0.005258188579474939,0.0004900061462966286,-0.027960796622491613,0.008495629407294432,-0.027315121653984725,0.0008725431997642092,-0.027715627631616876
2024-05-13,0.0023446669592540547,0.0,-0.006453898234859919,-0.00022271327349022635,-0.006955491022863443,0.00878711699632362,0.016472487785362533,0.0025182037161136928,-0.006206969763874836
2024-05-14,0.052463569535740946,-0.007194275634027085,0.26173066241876786,-0.00017816352411912796,0.004431753705204736,0.027923540832834028,0.0242256289510454,0.0069702416492587235,0.0412479833890214
2024-05-15,0.006644542718668511,0.012556218775412464,-0.07157097924524508,0.004312590279097596,-0.01350730831544738,-0.003889667265270257,0.004352919392571562,0.009094357844586938,0.05143718569146255
2024-05-16,0.0,0.0,0.0,0.0,0.0,-0.04081237013100202,-0.012012839024979826,-0.013023191487626894,-0.08353680275019293
2024-05-17,0.006600684031352093,0.0,0.0,-0.0002662609737795054,0.0,0.048392026239668665,0.01223844988467462,0.00674021787555938,0.002224468058625776
2024-05-20,-0.026668247082161294,0.001780944370994692,0.021563060108910532,-0.0016431907709129434,0.007561455553791716,0.012413543506359719,-0.00559137716561742,0.007778056275196917,0.026460021885983627
2024-05-21,-0.004514680354526583,0.0017777782459993572,0.002151419741835982,0.0007997408295511166,0.0018814791923625759,-0.004347010060058524,-0.012187595808797864,0.007519891010932543,0.003630148341980899
2024-05-22,-0.04157642684574033,-0.01251133388910798,0.2612260859420475,0.0004439610543503753,0.009044182989579574,-0.059433004379810125,-0.004166866004973302,-0.0011325959990307643,0.009171310884983276
2024-05-23,0.06836374280939016,-0.00722024797348702,0.0049136284713631115,0.0006213424280591973,-0.004979809420286536,-0.0005710222839392143,-0.021471024198852745,-0.004367847661967534,0.011039467850954937
2024-05-24,-0.004415018209116831,-0.007272759329079809,-0.0763667545800116,-0.0012873935170002679,-0.02240189324768944,0.011286530652348931,0.018761126620155815,0.014350898912243806,0.05240946141724937
2024-05-27,0.026202372394024117,-0.0036563112031105433,-0.02320706992238631,0.000932418438101796,0.025206086788619003,0.03160463480748915,-0.006437893310865522,-0.004633001267372829,-0.0178983831858652
2024-05-28,-0.01739174271186922,-0.0018331810816609605,0.0018177101862828322,4.442319871136183e-05,0.03274957065642064,0.0,0.0,0.0,0.0
2024-05-29,0.010905233482262527,-0.007366515816762554,0.028390653624057422,-0.0023104186459350627,-0.003922070462838032,-0.01071528893074527,0.00021115247651251737,-0.001444940540946737,-0.013266835882749007
2024-05-30,-0.03757348056442378,-0.005560718684697065,-0.07825806145204836,-0.0005340146957427161,-0.016151477564384623,-0.008755286830174536,0.03703254225578685,-0.010863431510896948,-0.00905167810967459
2024-05-31,-0.041385216162854364,0.01659024226019679,-0.003825141276043489,0.00035604148102546943,-0.0033851594017799656,0.022801876902626597,0.012501268839889007,0.014912317221606049,-0.02722762349131973
2024-06-03,0.0,0.0018264845260342812,-0.030857208452503657,0.0010227357500085536,-0.020869782448026588,-0.020067200227501424,-0.02363983603671517,-0.003564952799554784,-0.027083447229239953
2024-06-04,-0.026160826038672164,-0.009165967014080057,-0.0019782400121057075,0.003017664880418532,-0.008852403595652833,-0.045971331973096656,0.035968379727095975,0.002606727260161867,-0.04269065119862142
2024-06-05,-0.009685305734463655,0.0,-0.07761755079228923,0.0013284395124869522,0.011367352197106367,0.013310939840306686,0.03571641696939761,0.01745118748355751,0.05030962422263117
2024-06-06,0.007272759329079878,0.007339482488045748,0.02668268961041804,0.0019451488215558468,0.007435022244128066,0.009732235192747667,0.030303695360486736,-0.0053653928659645,-0.10340669264408613
2024-06-07,0.0,0.0,0.0,0.0,0.0,-0.03871955630316448,-0.019702070356565647,-0.00021094417588452157,-0.002962181630561788
2024-06-10,0.016766859857067107,0.0018264845260342812,0.0,-0.006024578110161612,0.0,0.02151272307598993,-0.0009469356341862034,0.010733622938148842,0.04726205903482507
2024-06-11,-0.014354313451683167,-0.007326040092072898,-0.04979868810407332,-0.003382650888031616,-0.01429936445592315,-0.013287875793789343,0.0306537933688697,0.006877265608126036,-0.022149409010638877
2024-06-12,0.01197619104671562,0.007326040092072881,-0.015021631296958843,-0.0003567162475798238,0.0271789830063161,-0.0011710566205627158,-0.0016894647246288898,0.014515883539140866,0.011365723037094794
2024-06-13,-0.007168489478612516,-0.011009285508369368,0.023461787155884813,0.002805871041908805,0.018714636385239496,-0.026280738822294647,-0.022639054926855078,0.00419184628886363,0.05405820221874128
2024-06-14,-0.021819047394639725,0.003683245416296368,-0.05195703864913895,0.0008890195992911611,-0.022377665823606833,0.004566450709004903,0.01487862070192754,0.00720408852917415,-0.03894534905733966
2024-06-17,-0.009852296443011594,0.007326040092072881,-0.03848928640142033,-0.0008446459959083781,0.0015278932305402059,-0.016709802549618267,0.060816979858344604,0.013313895324805206,-0.0199338171040764
2024-06-18,0.019608471388376337,-0.0036563112031105433,0.009213095813355233,-0.003340928415240505,0.01244138232461506,0.0093325864346141,0.031749074972689785,0.0005758328388764439,0.06292760740010613
2024-06-19,-0.004866189651172899,0.007299302481611535,0.06422957720843664,-0.00017852916033221454,-0.0009051193034825812,0.03695031575649186,-0.007589356097385849,-0.00526195477562714,-0.04967858025515942
2024-06-20,0.004866189651172906,0.03922071315328133,-0.017297784750760232,0.0028522212574386397,-0.010925699013633251,0.0,0.0,0.0,0.0
2024-06-21,-0.007308193306724641,0.0069686693160934355,-0.008788836406214418,0.00013348288472416416,-0.011355046350065175,0.006777450692151674,-0.06692981302948843,-0.00019766247447121642,0.0041693625588795444
2024-06-24,-0.012300278081651676,0.008643096156020014,-0.06598439799623654,-8.901036620317464e-05,-0.015552443515357452,0.017130407892318716,0.014053631674246995,-0.01034391104410922,-0.01574667279626702
2024-06-25,-0.004962789342129014,0.018755878032094497,-0.02382765645095712,0.00022247543562485463,-0.011983753722054477,-0.01142206749840534,0.014972759856079598,0.009869519930835246,0.02708440462226619
2024-06-26,-0.002490661312451919,-0.023932766211628247,-0.009704018739784846,-0.0017811908974809552,0.013549872679772177,-0.007180135260255582,-0.017833664595321007,0.0032509440612335056,-0.051643713457754745
2024-06-27,-0.00550138921888589,-0.017452449951226166,0.0264484893219458,-0.0009363682382113216,-0.008170994102730492,-0.025604270195872934,0.043342120407573015,0.0003921554800588128,-0.003578693116250469
2024-06-28,-0.005027662676965501,0.019181058851843815,-0.004788243771925371,0.0020945459233913293,0.02400740845103942,-0.0008903040920382922,-0.0023161989585620732,-0.012132661310845928,-0.010242696284704507
2024-07-01,0.013019713208303403,0.0,-0.06595277329692312,-0.0026299665618969045,-0.013023456269534063,0.0007575231178759674,0.026155659934866387,0.010845155985556488,0.005713766120346608
2024-07-02,-0.019086465890540756,-0.0017286089006177425,-0.07166017418305079,-0.0008931722269488255,-0.014461137722596008,0.008741515526435527,0.0006297617167706536,0.01294660562221024,0.01790781894778081
2024-07-03,0.004553511535970248,0.0034542348680876036,0.049567328681832036,0.0011162513538110768,-0.0025364159418611145,0.03782804678447365,-0.0004528053677449022,0.007022461759489355,0.05854177924751815
2024-07-04,0.014532954354570546,0.0204785313435407,-0.01730854803628019,0.00040150279338718275,0.015435837380350023,0.013428310549488936,0.0484061354713823,0.006883782516889775,-0.021313564840064428
2024-07-05,0.0024844733276619658,-0.0033840979842405684,0.047546840068926594,0.0016936254415842824,0.0028093844753628886,0.0,0.0,0.0,0.0
2024-07-08,0.0,0.003384097984240494,0.014007262593024386,0.00026719756445123515,-0.00031177113979650973,-0.005528023214589324,0.019183664885852686,0.004565131954869708,0.008045330721479206
2024-07-09,0.014778594096118683,0.0,-0.014552271235818167,0.0025788800742088227,0.012395585067413627,-0.0059979192760770215,-0.010777277011534003,0.0012095939398350196,0.005123733794661998
2024-07-10,0.009732436918231054,0.0,0.16012950006500504,-0.0003109699806022332,-0.00524932636257801,0.015453174002973984,0.036936849985737936,0.010462559046450227,0.014363975206433337
2024-07-11,-0.014634407518437809,0.031590324287589566,0.02547778692933796,-0.002267910093606514,0.0012375706355560018,-0.01067968583801714,-0.0369568573464421,-0.03140293061986147,-0.02239267327807931
2024-07-12,-0.014851758136025814,-0.0016380020042383583,-0.03846430781272332,0.0040430933536422286,-0.020619287202735703,-0.001525057602526855,0.018387418481418775,0.00900739351931137,-0.03200665525411165
2024-07-15,-0.004498882869260241,0.0,-0.04000320054055385,0.0001329975944875009,-0.006968586311568642,-0.008131252888750188,0.027002262326875866,0.008451300658190409,-0.014198034932016386
2024-07-16,0.0020020026706729687,0.009788006366162944,-0.04639045543974946,0.0023027453357339265,0.0107493315470358,-0.0055062093941035395,0.0014595589232522068,0.0017532368145944499,0.022067322786964123
2024-07-17,-0.008032171697264267,-0.011428695823622744,-0.014353214603262368,-4.427582793070141e-05,-0.0542768915164625,-0.03502569022426558,-0.01898784937163423,-0.032779975998136854,-0.0958284724100175
2024-07-18,-0.01677294722170686,-0.018227513759265266,-0.031843837362235713,0.00022114705710603476,-0.013705729193128983,-0.05231910316493265,0.01711743801879381,-0.002711767071238568,0.011836669955980142
2024-07-19,-0.010822058724179944,-0.006711434587986804,0.012340708379713884,-0.0007963442136885817,-0.002358836982056314,0.0034876531459919094,0.0018262045094028713,-0.004934764510460551,0.03668960813291789
2024-07-22,-0.02359218201682007,-0.013559529785632362,-0.08295099538498718,-8.846671243690239e-05,-0.03851922981087389,0.001976238221668107,-0.00462517594018383,0.014453950343852145,0.028921647837353633
2024-07-23,0.01526747213078838,0.0034071583216143558,0.021673852214035037,0.0006195277727026547,-0.00986617212436678,-0.01832632890826821,0.010110869399828852,-0.0056954922724670376,0.03311663875504237
2024-07-24,-0.01526747213078842,0.006779686985378769,-0.022699427587562757,0.0,0.0021224045221584246,-0.028986781014746162,-0.08442583642554834,-0.04096345991640065,-0.15122976536344665
2024-07-25,-0.03454202015450313,-0.015319448533513344,-0.025987300141119024,0.0012819867839966611,-0.04999231041274985,0.008738524238716617,0.0019749735359795607,-0.010595268392920569,-0.026367191466012425
2024-07-26,0.006022465506467668,0.020374219195137298,-0.02783055256469071,0.0009273128071984601,0.000742670580550466,0.012337510558124232,0.022281181028888777,0.012389590523677463,0.010171643288712838
2024-07-29,0.01247642980745987,0.018318580523684628,0.011238719862317283,0.002028290400549172,0.007027996928082789,-0.014726872110870943,-0.004539488649262246,0.001033839717252116,0.01049243649838159
2024-07-30,-0.015209418663528795,-0.018318580523684746,-0.034656428109174256,-0.0008372427911125748,-0.02879243924647423,-0.009809792332054625,-0.02436378676695181,-0.011614120097955346,-0.06363392446863221
2024-07-31,0.013590858828117999,0.010033528989577784,-0.0011091086676948219,0.00013223541014564428,0.03100151209340624,0.023564354395892495,0.008134073618207498,0.017243545920220035,0.06337941014273729
2024-08-01,0.012875714360045367,0.006633523495633877,0.01828103965220109,0.0029490389949463317,-0.0014722209663843387,-0.04056442092696353,-0.03116282127886859,-0.024445569005312393,-0.062154902067924095
2024-08-02,-0.030305349495328922,-0.03532747520261435,-0.07845493770266254,0.0,-0.08851928962816527,-0.04547642041112159,-0.05943391246974749,-0.030867914687694523,-0.07000065450523162
2024-08-05,-0.15607560823684274,-0.07648170398174556,-0.168830182875758,0.005740901072251019,-0.1268278350672219,-0.020471767206648474,-0.02053737449247307,-0.023088304443588222,-0.019134758998698414
2024-08-06,0.04397693538503951,0.032730194308617615,0.19363776938154903,-0.005257590988396437,0.06670607339690127,0.011232811288124634,0.10582017845248648,0.015741827090267627,0.029564435720484002
2024-08-07,0.024887475699654348,0.019486887673496694,0.0324490350435416,-0.001582746113054457,0.014425451924310315,-0.03949872608102969,-0.011964594701438631,-0.012762914558308377,-0.03179933625018217
2024-08-08,0.024868066578013524,0.005249355886143745,0.013816191036344608,0.0003959390514131328,-0.017850049208024313,0.03916470776500707,0.10800007793606171,0.031318499881442585,0.05697811818952118
2024-08-09,-0.006453527824773486,0.0017436796048268374,0.07007168928053609,-0.0022014203705961414,0.0341444720038304,-0.009411188903429908,0.014971235568463453,-0.00440742732261477,-0.004041461090161513
2024-08-12,0.01228444813556669,0.0034782643763247925,0.01271149695110335,-0.0005732388703042734,0.02132106638931133,0.016854314750571368,-0.016709606917379462,0.007039704368603754,0.025006267343470067
2024-08-13,-0.010520260674179278,0.01207952565460104,-0.0010109946520166883,0.002070737494129539,-0.004880070980377927,0.006016541847661516,0.03190696469521327,0.02240501099788448,0.042356586626570415
2024-08-14,0.030664826766646693,-0.006884708777497144,0.05730942588432408,0.002110350803403415,0.028533190410758448,-0.008286333705910524,0.011109976342613884,-0.008396132041279853,0.04137471947633164
2024-08-15,-0.002853068982406399,-0.005194816877104023,0.0011448198159332513,-0.0023304368183049927,-0.02407912278978135,0.044856412882753126,0.012854177794807322,0.030776101299830744,0.040116391302402764
2024-08-16,0.0,0.0,0.0,0.0,0.0,-0.009745844195395524,0.020645985032246798,-0.0053507868001581235,-0.05013633152684446
2024-08-19,0.0011422045787769796,0.015504186535965254,0.0,0.0010999460155466378,0.0,0.0034999433562043062,-0.001967645143473501,-0.0019148446681523836,-0.021797322832557236
2024-08-20,0.03312118638707664,0.016949558313773205,0.010244824948424575,0.00021984409185015665,0.015736285606103337,-0.018228025170706735,-0.007376828206709437,-0.0039962746179098415,-0.03232913124927566
2024-08-21,-0.013900696446968997,0.0067001925698195654,-0.021173895480614807,0.001010646710908079,-0.005728520012041404,0.00970671513423979,0.008254538352732646,0.0063161891868849795,0.020629710030245687
2024-08-22,-0.012961579038574074,-0.01175496323144362,0.010356824450766003,0.0007463682571508292,-0.02089856536380711,-0.006443632751341677,-0.012147219648475016,-0.00900041032106583,-0.008546298858173961
2024-08-23,0.0,0.01342302033214077,0.0005722460814242363,-0.0023287665273741217,-0.004311221654809623,0.019191109294988573,-0.016130082659129272,-0.0010462260757114115,0.011056748094627311
2024-08-26,-0.01255724262968119,0.014888612493750559,-0.01035086872365605,0.0014945411911951184,-0.026668249161195545,0.012527930234854523,-0.028970023028758715,-0.008934937572517815,-0.00552739922629098
2024-08-27,-0.0063382522763644564,-0.014888612493750637,0.01719240054037277,-0.004446108081671447,-0.04697215579293514,0.0026671478247234106,0.0014581282145204732,0.004895672865899456,0.02895278999088015
2024-08-28,-0.015730006829136313,-0.021904835388049864,-0.02473522713472192,0.0,0.0,-0.027341705536674175,-0.01249834103108032,-0.00813734799448371,0.007045735495784221
2024-08-29,-0.01837088701804137,0.0,-0.030753458482931283,-0.0006178166249518481,0.0,-0.003259043775423719,0.018514173783485886,-0.003997807627624845,-0.00982656685090835
2024-08-30,0.0023894873973814854,0.013536585717533321,0.005988041844622693,0.0,0.018077676670929813,0.013198020508360346,0.01834869261660917,0.015144125839540725,0.04115931392232401
2024-09-02,0.02533272434082091,-0.0016820861829848262,-0.04268940869505044,-0.0011042700787018162,-0.02389893306207888,-0.06538612409459245,-0.028465092628194043,-0.02824498617616228,-0.09621799784522078
2024-09-03,-0.0023296457828089435,0.01337812594617605,0.003731347612858184,-0.000884365723899603,-0.02405692761480363,0.0,0.0,0.0,0.0
2024-09-04,-0.05083306579923228,-0.020134908409055925,-0.03216928293339179,0.002297556487092827,-0.06439609094684172,0.003889292060600501,0.00048171238516445006,-0.004929135753277758,-0.004000395927264477
2024-09-05,-0.0173271661725035,-0.0033955890011381604,-0.03589292306060638,0.001411267053679508,-0.019319852057079846,-0.006399316354868348,-0.015496410531028406,-0.00012702718741918045,-0.00014125763684176822
2024-09-06,-0.025285797228673204,-0.005115100666770377,-0.04762804898925482,0.0026407431076207696,-0.028741657351964437,-0.03399709800000554,0.0060251513034869945,-0.026728210734234602,-0.04561525869137166
2024-09-09,0.005745307855989955,-0.013769580723756883,0.0034782643763247925,-0.0025526623533216083,0.010461309980271657,0.014790143018891002,0.1365560497914667,0.017429250272084574,0.041903773515605106
2024-09-10,-0.004465717150364749,0.0034602110648956526,-0.016807118316381174,0.0009250849118567472,-0.012854242218079957,0.0011782886144312437,0.0055445152889811245,0.009925811065634576,0.01413551317509262
2024-09-11,0.040719687496788656,-0.015666116744399463,0.26192957634936626,0.0020670241060887704,0.008112621464846325,0.019683949682654734,0.00048449925756274473,0.0192346263206453,0.08562750673496519
2024-09-12,0.00672991221619907,0.010471299867295437,0.0793735875415122,0.00013178228024433183,0.04869964675507395,0.012839770401296382,0.002286977255817293,0.01073278206466097,0.052248538130717594
2024-09-13,0.0,0.017212128881121426,-0.04518222279323291,0.001580244985924009,-0.009552007380509923,0.011072008899931532,0.010237213977302635,-0.004648424363946838,-0.020647195923844678
2024-09-16,0.002436054797881121,0.0034071583216143558,-0.04837957085633462,-0.0019317264593092399,0.010562642245320497,-0.0011668403310148797,0.013484729458779755,-0.010846923058695708,0.007696465743331153
2024-09-17,0.0,0.0,0.0,0.0,0.0,0.008015494019999963,0.006283592389541571,0.0029998899509209014,0.006165599578682501
2024-09-18,0.0,0.0,0.0,0.0,0.0,0.018407856947745244,-0.0016654754721886068,-0.0042168715540357934,0.004486707999529799
2024-09-19,0.0,0.0,0.0,0.0,0.0,0.03111505468195116,0.016009807129668287,0.028706709365848748,0.052690914328009986
2024-09-20,-0.0018264845260342985,0.0033955890011381075,0.0,0.0018878234910435481,0.0,-0.010165641205170994,0.013436070503803885,0.0016790185708430085,0.030022664162409896
2024-09-23,-0.0024405137189559673,-0.010221554071538028,-0.022338166647194645,-0.0019318113516680038,0.028817836793831535,0.013950566120141108,0.020305598183247606,0.0029136767799348676,0.016398823151893716
2024-09-24,0.017560245355653196,-0.0017137964777346304,0.010959013789719163,0.0013614595861517792,0.027578889928147943,0.07322804031041624,-0.031150887783780515,0.0016243097344624624,0.010553483654604356
2024-09-25,0.00717706430036343,-0.015557790030926008,0.0027210901143605863,0.00030710426571646776,-0.0008639360554684977,-0.004623931017264682,0.009771539925380721,0.005028069528487125,0.0376467429437321
2024-09-26,0.032251402688454514,0.01212136053234482,0.022037978697999148,0.00026324749979954456,0.05096910044298664,0.05653607159343375,-0.015875794819448317,-0.00806276340281233,-0.01652875280865052
2024-09-27,-0.008111284332756825,0.006861090379945161,-0.04068909532409945,0.0005700266498012913,-0.007833442205621995,-0.015118779013488624,-0.01111013618933364,-0.009652792868914694,-0.026286075802401047
2024-09-30,-0.01642265648426891,-0.005141399500418652,-0.00945765046821165,0.00035061879662590047,-0.025997260696929925,-0.023849284166258075,0.013923675452093706,0.006841299846177839,0.015113789621222342
2024-10-01,-0.01669686970565261,-0.00344234419097279,0.0011580777206276467,0.004198074331390084,0.02157756435759715,0.015872807071045297,-0.01339279429431171,-0.007288041215914011,-0.01227439311549705
2024-10-02,0.0,0.0,0.0,0.0,0.0,0.006994615213039194,0.026157407092745565,-0.00018747264427901355,0.04493049812693503
2024-10-03,-0.009060768723510618,0.001722653311446156,0.0,-0.003059323881429649,0.0,-0.010302170800254671,0.05619790010450967,0.009768497229916757,0.014576146604098008
2024-10-04,0.0,0.0,0.0,0.0,0.0,0.02535571354232808,0.02923787230469672,0.021641877005150172,0.03395379114891029
2024-10-07,0.010262691945127161,0.005150225976315861,0.0,-0.003727520194290424,0.0,0.001029967943675781,-0.03209885884102207,-0.014484316649717286,0.010732351931914645
2024-10-08,-0.006024114603380902,0.0,-0.01281322131237642,-0.0013628855397470776,-0.01572230457446922,-0.042244753099623736,0.06578776120060087,0.016894929926619534,0.0028798613547742426
2024-10-09,-0.022610190192726223,0.008525200823359627,-0.010207233622857796,0.0017582506279695512,0.007073171273596832,0.00541171192985163,0.039396677319978646,0.007530316049675033,0.01176230591937391
2024-10-10,0.0,0.0,0.0,0.0,0.0,0.017124646112194712,0.01250962939974262,0.0025219807007879273,-0.002522139513773387
2024-10-11,-0.004956639639928289,-0.0016992357529598016,0.0,0.0008340451463339273,0.0,0.00979781722085713,-0.00027427500579981005,0.001237144111137098,0.0398130920679212
2024-10-14,-0.003110422414392391,0.0033955890011381075,0.03265353927512452,-0.0011416003563951933,0.01848476232678273,-0.023663668819130356,-0.002531281891153914,0.008435762602078622,0.005083646173174293
2024-10-15,0.0,0.003384097984240494,0.006984894521950969,0.002457165558200569,0.004467038794417224,-0.01914846432147474,-0.011955226977128626,-0.00277440292204244,-0.03429257545571055
2024-10-16,-0.015698909543103753,0.0016877641137198365,-0.024663610690744936,0.0007446633159726376,-0.02835612780893579,0.013455105783229393,-0.012887470092001183,-0.0010333721462061477,0.037482125602482215
2024-10-17,-0.0019005390579741144,-0.006768215346138739,0.0035608346230089605,0.0008317057575988267,0.02307475191659058,0.004936306682491562,0.0070212094079334115,0.0062437648104584865,0.02827746840362575
2024-10-18,-0.02895023666250175,-0.0016992357529598016,-0.05354076692802992,-0.0023216575633122944,-0.04669463314759024,0.003741527484547439,0.02178909021413211,0.005463513839533858,-0.018966579521918665
2024-10-21,0.0019563097207609013,-0.003407158321614309,-0.013845406822053095,0.0010081659056078017,0.004683877045247127,0.0019111034426044424,0.0006015956592329843,0.008721171258736565,0.005656966107679618
2024-10-22,-0.029083345256559076,-0.006849341845574783,-0.033508289561417264,-0.005315303649679804,-0.029312447832839244,0.012289889316778064,0.0056628278485295275,0.0011364717293322068,0.0032638247305318813
2024-10-23,-0.0013422820807294047,-0.005167970158442561,0.006531701863215059,0.0,0.0394562145219648,-0.010917877422794507,-0.006452909124331154,-0.013523261262969027,-0.03549611163280679
2024-10-24,-0.002016807406304535,-0.003460211064895731,0.009718249468921346,0.005621953416414617,-0.02296992851841687,-0.022433475814969992,0.022881673232401912,0.008289645101559065,0.015655984314686497
2024-10-25,-0.029363666503833586,0.0051858370323654155,-0.037442797483776366,0.0011818718560141356,-0.004744483794745855,8.424551082170287e-06,0.03455273116193645,0.01119770119603871,0.024407936302063178
2024-10-28,0.016495219369110845,0.0,0.09931820120186365,-0.0028914976768740683,0.011605530813992971,0.00014067811420874927,-0.00019614247237748747,-0.002350961761195487,0.010110801758513721
2024-10-29,-0.013727051511497826,-0.006920442844573795,-0.029522439266321726,-0.0004826950275068582,-0.004711966533854937,-0.005864899107687282,-0.0033250726994066876,0.006839537400444731,-0.0005006208792439783
2024-10-30,-0.004849334061437595,-0.0034782643763248086,-0.044026248756490284,0.00105287171237406,-0.016493441876257932,-0.015713349392774502,-0.030732290025320505,-0.010060795078797365,-0.01494320324721775
2024-10-31,0.01242251999855711,-0.0017436796048268398,-0.003921573653181691,0.0,0.0,-0.021491807893717983,-0.050590595798830205,-0.026289996264142083,-0.029113292512733778
2024-11-01,-0.015900784374881922,0.0017436796048268374,0.018170519394702073,0.0009204332069349874,0.0,0.012131334470689988,0.00817462787436112,0.006904708342477734,-0.02256122771180173
2024-11-04,0.020690393257446246,0.01212136053234482,0.018477747761036733,0.00017517449181502293,0.01735403220396029,0.013511980736635437,-0.013534150887191756,-0.004189023029254959,-0.007769280867628709
2024-11-05,0.012885902276158092,0.0034364294985810974,0.011923580235181686,-0.0033782676459082504,0.0008948599780351116,0.019135573654977533,0.21454356348967188,0.016412008042604814,0.06069603729198913
2024-11-06,-0.045493716635253006,-0.0034364294985810982,-0.0744439372165157,0.0,0.0,0.011628890432259988,0.0967380268734672,0.04092585910974479,0.08283516022682537
2024-11-07,-0.046184253619852546,0.001719690879526679,-0.013532006218576385,0.0039038174129235165,0.0,0.024831030830417697,-0.004720168434700377,0.004637612547262275,0.0033413638816729963
2024-11-08,0.0,0.0017167386190545491,-0.0006814310314789893,0.0034087985356629014,-0.012148614994468699,-0.03812448306338791,0.05258860777179826,0.009927144546408643,0.03753286003217625
2024-11-11,-0.06878187876541755,-0.019048194970694474,-0.015110177596449307,0.0006105681564267948,-0.0563332234631386,-0.031999300140175026,0.03119197951220148,-0.0005671671339991914,0.008315296426341094
2024-11-12,-0.033792434975262055,-0.03197430463251408,-0.0687457443387768,0.002960514475492835,-0.032119548587120024,-0.021116677467219538,0.0017687451854595578,0.006512999034519556,-0.015598994145501505
2024-11-13,-0.02401771763362456,-0.03489793985127731,-0.040852882074117615,-0.005186718847677143,-0.0265612810465424,-0.013943121012776963,0.011229433690033128,-0.004294759314554407,0.00292559024232971
2024-11-14,0.0075156929972367385,0.012999254543639597,-0.01634913800152964,0.0011791878889755903,-0.03409420904317687,0.0024252581715971133,-0.02640743641624517,-0.0081398968583156,-0.02955550739469386
2024-11-15,0.0238400110893006,0.0,0.0062598013485067345,0.0003927771273058135,0.020801501252757048,-0.017081749214963613,0.10175893021663436,-0.027946675229291153,-0.005144070784237238
2024-11-18,-0.0008126778179903221,-0.0036968618813260916,0.10293949061648532,0.0018743281697314097,-0.034558413220541574,0.01746139232625876,-0.07328620859461749,0.0048211783315740536,0.015381850818905734
2024-11-19,-0.009804000096620856,0.0036968618813262026,-0.003524853843435356,0.0021315625834711954,0.0021288053619884545,0.011962839143465954,0.026649629983362552,0.005787352233547515,0.1349467517793359
2024-11-20,-0.010730602345087006,0.011009285508369396,-0.011363758650315319,0.0,0.007942797170671268,-0.0047806774378856545,-0.008964700546540895,0.004301873569289939,-0.01963497808841683
2024-11-21,-0.004158010148663677,0.0018231545615151783,-0.017291497110060883,0.001476434554914125,-0.0021118423550895568,0.002436151428499204,-0.011245722082087958,0.004775074239064676,0.029378569310221734
2024-11-22,0.0,0.0036363676433839335,-0.013904358658419798,0.0005205786203248415,0.028141475579582707,0.0022854099943672643,0.050778472402434424,0.004641781267160726,-0.006316124836277147
2024-11-25,0.04321911911997664,0.0018132371241807218,0.029766262958886496,0.0015167677756902603,0.02034660283890373,0.011804972577156821,0.0014729024584905876,-0.0015943534602506808,-0.06286245844020714
2024-11-26,0.006364381068851313,-0.0036297680505787237,-0.011510918466140331,0.002378853812703905,-0.020346602838903754,-0.023590520759095433,0.013616878089378044,0.002254506253394161,-0.005301391544512421
2024-11-27,-0.024890887598456403,-0.003642991278501092,-0.013110165924207865,0.00038868728881857027,-0.0403724903454405,0.002437425725970983,0.0007229447541216648,-0.011787679648860036,-0.04109722896234531
2024-11-28,-0.000813338800428396,-0.011009285508369368,-0.0007334067068747942,0.006842701253935146,-0.004826964354323034,0.01420119898022112,0.01967025423930472,0.012813140190334827,0.009382022077512441
2024-11-29,-0.02387927378994312,0.003683245416296368,-0.038897947932832744,0.0022706033438241497,-0.022839520465569106,0.0,0.0,0.0,0.0
2024-12-02,-0.025317807984289897,-0.005529968009461086,-0.014598799421152523,0.003715862760775338,-0.02450014842491773,-0.006229418709615514,-0.003818202770853707,0.017424399807267153,0.002201688064930698
2024-12-03,0.0025608208616736505,0.03630162667621482,0.023710479772408578,-0.002518487910735104,0.04194878838245133,0.019659011893353128,0.08188445077711297,0.01837448456925179,0.024312426474331378
2024-12-04,-0.02941388520629334,-0.007155665595412248,0.02684725003618784,8.549149452104723e-05,-0.007596285425991659,-0.029224093462120893,-0.02680162335398349,0.0012043709243481915,0.009966158343757279
2024-12-05,-0.021296279552963055,-0.012646961700767421,-0.04207983702629854,4.270878556650818e-05,0.016743459976085843,-0.003194609933531548,0.03113970465708044,-1.934452543774132e-05,0.030508683676987194
2024-12-06,-0.006297816586989988,-0.020202707317519466,-0.04152574682849824,-0.0007267769836648327,-0.011853446062668069,-0.012375140939435963,0.06493236950952787,0.013493137399358186,-0.0008446130227282273
2024-12-09,-0.07105792126572105,-0.04749230545383208,-0.06102470183777461,0.0011540381986035711,-0.043762325581556245,0.04406320055566449,-0.046798503596028274,-0.0024182309919884375,-0.05372584213356111
2024-12-10,0.0791478530276926,0.03442022388647937,0.044895319907890946,0.0016219161171702405,0.016288016510122766,-0.02275676140313605,-0.020123735072215244,-0.0017590272658935542,-0.03428958333880947
2024-12-11,0.057407064909186005,0.01862251209800185,0.028057952795157742,-0.0004692081876965295,0.036108954195523076,0.004838004879463689,0.019729109078076037,0.014941757635025867,0.030586107125171274
2024-12-12,0.005899722127188322,0.014652276786870415,0.015686596167699473,-0.0008963977608919296,0.023892761204166998,-0.020948612231834682,0.010149669944354544,-0.005760260586402294,-0.00569867999358136
2024-12-13,0.028987536873252187,0.014440684154794428,0.04265688595235841,0.0014935957030262543,-0.0015751233972523793,-0.0079772758652926,0.04219424532352294,0.011457406961371253,0.009636309990716659
2024-12-16,0.007320081486505851,-0.005390848634876423,0.01259742483696281,-0.0030322375631574076,0.020286798513474858,-0.018532711374081166,-0.0020990292933534362,0.016210173541792643,0.0036259059524197897
2024-12-17,0.0024281679271546926,-0.005420067469339145,-0.017081737284291583,-0.0038139135138802317,0.0224041281147973,-0.004132969296260084,-0.019299940477372362,-0.005390264809715307,-0.044001529401185534
2024-12-18,-0.005674924026024768,0.007220247973487097,0.0022446698538239494,0.0002575508087518948,0.012509521335192396,-0.04679183568791421,-0.03811341254636347,-0.03528905807796782,-0.05460391159570367
2024-12-19,-0.02469261259037152,-0.010850016024065818,-0.027274417919659174,-0.0042153603403314935,-0.03439894671070763,-0.0067169479561515555,0.04256052781256091,0.0006905470267390408,0.016999298190012776
2024-12-20,-0.06542780532245532,-0.023920183717651956,-0.020955365175987995,-0.00522945835298154,-0.035091219013958216,0.015017864526857288,0.08091371766238607,0.007966387275877913,0.0380085807575348
2024-12-23,0.05453536415603156,0.0018604656529196708,-0.00471698987813891,0.003676413099626816,0.052438695083011355,0.01498555119231407,0.00673606164255008,0.014567726986364877,-0.014346757222608456
2024-12-24,0.0025241914959069226,0.005560718684697179,-0.011890746521521786,-0.002507131993749722,-0.0005060469346369764,0.003085340975663984,0.024577939806310935,0.017368427086467554,0.012307435064366778
2024-12-26,-0.021232220105774167,0.0055299680094611755,-0.03077165866675366,-0.0021663891864782117,-0.014271379044895291,0.006277505617900637,0.0041251614275223236,0.006263216799746022,0.008221029166138791
2024-12-27,-0.012089957277918272,-0.014815085785140587,-0.027513198547725534,-0.00013185570669824978,0.0035870094560849736,-0.0065910116162186385,-0.03609990275933298,-0.011477915504909857,-0.03036109163984802
2024-12-30,0.01722695487583472,-0.018832948333092125,0.01842598194636878,-0.0028168856327769267,0.002043957593554092,-0.016872624119031582,-0.02301474602764339,-0.012218480816019648,0.010385138233045096
