,SSINENG,YUANTA,SKITERNX,KOSEF_TIPS,SOL_AI,FCX,PLTR,QQQM,VRT
2022-01-03,21650.0,4000.0,99.3453796849536,95840.375,97.1788236204941,46332.356489410406,22076.457518062594,191348.67596878053,28925.023026180268
2022-01-04,21750.0,4030.0,99.3453796849536,95840.375,97.1788236204941,47174.78994537354,21690.800991077424,189213.0368180847,28435.95623764038
2022-01-05,21050.0,3995.0,99.3453796849536,95840.375,97.1788236204941,46750.75374145508,20290.603704681398,183905.49046569827,27211.426785011296
2022-01-06,20500.0,3910.0,98.63839062485044,95840.375,94.87404468352749,45789.14193115234,20172.034524192808,185011.0584954834,28079.936903114318
2022-01-07,20550.0,3920.0,101.64961546928721,95840.375,96.97731827917505,47147.83810180664,19884.916158714295,182387.62778137205,26964.726380310058
2022-01-10,20250.0,3885.0,100.62842494068083,95840.375,94.88664321240539,46790.75301956177,19785.645,182311.85642486575,28109.867553462984
2022-01-11,19800.0,3845.0,99.79050301609865,95840.375,95.18890630443593,48149.177693023674,20177.131070861815,184169.0582192993,28515.685216178892
2022-01-12,20250.0,3910.0,104.1372078723426,95840.375,97.19143230947593,50260.24025436401,19852.32398471832,183912.30967803954,28270.967877387997
2022-01-13,20150.0,3955.0,103.50876092798735,95840.375,97.35515222426518,49537.35729789734,19019.07977190018,179515.1312210083,28119.873254680635
2022-01-14,19900.0,3950.0,101.46635786710023,95840.375,97.84634244894471,49216.94340545654,19003.229871673586,180300.0136645508,27529.07366394043
2022-01-17,19600.0,3890.0,100.36659221723437,95840.375,97.98487546608207,49692.22358390808,17855.318118495943,176934.94198242188,26997.98184402466
2022-01-18,19800.0,3860.0,99.45011717506706,95840.375,97.27959153130953,49692.22358390808,17855.318118495943,176934.94198242188,26997.98184402466
2022-01-19,19450.0,3845.0,97.56479834567575,95840.375,95.89421055941635,49281.21369449615,17304.70609871864,174181.8567224121,26499.827682151794
2022-01-20,19550.0,3875.0,99.1882624479462,95840.375,96.989916808053,48426.357810058595,17426.455063591005,172405.11186035158,26090.080305633546
2022-01-21,19500.0,3835.0,97.38151873981438,95840.375,92.97229674940684,46033.27429092407,16153.060781202315,167842.42622375485,25370.996750850674
2022-01-24,18800.0,3620.0,95.23433418146497,95840.375,92.69520023482033,44944.58056091309,16022.111543884279,168805.80172851562,26100.061414489748
2022-01-25,17850.0,3470.0,91.46374603094972,95840.375,91.87657018056234,44684.51611343384,15654.500102977754,165230.36827911378,25317.6092351532
2022-01-26,17700.0,3520.0,91.6470311377297,95840.375,90.22668106285661,43288.0894682312,15267.615,165053.25925201416,24600.63497695923
2022-01-27,16800.0,3370.0,86.54097397724448,95840.375,87.65742446038927,41971.073809432986,14768.541678857804,164073.7136871338,23545.540276336673
2022-01-28,17400.0,3460.0,88.24299119710003,95840.375,91.47353917771638,40988.53791168213,15366.898446121215,170022.1170788574,24140.21102401733
2022-01-31,18050.0,3560.0,90.20685214223926,95840.375,91.62468088383558,42251.43734962463,16544.953846035005,175135.1444100952,25068.503952713014
2022-02-01,18050.0,3560.0,90.20685214223926,95840.375,91.62468088383558,44392.4005279541,17174.04776931763,176731.9482788086,25424.85843902588
2022-02-02,18050.0,3560.0,90.20685214223926,95840.375,91.62468088383558,44526.55052986145,16006.643633270265,177025.94467163086,25525.423367881776
2022-02-03,18050.0,3560.0,90.20685214223926,95840.375,91.62468088383558,43348.46320915222,15019.057269906996,170581.89545898436,25143.668231678006
2022-02-04,18250.0,3595.0,91.62081926060836,95840.375,92.4181240404417,43348.008004417425,15520.623696699144,171550.3352178955,25477.206083164216
2022-02-07,18150.0,3630.0,90.46871787119734,95840.375,90.40301982673164,43860.67032562256,15558.346651306154,170213.99473022463,25806.585135803223
2022-02-08,18150.0,3605.0,89.44748883616077,95840.375,89.38286411094673,45788.745800971985,15754.357042980193,172040.02387390137,26867.629969882964
2022-02-09,18400.0,3685.0,90.4948967428071,95840.375,90.66749749223236,49021.506354675286,16593.513063087463,175355.60536376951,27187.144543838498
2022-02-10,18600.0,3725.0,91.83032724634688,95840.375,91.49873623547221,49413.324792137144,16221.964101991653,171534.27184661865,26697.561293621064
2022-02-11,18200.0,3725.0,89.86645529937046,95840.375,89.97481208633774,48261.23798339844,15739.193737182617,166392.03389648438,25235.31631225586
2022-02-14,17750.0,3695.0,86.38386774207427,95840.375,86.62466005562253,47766.340351753235,15861.744873790742,166252.94773788453,24801.279512329103
2022-02-15,17600.0,3615.0,86.38386774207427,95840.375,86.62466005562253,49285.792936706544,17000.88269153595,170772.36030944824,25902.81329891205
2022-02-16,18100.0,3670.0,89.23803035868961,95840.375,90.0503727792934,49845.8877999115,16729.21501976967,170449.2566921997,26187.70831346512
2022-02-17,17950.0,3665.0,89.60461157408676,95840.375,90.15113053000489,48669.49751552582,14093.280848121643,165392.80075057986,24670.73590576172
2022-02-18,17850.0,3660.0,89.81409205523231,95840.375,90.47858051968731,48374.95292282105,13173.308547210694,163258.8511352539,24367.84394607544
2022-02-21,17650.0,3615.0,89.31656697351892,95840.375,89.77328642481083,47500.11330802917,12492.89305431366,161170.3705192566,23231.565956668852
2022-02-22,17200.0,3545.0,87.06468893240483,95840.375,88.22416521792054,47500.11330802917,12492.89305431366,161170.3705192566,23231.565956668852
2022-02-23,17300.0,3560.0,88.0858794610112,95840.375,89.30730341799108,47666.17650886536,12447.37096420288,157142.1799609375,14712.956443824769
2022-02-24,16300.0,3500.0,85.49358257335393,95840.375,86.54909936266688,49447.50756454468,14223.682108268737,163575.60873138427,14834.901268043517
2022-02-25,17000.0,3530.0,87.11705217654297,95840.375,88.48865304352522,52392.862483253484,13786.137420949937,166171.77429901125,15799.34747520447
2022-02-28,17150.0,3545.0,88.03350521503587,95840.375,88.95465637055285,53098.00476425171,14247.018458633422,166862.85542907714,15588.438666458129
2022-03-01,18050.0,3555.0,89.26420372938078,95840.375,89.82367038021857,54276.55288864135,14668.8615675354,164374.49264923093,15099.439626026153
2022-03-02,18050.0,3555.0,89.26420372938078,95840.375,89.82367038021857,54615.9463368988,14539.2953058815,167379.46674774168,14406.66007490158
2022-03-03,18050.0,3670.0,89.78790218178536,95840.375,91.76321390097299,55613.823609924315,13657.329183769225,164844.10148849487,13792.295046186446
2022-03-04,18350.0,3660.0,88.42628730571718,95840.375,90.31485044479417,57210.57082042694,13302.261646299363,163718.61902160646,12775.442038736344
2022-03-07,18150.0,3580.0,86.30530912357055,95840.375,87.63223756273743,54410.831270065304,13629.525378818511,159364.6484915161,12277.749242706299
2022-03-08,17900.0,3525.0,84.96988412094937,95840.375,86.03272224033547,54313.478143920904,13658.46715280533,159982.08363525392,12554.318313331605
2022-03-09,17900.0,3560.0,85.54595131841066,95840.375,88.22416521792057,54545.770801620485,14376.216029262543,165173.52643768312,13419.222077589035
2022-03-10,17900.0,3560.0,85.54595131841066,95840.375,88.22416521792057,55121.23682273865,14578.852559442521,162690.0729388428,13931.003222465515
2022-03-11,18100.0,3580.0,84.86514663083588,95840.375,87.41812353243654,54363.99064567566,14026.443722791671,159770.3984239197,14519.833382778168
2022-03-14,17800.0,3565.0,83.68683336430351,95840.375,85.32743830556294,51990.58914642334,13035.33,157977.41411315918,13759.85795042038
2022-03-15,17600.0,3495.0,81.82769890744055,95840.375,84.54659367783474,51759.89172363282,13383.341068840027,163080.95587387087,14713.52488322258
2022-03-16,17600.0,3565.0,83.39879976557285,95840.375,87.20400950213566,53623.431128692624,14478.59155315399,167012.37191101073,15066.390671157837
2022-03-17,18050.0,3635.0,85.12699035611956,95840.375,89.82367038021859,55503.516536140436,14960.545229415893,167189.72373260497,15986.52933154106
2022-03-18,18250.0,3605.0,86.04345989736825,95840.375,90.81862903824768,54824.63326034546,15540.403630065919,170348.70733337404,16175.774664306642
2022-03-21,17950.0,3590.0,86.56715834977282,95840.375,90.62972222580655,56637.78377182006,15310.950985565185,170478.17926635742,15792.105274734497
2022-03-22,18400.0,3615.0,87.48363339194012,95840.375,91.78841095872883,57083.67248737335,16150.784857139586,173919.10787506102,16265.26891739845
2022-03-23,18100.0,3630.0,88.13824270514931,95840.375,92.09067405075936,57065.31582275391,16052.185971679688,171560.3004199219,15900.378049316407
2022-03-24,17900.0,3645.0,89.02853887570683,95840.375,92.45591962707552,59066.643955993655,16341.825919008255,175658.37256393433,15532.340379428864
2022-03-25,17850.0,3685.0,88.26917556962836,95840.375,92.59444248410892,59535.6340996933,15807.4472254467,175345.4567814636,15595.916168241502
2022-03-28,17750.0,3700.0,88.58339354088737,95840.375,92.65741480829061,57948.87243347168,16445.67329349518,178943.82482482912,15925.595846424103
2022-03-29,18000.0,3690.0,89.21183498432401,95840.375,93.36269874306315,57446.88099563599,17312.781767454147,181163.89772857667,16560.71220173836
2022-03-30,17950.0,3690.0,89.02853887570683,95840.375,93.57681277336401,57724.72803039551,16773.424938297274,177661.1745336914,16498.930208415986
2022-03-31,18150.0,3700.0,90.57346086222935,95840.375,92.98487495807694,56687.07607383728,16634.58094539642,175662.71510238646,16891.003064489363
2022-04-01,18000.0,3715.0,90.20685214223921,95840.375,91.61208235495774,58256.74975257873,16807.46060728073,176051.21231582641,17645.073732709883
2022-04-04,18200.0,3765.0,91.22807017543857,95840.375,91.8513832829105,58160.86440429687,17771.353739013673,179550.92974609375,17527.928056640627
2022-04-05,18650.0,3770.0,91.09715381371532,95840.375,92.2040201702448,55992.47877960205,16842.319916296005,175276.64098052977,16723.82125840187
2022-04-06,18500.0,3720.0,90.15448889810106,95840.375,89.87405433562631,54817.64982318878,15763.15,171405.7172012329,16494.395904397963
2022-04-07,18950.0,3665.0,88.16444358043347,95840.375,89.83625874899258,55589.0148550415,15651.446585998536,172762.6747961426,16350.95220199585
2022-04-08,18800.0,3665.0,89.84026542592346,95840.375,90.06296114806744,56435.09300903321,15559.150766324998,171300.05971115115,16519.120393362045
2022-04-11,18650.0,3665.0,89.3951365938598,95840.375,88.94205784167498,55364.86539672852,15614.590611801148,168468.1224786377,15917.978924522402
2022-04-12,18700.0,3635.0,88.05970058940142,95840.375,88.99243163697875,55809.37797065735,15400.933847150802,167975.99794784546,15225.9619337368
2022-04-13,18900.0,3685.0,89.52605295558304,95840.375,90.4659921509134,57238.94371406556,15830.492531871796,170163.98435043337,16033.361740827562
2022-04-14,19150.0,3725.0,89.91882954534577,95840.375,90.07554951684142,56822.2398097229,15204.315693397522,165865.1822973633,15092.177958641054
2022-04-15,18750.0,3740.0,88.94996925536594,95840.375,89.2946947290093,59104.90265579224,14989.819029369355,167375.25228225708,14816.766964349747
2022-04-18,18600.0,3720.0,88.84524276708966,95840.375,89.76069805603693,59104.90265579224,14989.819029369355,167375.25228225708,14816.766964349747
2022-04-19,18700.0,3735.0,89.7093600660374,95840.375,92.783359456654,59087.35944591522,15963.602111320495,171389.66932983397,16094.083422584534
2022-04-20,18600.0,3740.0,89.78790218178533,95840.375,92.75818271910605,58165.066117858885,15799.231152877806,168751.73349609374,15868.691620559692
2022-04-21,18700.0,3750.0,90.96622094923632,95840.375,93.52643897806027,52516.05967048646,15266.142805538178,165706.62935943605,15338.136883563997
2022-04-22,18900.0,3710.0,89.97119278948391,95840.375,92.46851815595343,49024.863490676886,14826.333647289277,161495.48832824707,14357.155458698273
2022-04-25,19000.0,3640.0,88.4001029331888,95840.375,90.28965338703838,49122.00221534729,15135.925270891188,164954.4425325012,15010.604042806624
2022-04-26,19050.0,3620.0,88.2429911971,95840.375,91.04533143732256,47786.386407814025,14015.3142557621,160071.7210031128,14484.04656264305
2022-04-27,18950.0,3565.0,87.22178416573783,95840.375,89.6977155717513,49935.50770797729,13404.336532640456,161051.6575084686,16268.441114473342
2022-04-28,19050.0,3575.0,89.3042064094283,95840.375,88.99954370973242,50200.065967559814,13922.924757480621,167004.703414917,16156.717400074005
2022-04-29,18950.0,3580.0,89.89156699277213,95840.375,90.18010714642415,48054.25508682251,13061.047520923614,157605.6582190704,15670.46041670799
2022-05-02,19150.0,3550.0,89.62457990859893,95840.375,90.38320762406079,47971.03036300659,13588.677310409546,161392.19654418944,15888.17393108368
2022-05-03,19200.0,3570.0,89.62457990859893,95840.375,90.38320762406079,48032.969076385496,13375.501241817474,161943.421496582,16097.327397117613
2022-05-04,19650.0,3555.0,90.1585485760267,95840.375,89.65964566231135,49307.41555046081,13892.115020828247,167029.56198577883,16744.68914319992
2022-05-05,19650.0,3500.0,89.81146811706087,95840.375,87.71741987411843,46982.577465438844,12711.225856256484,157689.3766807556,15647.69025273323
2022-05-06,19650.0,3500.0,89.81146811706087,95840.375,87.71741987411843,45487.424111785884,12064.057817459106,157634.23566085813,15473.436651077269
2022-05-09,19400.0,3425.0,87.00819449839929,95840.375,87.03193798191286,42777.813847618105,9521.1234486866,152019.48691818237,14184.027765541075
2022-05-10,18700.0,3380.0,87.00819449839929,95840.375,87.03193798191286,43396.968930282594,9294.895751361846,153642.7699234009,12760.540471343995
2022-05-11,18600.0,3340.0,86.98149854044127,95840.375,88.97416377010579,43205.136826782225,8555.518448638915,149053.57874633788,12913.109333801269
2022-05-12,17400.0,3265.0,85.21944429500282,95840.375,86.48606607786165,41757.21710243225,9458.691196632386,150293.43694267274,13397.43081879616
2022-05-13,17700.0,3350.0,87.59555508174311,95840.375,88.92337341054073,42438.463202629086,10704.473595848083,155015.6284363556,14443.21228573799
2022-05-16,17800.0,3325.0,87.51546170695046,95840.375,88.50446216524625,42614.149031066896,10329.71155098915,153632.1322755432,13805.103935832976
2022-05-17,17900.0,3330.0,89.06392628505036,95840.375,89.53270532376247,45261.38269710541,10653.398362493514,156263.4523423767,14479.50195031166
2022-05-18,18000.0,3315.0,89.27751595238888,95840.375,90.07855690760583,42229.891598968505,10143.5438898468,147755.39736328123,13771.011637001036
2022-05-19,18150.0,3265.0,88.3163899539584,95840.375,89.07569368871624,44244.49018512726,10611.12263581276,148016.95960731508,13962.032309770584
2022-05-20,18700.0,3280.0,91.11965257078279,95840.375,89.62156559276747,43440.74507320404,10244.389503269194,146574.18564537048,13686.425801935195
2022-05-23,18700.0,3250.0,90.50560703131816,95840.375,90.0277767081447,45735.89489574432,10123.438789272308,148458.9070144653,13580.103059101104
2022-05-24,18900.0,3175.0,88.20959512028914,95840.375,86.71455665522883,44773.300942268375,9558.073741464616,145602.92130088806,12922.108048238755
2022-05-25,18550.0,3170.0,88.98383291025768,95840.375,87.38736889782895,45141.802140579224,10066.056848239898,147461.53611022947,12895.32328792572
2022-05-26,22200.0,3180.0,89.91825194889294,95840.375,85.76249395600826,46047.401430358885,10599.058364725111,151949.6266937256,13711.244789056776
2022-05-27,22250.0,3220.0,91.5468319054599,95840.375,86.15602526167609,46772.93791534424,11063.65097688675,154756.0164292145,14241.87583176613
2022-05-30,22050.0,3260.0,92.98850715080911,95840.375,87.26042855928007,45613.76137012482,10736.55277748108,152820.99717292786,13537.200506916048
2022-05-31,22850.0,3225.0,95.36462893938658,95840.375,87.5396993361084,45613.76137012482,10736.55277748108,152820.99717292786,13537.200506916048
2022-06-01,23250.0,3250.0,94.05642248199027,95436.5625,87.19695839000563,46626.10760894775,10545.559247550964,152707.68713226318,12835.29391067505
2022-06-02,23250.0,3250.0,94.05642248199027,95436.5625,87.19695839000563,49289.6114068222,11643.87923880577,157635.55562271117,13540.371984605788
2022-06-03,23350.0,3245.0,96.24564506026861,95797.1015625,87.00653772207836,48446.64302753448,11105.535678739549,152230.4946948242,13446.758045186996
2022-06-06,23950.0,3190.0,95.15105027388525,95609.625,84.93736651528458,50602.06192565918,11256.609026184082,154333.84489562988,13756.21332824707
2022-06-07,23950.0,3190.0,95.15105027388525,95609.625,84.93736651528458,51397.295633239744,11461.071743659973,155740.59887420654,14263.501909446715
2022-06-08,24450.0,3205.0,96.11215976955992,95619.2421875,85.089702033616,49915.220764160156,11507.130382537842,154380.20388031006,13668.61503124237
2022-06-09,23050.0,3185.0,97.046567806358,95864.40625,84.74696616756519,48058.45326919556,10909.979183578493,150726.4968589783,13130.029602670671
2022-06-10,22800.0,3130.0,96.61942147719249,96205.7109375,83.35059196321562,48111.949649734495,10473.762890224456,146627.38386680602,12740.89355881691
2022-06-13,21900.0,2935.0,93.5224813191555,96595.09375,79.37728519787673,45024.507114295964,9807.391428608895,141706.32285339356,12029.175342617036
2022-06-14,21800.0,2935.0,92.77492848530778,96498.9453125,79.07262432131783,44676.291138916014,10055.503620734215,142159.72122756956,11985.576003017424
2022-06-15,20950.0,2840.0,90.05174274052025,95859.59375,77.43505940968382,44918.91069908142,10475.205852365494,146150.04126548767,12448.481280851363
2022-06-16,20850.0,2785.0,90.90608490711864,95782.6796875,76.825737656566,42339.505998687746,9869.449298171998,139916.14390136718,11583.826883010865
2022-06-17,20400.0,2785.0,91.3866341540374,95441.375,75.65786418968759,41083.72853027343,10607.846105346678,141585.19288330077,11768.706524047851
2022-06-20,19450.0,2755.0,89.62457990859895,95061.609375,73.09362159851159,41527.96523094177,11264.207549333572,145795.3091430664,11835.42988395691
2022-06-21,20800.0,2850.0,89.4110012430976,94994.3046875,73.4744476942102,41527.96523094177,11264.207549333572,145795.3091430664,11835.42988395691
2022-06-22,19650.0,2700.0,86.10046591680346,96143.21875,73.44905759447963,38337.90132505417,11687.862396907807,146064.6365955353,11871.67059715271
2022-06-23,19700.0,2545.0,84.25832379749096,95821.140625,68.29518231239705,36297.61604633331,12306.13564962387,148619.225541687,12203.02468957901
2022-06-24,20600.0,2720.0,85.35294058754872,95984.578125,70.47859880787443,37977.81491409302,13233.854355039597,153742.7724886322,13230.427297229768
2022-06-27,21000.0,2775.0,86.07377545976402,95965.359375,72.3827394464715,37648.406693649296,12373.243852806092,150869.752734375,12808.38952522278
2022-06-28,21750.0,2785.0,87.96931499591118,96176.875,72.19232385859621,37472.714669952395,12011.576341381073,146770.0822494507,12321.254928016664
2022-06-29,21950.0,2760.0,86.02037804292941,96431.65625,71.49414183647339,37110.83405569077,11984.139105644226,147843.31425712586,11559.223018693925
2022-06-30,20950.0,2715.0,83.40398713181114,96849.875,69.133004802986,35864.35467233658,11781.47610359192,145905.93230400086,10632.862629556656
2022-07-01,20850.0,2685.0,81.45505567974797,97008.5078125,67.10192382584003,35742.041106147764,12024.85919380188,146794.85136260986,10708.801242370606
2022-07-04,19750.0,2680.0,80.2269535989815,96955.6328125,66.45451692312638,33431.96249914169,13087.87790336609,149550.08241989138,11130.749842929841
2022-07-05,20150.0,2715.0,82.25598392675595,97402.6953125,68.66332351833432,33431.96249914169,13087.87790336609,149550.08241989138,11130.749842929841
2022-07-06,18900.0,2660.0,78.30470710303915,97345.0,67.4700497916214,33770.57025318145,12809.58024930954,151358.58395919797,11246.272314548492
2022-07-07,19000.0,2635.0,79.87987864093425,97325.78125,69.27264019140016,35830.76455862045,13229.012196578979,153736.10190032958,11866.83776058197
2022-07-08,19150.0,2675.0,80.57402305611014,97282.515625,69.5265259485499,34334.75463151932,13216.016799144745,153900.82097946166,11685.664371728897
2022-07-11,19100.0,2670.0,78.78526735179507,96989.28125,69.45036072941018,33236.582678031926,12513.084549236299,151707.40380477905,11313.898244476319
2022-07-12,18200.0,2600.0,77.34358660552725,97109.453125,66.14985604656746,32557.87241317749,12450.02559972763,150623.58680236817,11339.916147842408
2022-07-13,18050.0,2625.0,77.71735202061393,97200.796875,67.27963928379808,32599.951508903505,12125.711651086807,149777.59740028382,10917.1012737751
2022-07-14,17950.0,2630.0,78.38480597875039,97171.9453125,67.41928483231618,31233.6053755188,11674.663499603272,150874.9578845215,11012.044406661988
2022-07-15,17550.0,2600.0,76.9698211904406,97234.4375,68.80295382669651,32372.443699836735,11943.195949602128,154595.77758407593,11761.849283456802
2022-07-18,18200.0,2740.0,78.11782989641442,97393.078125,70.75787466475472,34262.684366226196,11889.800648403168,152829.71014938355,11525.550097274781
2022-07-19,18550.0,2740.0,79.15903826780036,97537.296875,70.1866329811808,35526.190352783204,12268.277000427246,157071.30524414062,12439.508260116578
2022-07-20,18800.0,2800.0,80.28035101581615,97248.875,71.16408578013196,35602.063910293575,13275.440549182891,159607.37913436888,13298.56621456146
2022-07-21,19300.0,2810.0,81.69533580412596,97210.4140625,72.14155381923901,35874.30207138061,13716.513900718688,161218.59246002196,13503.086421775817
2022-07-22,18900.0,2825.0,80.76090576365348,97801.6875,71.26564109900225,34585.31551654816,12918.149000320434,159074.1265635681,13870.961879329681
2022-07-25,18750.0,2820.0,81.10797522078215,97950.7109375,70.96098530249532,35257.708026371,12712.454000778198,158245.0873347473,13679.546822319031
2022-07-26,18700.0,2830.0,81.96230638554334,97931.484375,71.37989146773782,34678.10156135559,12298.301500911712,154537.14829902648,13354.48835497856
2022-07-27,18700.0,2850.0,81.98901884625715,97849.765625,71.43067166719895,36500.389465065,13157.66340110779,161648.04293792727,13730.50033853531
2022-07-28,20000.0,2850.0,84.41850504615768,97753.6171875,71.45605160682558,36792.569738273625,13165.859848737717,161538.4018789673,14211.114152669907
2022-07-29,20650.0,2885.0,85.83350083630467,98407.390625,71.96382820117704,38895.76912696838,13445.478495559692,164401.27380920408,14773.658999595642
2022-08-01,21900.0,2880.0,86.34074604118143,98171.84375,71.62108725507426,37105.32744716645,13654.764948253633,164970.3920126343,14870.619120941163
2022-08-02,21700.0,2840.0,85.24614575387946,98407.390625,70.6182341962886,36320.603958873755,14249.398899555208,164500.34379348755,15294.540655241013
2022-08-03,22350.0,2880.0,85.80679387650946,97936.296875,70.71978951515888,35685.983193969725,14679.727750005723,169627.81743850707,15649.671799240114
2022-08-04,22000.0,2905.0,84.60539325461961,97681.515625,71.18947079981056,35759.67748565674,14831.463600158691,170548.07186279297,17183.411395072937
2022-08-05,22500.0,2945.0,86.52763975056197,98195.8828125,71.54491695588256,37293.04387813568,14864.618752384185,167596.20845214845,16586.73597896576
2022-08-08,23350.0,2945.0,87.80913924816308,98104.546875,70.66900931569775,37953.520586242674,12825.999801406859,168041.72582427977,16869.64001089096
2022-08-09,23050.0,2950.0,88.47657120262517,98330.46875,69.59000119787632,37201.088603019714,12066.625,165926.64344787598,15796.60379934311
2022-08-10,23200.0,2915.0,87.86252566316054,98171.84375,67.1653889150625,39052.338740806576,12568.078799972534,171269.6364642334,16913.804423408506
2022-08-11,25150.0,2970.0,89.94496440960681,98195.8828125,68.82833884637512,39153.10836730957,12271.622499389649,169421.980078125,16644.230326538087
2022-08-12,24150.0,2985.0,90.66580478274072,97825.7265625,69.93274214397908,39073.58858552933,12904.10810131073,172620.97949691775,17531.419765033723
2022-08-15,23800.0,2990.0,91.03958670058319,98695.8203125,71.49414183647339,37797.2524971962,12940.973300743102,174463.79964752196,17347.42998600006
2022-08-16,23800.0,2990.0,91.03958670058319,98695.8203125,71.49414183647339,38980.314619216915,12745.179300498961,174516.9584335327,17448.320217075347
2022-08-17,23400.0,2940.0,91.3599491979166,98739.0859375,70.9228950728475,37611.17140548706,12354.809199829102,172663.53864624025,17104.60400115967
2022-08-18,23200.0,2915.0,91.09297311558062,98551.6015625,71.29103627878477,39119.4911391449,12077.45049648285,174351.37328338623,17166.566315231325
2022-08-19,23000.0,2900.0,89.62457990859899,98546.796875,70.64362429601914,38303.11675739288,11280.005303382874,171660.8660736084,16275.295331001282
2022-08-22,23450.0,2850.0,89.01053436913435,98541.9921875,68.80295382669651,37954.84845542908,10808.95759124756,168968.39812469482,16072.497267723085
2022-08-23,23550.0,2805.0,88.47657120262518,98359.328125,67.8254959476934,40408.05287361145,10728.594306564331,168798.6125793457,16072.497267723085
2022-08-24,24850.0,2820.0,89.75806519930768,98263.1796875,67.86357601723726,39889.4085691452,10870.605511951446,169525.16511611937,16318.129828834533
2022-08-25,24900.0,2870.0,89.99835082460423,98248.7578125,69.399585610001,42114.18174846649,11244.573301887513,171752.71669250488,16636.968611850738
2022-08-26,25800.0,2855.0,90.29203936765404,98354.515625,69.9962173933055,40665.07925189972,10569.489876170159,164230.99645362856,15682.103903455734
2022-08-29,25350.0,2800.0,88.26299803804241,97676.703125,67.21616911452361,40350.327840805054,10541.937922763824,164818.4457321167,15968.787829971314
2022-08-30,24900.0,2835.0,88.63677445496627,97609.3984375,68.61253823882122,38024.582928199765,10488.222248640059,162587.9933237457,15753.909041576384
2022-08-31,24400.0,2860.0,89.30420640942835,97306.5546875,69.94543719384437,37603.56728759766,10334.454919137956,160834.60849136353,15370.41799106598
2022-09-01,23750.0,2820.0,86.39415996077189,97138.3046875,68.11746177438702,36103.27112247467,10144.006290016174,162652.47079635618,15496.504757690429
2022-09-02,23200.0,2820.0,86.23396220934939,97311.359375,67.22886416438891,36584.27071151733,10080.280129909515,161391.63144683838,15206.611585807801
2022-09-05,23050.0,2790.0,86.34074604118145,97931.484375,66.30218140479495,36798.57404165268,10038.756289315224,162166.03285560608,15352.400564432144
2022-09-06,24650.0,2815.0,87.62225103970115,97753.6171875,66.64492743094969,36798.57404165268,10038.756289315224,162166.03285560608,15352.400564432144
2022-09-07,24250.0,2780.0,86.5810426683152,97758.4296875,65.45166894439268,37267.280231781006,10225.690615253448,165965.0692895508,16135.824511642457
2022-09-08,24600.0,2800.0,87.8358352061211,98013.2109375,65.17239308751238,40115.46860870361,10395.240589642524,166401.16818969726,16813.264067001342
2022-09-09,23800.0,2850.0,89.6512813674756,98186.265625,67.36850463285504,42031.03547584534,10724.804547481537,169477.22758758545,18330.292045574188
2022-09-12,23800.0,2850.0,89.6512813674756,98186.265625,67.36850463285504,42050.574286880495,11032.814115257264,171651.1065209961,18421.11108877182
2022-09-13,23800.0,2850.0,89.6512813674756,98186.265625,67.36850463285504,40479.91383911133,10275.724826202393,161863.74993164063,17401.39408630371
2022-09-14,23250.0,2820.0,88.02271791366444,98056.46875,65.85788513982187,39644.29898929596,10614.093159198761,165236.11927871703,18092.0423664093
2022-09-15,23950.0,2835.0,88.77027074751216,97724.78125,65.68016460181187,39394.23813764572,11165.379619045258,162758.81118011475,18073.32094881058
2022-09-16,22250.0,2815.0,85.78009241763284,97667.09375,64.91850733036264,38535.930054626464,10771.254690475464,160548.44012817382,16999.48764984131
2022-09-19,22300.0,2800.0,85.00587113042009,97594.984375,64.43612083574175,40307.999316215515,10949.37318599224,162964.59469985962,17354.416549158097
2022-09-20,22150.0,2805.0,85.21944429500286,97436.34375,64.23301527805313,39200.0839661026,10590.733040943145,161274.21283416747,16885.61614719391
2022-09-21,21500.0,2795.0,84.36511863116026,96960.4375,63.54752322574363,37224.93448425293,10734.624879875184,159072.26850646973,16333.69483078003
2022-09-22,22000.0,2735.0,84.04474513198961,96681.625,62.46851510792219,37996.540134582516,10408.577138376235,158964.4389493561,15512.628669404983
2022-09-23,20950.0,2655.0,81.05458330486611,96128.796875,60.907115415427896,35685.62684562683,10429.708134412766,156162.643493042,13965.277995967866
2022-09-26,19850.0,2470.0,76.91642377360598,95080.8359375,58.36826292398244,36024.54893102646,10786.499400544168,157764.81328811645,13965.426771068573
2022-09-27,20400.0,2500.0,76.46255398188947,95292.3515625,58.31748272452132,36270.4973560524,10852.835862779619,156932.59515975954,13711.34361050606
2022-09-28,19300.0,2445.0,73.79277115485519,95484.640625,56.92111360022373,38085.66130924225,11437.570082426071,162153.7875175476,14832.686902999878
2022-09-29,19000.0,2465.0,73.87287553148505,95994.203125,55.93096575140728,38473.342911720276,11628.331890201569,157403.71533737183,13887.238351488115
2022-09-30,18900.0,2455.0,73.12531719671873,96465.3046875,56.28640174737535,37132.11379083634,11639.477263841629,153801.93829467773,13857.828749580383
2022-10-03,19650.0,2550.0,76.16888194159547,97359.4296875,59.66307672940974,39951.004024963375,11822.998871593474,157758.3609108734,16074.55521326065
2022-10-04,19650.0,2550.0,76.16888194159547,97359.4296875,59.66307672940974,41646.55322742462,12061.845054388046,161719.27683448792,16980.894395828247
2022-10-05,19300.0,2545.0,76.67614915014664,96998.8984375,59.72655197873614,40846.639278182985,11878.43090763092,159837.5459062195,16844.271333465575
2022-10-06,20150.0,2605.0,77.42369098215715,96599.8984375,61.74493790601683,39684.87606142044,11877.735474462508,157733.76213966368,16562.312283906936
2022-10-07,19850.0,2590.0,78.01103506274517,95638.4609375,61.60530251760265,38807.56757408142,11512.200461158753,152740.52198150635,15402.844416618347
2022-10-10,19400.0,2530.0,76.80963444085533,95124.09375,59.891572386828905,39223.12733261108,11385.072992725372,151180.94298187256,15810.772835979462
2022-10-11,19400.0,2530.0,76.80963444085533,95124.09375,59.891572386828905,39747.8130947876,11540.29434524536,151687.96916381834,15837.49861831665
2022-10-12,19050.0,2525.0,78.0377310207032,95638.4609375,60.957895614889004,38968.56474136352,11490.14626548767,150397.8176487732,15469.021830005646
2022-10-13,17900.0,2490.0,75.74172461059277,95181.7890625,59.9931277056992,40063.17165527344,11557.631890869141,154518.0345703125,15497.886145019533
2022-10-14,18550.0,2525.0,77.66396560561654,95446.1875,61.70685275642097,37654.44875244141,10753.292099618911,149688.66042160033,14533.940047016144
2022-10-17,19000.0,2525.0,77.71735202061397,95128.90625,61.52913221841095,39445.36579048157,11391.75628209591,155238.08811294555,15516.223970251083
2022-10-18,19300.0,2590.0,80.09346830827285,95268.3125,61.88457329443098,38652.88401638031,11605.070182991029,155243.03217453003,16258.687891607286
2022-10-19,19350.0,2560.0,79.8798786409343,94874.125,60.50089921999867,38581.478361263275,11280.213482398985,155081.3806426239,16189.435140485763
2022-10-20,19350.0,2435.0,78.27801114508117,94667.421875,59.38380595258139,39769.85500591278,11510.30514538765,154804.75843826294,17635.448883275985
2022-10-21,18650.0,2400.0,77.39699502419913,93662.7265625,59.33303083317223,44009.31807527542,11940.169845056533,159486.71791389465,18947.19112943649
2022-10-24,19400.0,2375.0,77.39699502419913,94436.671875,61.0721409035726,42628.14600040436,11901.688458786011,161100.7498210144,19748.68626853943
2022-10-25,19000.0,2290.0,76.30237273322277,95114.4921875,62.227324400637706,43277.51688560486,12405.10338142395,163586.08611068726,20156.29370700836
2022-10-26,18650.0,2315.0,76.56935431647736,95821.140625,62.07498888230629,45343.95949951172,12218.077164916993,159217.93057617187,20728.17027282715
2022-10-27,18900.0,2390.0,80.47267413185332,95753.84375,61.579917497924065,44319.2965221405,12203.400541305542,155574.21160125732,20899.533617019653
2022-10-28,18850.0,2400.0,80.6066214997243,96258.59375,58.672923800541334,43670.33087974549,12283.22928809166,160686.98723258972,21179.536318187715
2022-10-31,18900.0,2405.0,81.00844710058138,95893.2421875,59.472666221586415,43067.23332901001,12522.233945655822,159166.88911590574,20301.05675945282
2022-11-01,19400.0,2420.0,85.24103540050159,96446.0703125,59.72655197873614,44448.01537818909,12250.129459762573,156595.59756469727,20928.810067939758
2022-11-02,19150.0,2445.0,85.13387750620481,96532.59375,59.345715722933576,41957.03178451538,11658.508578729628,151521.36025520324,19886.569387464522
2022-11-03,19250.0,2430.0,85.5357086079805,96181.6796875,58.888734568199155,42872.19508388519,11505.839091358184,149164.63644813537,19739.318808193206
2022-11-04,19300.0,2455.0,84.91957271944847,96215.328125,58.55868359190969,47803.31670497894,11292.240455555915,151432.50174758912,20108.013820343018
2022-11-07,19200.0,2480.0,86.79476435770013,95753.84375,60.424739080910925,46077.02780742645,9842.390973258018,150770.58574447632,20384.610242843628
2022-11-08,19850.0,2520.0,86.76798038504454,95830.7578125,61.98612861330128,46837.96259418487,9983.038152818679,150004.50134490966,20213.776106939313
2022-11-09,20050.0,2550.0,88.08060958099396,96229.75,62.531985277196625,44307.64790668487,9526.653026032447,144476.5553730011,19898.12015991211
2022-11-10,20150.0,2535.0,86.63402751625499,96710.4609375,61.79571302542599,48293.33077728272,10524.252616081238,156450.568638916,20960.773355178833
2022-11-11,20500.0,2605.0,89.50040217215877,97614.2109375,65.29933850611322,49988.5152633667,11584.942989807128,159438.53386901855,21070.51505317688
2022-11-14,20600.0,2630.0,89.3664548042878,97657.46875,64.05529982009507,47979.046956481936,10751.778506355287,152286.34203048708,19735.17700378418
2022-11-15,20650.0,2680.0,88.83069283739695,98061.28125,66.02290554791462,47887.11416366578,10991.11940109253,153295.33868499758,19292.08704349518
2022-11-16,21100.0,2685.0,88.48243518185105,97893.0234375,66.51798709240079,47300.45524810791,10691.268156604767,152154.8958770752,18334.52306957245
2022-11-17,20750.0,2665.0,87.16980048498301,98171.84375,65.21047315705624,46443.66775623322,10202.951246767045,153288.96768577577,18654.108863897323
2022-11-18,20300.0,2665.0,86.68760096248475,98258.3671875,65.05814271877678,46440.31072677612,9899.717721142768,153519.30395591733,18462.923505039213
2022-11-21,19900.0,2615.0,85.7500078938182,98354.515625,63.496748106334444,46697.910208396905,9741.515377526282,153533.91967071532,18929.593876714705
2022-11-22,19850.0,2635.0,85.18745095243457,98075.6953125,62.36695470899991,48998.572810592654,9795.084915361405,155870.89992416382,18657.38457057953
2022-11-23,19900.0,2660.0,86.55367559828818,97926.6796875,63.445972986925284,49080.20719013214,9967.851145219804,157122.9295701599,18667.376602306365
2022-11-24,20350.0,2675.0,88.02704163568276,98657.3671875,64.42343086592841,46965.461329421996,9647.601878042222,152841.3356263733,18132.627080955506
2022-11-25,20100.0,2675.0,88.40207226204706,98739.0859375,63.522138206065016,46965.461329421996,9647.601878042222,152841.3356263733,18132.627080955506
2022-11-28,19250.0,2645.0,87.5716315867587,98532.375,62.227324400637706,46284.877023162844,9599.12539543152,152316.61798583984,17489.444237442018
2022-11-29,19250.0,2660.0,88.29491986866888,98368.9375,62.70970073515465,47492.863074493405,9396.859098739624,149728.55367736815,17459.87348945618
2022-11-30,19250.0,2700.0,89.50040217215874,98431.4296875,62.8874161931127,49997.46268005371,9876.3,155348.76173034668,18176.09068962097
2022-12-01,19400.0,2690.0,88.77711389024854,98912.140625,63.687163694209744,49039.24180984496,10211.004773449897,153409.47675537108,18384.503509263992
2022-12-02,19150.0,2695.0,87.08943756517903,99287.1015625,62.32886955940407,49898.12479019165,9961.829801559448,152925.54218673706,19129.974291801453
2022-12-05,19150.0,2675.0,86.4465177039914,99277.484375,62.176544201176576,47917.27152191162,9293.650273962021,149518.87001174927,18485.321713542937
2022-12-06,18750.0,2610.0,85.05351458640081,99344.796875,61.021365784163436,48404.747304038996,9221.976598033905,149568.71882080077,18315.36848367691
2022-12-07,18550.0,2570.0,84.06233156874869,99378.4375,60.14546322403061,48625.40873622894,9348.166326975823,149072.93856033325,18000.119625940322
2022-12-08,18400.0,2580.0,83.68728994054719,99469.78125,59.92965245637277,50100.20593215942,9381.027049217224,150284.31817840575,18698.12722755432
2022-12-09,18600.0,2590.0,82.37466074459776,99633.21875,61.08483087338591,47916.76440227508,9254.447273783682,147612.9732156372,17693.467987861633
2022-12-12,17750.0,2590.0,82.5621815586985,99671.6796875,60.06929800489088,48499.770656585686,9532.549750118254,150083.22479904172,17749.09812013626
2022-12-13,18350.0,2590.0,82.96400715955558,99657.2578125,60.42473908091092,48743.44835735321,9761.025,151043.1835548401,18262.25877445221
2022-12-14,18250.0,2565.0,84.49095764501715,99796.6640625,61.440277029457924,48703.24154781341,9516.706376519203,148990.19082611083,17949.16121603012
2022-12-15,18050.0,2545.0,83.01758610670397,100017.796875,60.56436938927313,47417.725146179204,9133.399398212434,145125.21961776735,17204.7338550663
2022-12-16,17850.0,2525.0,83.20510692080471,100253.34375,59.38380595258139,47855.12880924225,9023.337124714852,144205.4779195404,17125.021520547867
2022-12-19,17800.0,2485.0,82.4818131379759,100205.2734375,59.59960148008332,46413.719129829406,8269.541375803947,141590.35553054808,16456.770575819017
2022-12-20,17050.0,2455.0,81.4638461476682,99537.0703125,58.64753370081076,46531.95501350403,8142.487026162148,140147.06953178407,16525.26703690529
2022-12-21,16950.0,2470.0,80.98166312792573,99565.921875,58.49520834258328,47122.66897277832,8350.550000000001,141552.68646392823,16823.43843717575
2022-12-22,17000.0,2490.0,81.99962461731484,99811.0859375,59.61229652994861,45842.59421447754,8062.2978189849855,137172.92477416992,16247.639651489259
2022-12-23,16450.0,2440.0,80.57983202615004,99623.6015625,57.758936090812654,46523.62242805481,8051.325751171112,137940.48536453248,16353.942049789428
2022-12-26,16050.0,2460.0,81.11559399304089,99503.421875,58.38095289379572,47141.53079986572,7626.0,134926.9210205078,15934.699954986572
2022-12-27,16050.0,2575.0,81.38348872878282,99166.921875,58.82525931887274,47141.53079986572,7626.0,134926.9210205078,15934.699954986572
2022-12-28,15850.0,2430.0,80.84771025913618,98625.4609375,57.720850941216796,45804.011192169186,7693.968017587662,132834.02785568236,15600.782703533172
2022-12-29,15550.0,2395.0,78.75821383412816,98508.3828125,56.23562662796615,46252.322997665404,8099.712120695113,135913.34865371702,17064.951836929322
2022-12-30,15150.0,2350.0,78.19565139182593,98030.328125,55.52474955597805,45682.308574447634,8090.3556961441045,135185.33070236206,17155.40469526291
2023-01-02,15150.0,2350.0,78.19565139182593,98030.328125,55.52474955597805,45981.15903739929,8122.32883028984,135385.71711502073,16848.026977729794
2023-01-03,15350.0,2325.0,77.44558463817873,98752.2890625,55.95635077108584,45981.15903739929,8122.32883028984,135385.71711502073,16848.026977729794
2023-01-04,15800.0,2360.0,77.41878416276734,98971.796875,58.81256426900744,47329.80926399231,8370.746902942657,136195.26944046022,17115.507914972306
2023-01-05,15600.0,2445.0,76.66871740912015,98966.921875,58.393647943660994,48226.07794612885,8019.511417822839,133847.535364151,17109.853217811586
2023-01-06,16000.0,2445.0,77.82062076546164,99064.484375,60.05660295502558,51148.227664604194,8116.032120938302,137292.6037161255,17844.98450074196
2023-01-09,16250.0,2505.0,80.57983202615004,99498.6328125,61.03406591408067,50812.160167694085,8083.529999999999,135613.45345962522,18367.648872871396
2023-01-10,16200.0,2560.0,80.55303705165726,99688.8828125,61.22447134185204,53051.47708396911,8333.660762758254,136769.29660949708,17998.875219354628
2023-01-11,17400.0,2570.0,81.81210930413269,99620.5859375,61.82110312515652,53842.71762565613,8692.82222375393,139343.7313510895,18170.386376695635
2023-01-12,17200.0,2585.0,82.8032703181104,100323.03125,61.80841315534321,53796.83928955078,8736.282885246277,140136.79876373292,18605.36193271637
2023-01-13,17350.0,2630.0,83.41940620664245,100557.1875,61.46566204913649,53535.84386104583,8641.4664473629,140572.35715919494,18523.271330099105
2023-01-16,17400.0,2640.0,83.41940620664245,100596.2109375,61.64338766719847,52344.19003715515,8757.609212636948,140536.3043952942,18467.81068696976
2023-01-17,17200.0,2680.0,82.91042821240718,99971.8125,61.326031740774276,52344.19003715515,8757.609212636948,140536.3043952942,18467.81068696976
2023-01-18,17300.0,2670.0,82.18713993049698,100508.3984375,61.31333669090899,52013.488331909175,8537.50811800003,138537.73758911132,17855.345717811582
2023-01-19,17250.0,2730.0,82.4818131379759,101103.53125,61.59260746773734,52051.38185939789,8291.696523499488,136596.18371009827,17116.255705976484
2023-01-20,17500.0,2735.0,83.20510692080468,100864.5,61.97343356343596,53702.0046552658,8673.701376433371,140749.9482545471,17879.348668851853
2023-01-23,17500.0,2800.0,84.43738419878734,100976.703125,64.3726557465192,52857.701094932556,9066.994340600966,143023.21275352477,19014.988484601974
2023-01-24,17500.0,2800.0,84.43738419878734,100976.703125,64.3726557465192,52698.96756786346,8668.22577644825,143478.9201586914,18766.386644563674
2023-01-25,17500.0,2800.0,84.43738419878734,100976.703125,64.3726557465192,54982.4951015091,8892.65714158535,142814.80145980837,17614.241435670854
2023-01-26,17690.0,2795.0,85.93752870791891,100830.359375,64.84233703117089,53548.325368881226,8912.077718257904,145504.22161026002,17235.91785364151
2023-01-27,17600.0,2795.0,87.06263708976762,100503.5234375,64.69000659289144,52830.957025909425,9298.051734895706,146996.06046798706,17649.059182977675
2023-01-30,17620.0,2760.0,85.29460334581272,100781.578125,64.32187554705808,51663.18522109985,9045.274559545516,143511.29694641114,17074.86891139984
2023-01-31,18090.0,2750.0,85.61607152778441,100532.796875,63.68716369420972,52613.138626670836,9584.571258473397,146261.90840950012,17458.63959760666
2023-02-01,18010.0,2850.0,86.28578636346482,100991.3359375,64.53768123466395,52829.458636093135,10100.513765058517,149377.18545501708,18045.321957035063
2023-02-02,18370.0,3085.0,86.66081698982912,101405.96875,65.74363477108625,51054.39848991394,10970.85632068634,153226.1015611267,18291.377552661896
2023-02-03,18470.0,3090.0,86.312575837039,101908.421875,65.07083268859006,50778.821987457275,10337.740012435914,151680.42305557252,17873.210435771944
2023-02-06,18380.0,3115.0,85.75000789381818,101196.2109375,64.05529982009503,51493.28791290283,10409.189625616073,153192.62041778563,17726.453449468612
2023-02-07,18320.0,3130.0,85.96432368241172,101059.625,65.60399938267207,52502.590695762636,10458.564804210662,156771.48255775453,19081.593974561692
2023-02-08,18300.0,3215.0,86.09827105028268,101064.5078125,67.17808904497969,51882.73887496948,10357.44693646431,154532.00108413695,19752.735726299285
2023-02-09,18440.0,3170.0,86.392938756843,100947.4296875,67.3558095829897,51771.464415435796,10014.376259737015,153143.078985672,19646.662294063568
2023-02-10,17990.0,3015.0,85.75000789381816,100801.0859375,66.50529204253547,51253.806893730165,9493.766789340974,152684.87454566956,18217.323581457138
2023-02-13,18040.0,2980.0,85.75000789381816,100610.84375,65.87057510963513,51471.26193332672,9718.35067050457,156731.93183288575,19370.473712348936
2023-02-14,18100.0,2960.0,85.77680836922956,100947.4296875,67.34311453312442,52200.61368370056,11699.534938840867,156853.8805684662,19765.79665476799
2023-02-15,17410.0,2900.0,83.31225931418287,100640.109375,66.30218140479491,51922.65253143311,12962.6371598053,159707.3431317139,20534.102199249268
2023-02-16,17960.0,2960.0,85.77680836922956,100762.0625,68.01591153556863,52563.70292850494,12470.844348993302,156971.2943021393,20671.25372314453
2023-02-17,17800.0,3000.0,85.2946033458127,99844.984375,66.68300750049353,51920.69749679565,11956.503752117156,157707.21924423217,20800.776439437865
2023-02-20,17520.0,2955.0,84.46416267052433,99971.8125,67.40658470239886,52916.87586730957,10977.035646066666,153598.43652183533,19709.42233706474
2023-02-21,17520.0,2930.0,86.12505502293826,99791.3203125,66.77187284955049,52916.87586730957,10977.035646066666,153598.43652183533,19709.42233706474
2023-02-22,17140.0,2800.0,84.2498523828494,99571.8125,65.00736759936758,52170.47943855285,10904.031152200698,154597.26547187805,20173.91826581955
2023-02-23,17080.0,2795.0,84.27663635550499,99849.8515625,66.51798709240074,50380.24994636536,10594.774398937225,155052.22314926147,21272.430984973907
2023-02-24,16900.0,2820.0,83.36583276041264,100044.984375,66.13715591665016,49809.211761817925,10554.133299064635,153391.06693557737,20555.28992176056
2023-02-27,16900.0,2785.0,82.58896553135406,99947.421875,65.3247184457398,50769.576091575625,10619.273146867752,156630.77943878176,20770.796146440505
2023-02-28,16910.0,2765.0,83.01758610670393,99371.8046875,65.47705396407123,51897.340101242065,10375.848201942445,156567.77400283815,21432.78515996933
2023-03-01,16890.0,2825.0,84.5713205648211,99357.171875,65.15969803764705,54127.17899570466,10113.503575253488,154284.90900535585,21141.08742237091
2023-03-02,16890.0,2825.0,84.5713205648211,99357.171875,65.15969803764705,53851.824362640386,10472.26092432022,155548.04480010987,20729.11444091797
2023-03-03,16870.0,2770.0,85.80359234188515,99664.4921875,65.35011362552234,54436.67014492035,10833.914600772858,157060.63043563842,21205.150401592255
2023-03-06,17210.0,2720.0,86.74117990963308,99976.6875,66.68300750049352,53009.828840255745,10732.03885389328,156713.67162429812,20913.00658824921
2023-03-07,17740.0,2695.0,87.6787894810554,100396.203125,66.22601618565517,49933.519691467285,10761.515652942659,155209.23952331542,20517.101711940766
2023-03-08,17450.0,2635.0,85.13387750620473,99986.4453125,65.52783416353235,51250.218315925595,10738.185451154708,158506.33982139587,20718.711703004836
2023-03-09,17630.0,2670.0,84.30343683091635,100025.46875,65.1850881373776,49547.15057373047,10162.950275621413,155802.9206387329,20256.64267906189
2023-03-10,17580.0,2620.0,84.1427054903898,100966.9453125,63.02706174163079,48021.63229873657,9735.148373684882,154033.82739349364,18796.758017978667
2023-03-13,16840.0,2605.0,84.75884137892183,101640.1171875,63.280947498780534,46813.588444137575,10234.620051174164,152268.62425003052,17924.07894208908
2023-03-14,16060.0,2490.0,82.50860811246868,102391.3515625,60.53898436959451,47555.25140998841,10305.365525612831,156412.0270993805,18158.430173130037
2023-03-15,16610.0,2480.0,82.85684926525877,101703.53125,60.53898436959451,44788.363441314694,10410.462125673293,158671.89390701294,17493.02002046585
2023-03-16,16250.0,2400.0,82.45502916532028,102049.8828125,61.79571302542596,45337.2989466858,10470.797425026894,162181.0379019165,17784.164411153793
2023-03-17,16900.0,2425.0,81.78531432963987,101805.9765625,65.14700298778176,45209.97220039368,10273.550149202347,160417.4197101593,17046.916440725327
2023-03-20,16930.0,2435.0,81.24954686183042,102093.7890625,65.36280359533565,46981.129662666324,10590.37510000229,161790.9968132019,17268.27975139618
2023-03-21,16770.0,2440.0,81.43706217501257,102425.5,64.65193160339952,47995.80161075592,11074.992250013353,164139.93351364136,17986.15313448906
2023-03-22,16760.0,2455.0,82.53539758604285,102240.1328125,65.95943537864014,47354.84351158142,10734.575049877167,161487.06336975098,17525.952322483063
2023-03-23,16530.0,2415.0,82.58896553135403,102523.0546875,66.25140120533376,46258.90063694,10653.486802425385,159916.4326247406,16862.590133314134
2023-03-24,16850.0,2450.0,81.65137246268749,102903.546875,69.13300480298594,47024.42773357391,10599.073753461837,162192.80229156493,16862.089780683516
2023-03-27,16780.0,2450.0,82.40145021817187,102693.7890625,69.10761978330733,47294.12847599029,10460.120350370407,162153.82590522766,17101.850249204635
2023-03-28,17100.0,2475.0,83.01758610670392,102723.0625,71.3418063181419,47678.774807891845,10386.08,160944.64996383668,17091.57923118591
2023-03-29,17580.0,2570.0,83.90160022822207,102669.3984375,72.00191335077281,49201.64037597657,10713.783948040009,164546.99165588382,17808.45273622513
2023-03-30,17630.0,2580.0,86.25899688989058,102727.9453125,73.49983271388874,49976.98082153321,10585.953004512789,165509.75412765503,17863.607255134582
2023-03-31,18330.0,2670.0,88.18776197437204,102693.7890625,74.37348209071993,51051.91875,11017.109751319886,168912.0288482666,18593.807205963134
2023-04-03,18270.0,2630.0,87.67878948105538,102596.234375,74.37348209071993,51909.895436096194,11031.264550647737,170089.6895880127,18327.16702589035
2023-04-04,18130.0,2730.0,88.58959857706631,102693.7890625,74.37348209071993,50676.21442298889,10981.085501670837,169369.27201690673,17169.109996986386
2023-04-05,18100.0,2860.0,88.2949198686688,102708.421875,74.37348209071993,50556.858662223814,10454.19902498722,166983.27959747313,16868.174345064162
2023-04-06,17720.0,2795.0,87.14301651232732,102879.15625,74.37348209071993,50868.23153114319,10671.519201278687,169340.73055572508,16274.81340007782
2023-04-07,17740.0,2890.0,88.18776197437202,102654.765625,74.37348209071993,50665.8290486145,11067.16555287361,169222.92744781493,16498.174343290328
2023-04-10,19800.0,2775.0,90.54515313512195,103196.234375,74.37348209071993,50665.8290486145,11067.16555287361,169222.92744781493,16498.174343290328
2023-04-11,20600.0,2790.0,92.17923951120588,103220.625,74.37348209071993,52044.50233062744,11382.763946113586,168498.56308868408,16535.07069934845
2023-04-12,20150.0,2785.0,90.57194810961474,103298.671875,74.37348209071993,52161.727886581415,11040.082098884583,167410.3961164856,16180.094755096434
2023-04-13,20200.0,2800.0,91.16128902365396,103147.4609375,74.37348209071993,54077.74962768555,11245.634300003052,168890.06572692873,16236.240744132996
2023-04-14,20100.0,2790.0,91.4023832839845,103084.0390625,74.37348209071993,53862.866930236814,11445.247745132445,167069.0402819824,16093.039548568724
2023-04-17,20400.0,2825.0,91.4291837593959,102869.40625,74.37348209071993,53060.215664062496,11539.968250122069,168771.78788085937,16427.629888916013
2023-04-18,19970.0,2835.0,91.56311462451104,102810.8671875,74.37348209071993,54410.16829189301,11509.893296470642,169642.88862701418,16240.268389072418
2023-04-19,20700.0,2835.0,91.29522538968773,102732.8125,74.37348209071993,53330.639476318356,11251.62689666748,170524.28072753907,16496.346006317137
2023-04-20,20700.0,2760.0,90.11654906252785,102635.2578125,74.37348209071993,52576.422606811524,10784.73149520874,168916.3406652832,16181.321083679199
2023-04-21,20200.0,2735.0,89.20573996651692,102849.890625,74.37348209071993,50577.316031455994,10859.195805130004,169615.1815775299,16114.221922559738
2023-04-24,23400.0,2650.0,88.8842662836266,103088.9140625,74.37348209071993,50692.91350090027,10813.014509239198,170247.55479904177,16935.882546043398
2023-04-25,21500.0,2585.0,86.95549019730795,103171.84375,74.37348209071993,48301.11451961518,10309.137895145417,166635.0194216919,16233.998162183763
2023-04-26,20500.0,2585.0,86.28578636346474,103362.0859375,74.37348209071993,47853.736875,10342.419894161225,168156.4795120239,18097.49344525337
2023-04-27,20600.0,2580.0,86.04150157034714,103225.5078125,75.13317590535164,48152.35064601898,10461.205229640007,172955.9330482483,19317.948900461197
2023-04-28,19940.0,2625.0,85.58007901739502,102996.234375,74.86727711021159,48741.81105503083,10372.6775,174275.90677459718,19901.035861272812
2023-05-01,19820.0,2690.0,86.39435249292269,102742.5703125,76.07784965653964,48426.64779453278,10422.477281069756,174174.47128372194,19785.964211368562
2023-05-02,19820.0,2690.0,86.39435249292269,102742.5703125,76.07784965653964,47148.5827331543,10178.190204620361,172810.18226623535,19939.54699230194
2023-05-03,20400.0,2665.0,85.25436412626534,102996.234375,76.07784965653964,46693.975341796875,10114.82632344246,171352.3129486084,19907.37857465744
2023-05-04,20300.0,2670.0,85.55293748503053,103264.53125,74.18631521308953,44735.11800971985,9757.909951314927,168818.7039113617,18856.356669578552
2023-05-05,20850.0,2750.0,86.44864105857025,103015.75,72.35778352705194,46188.62836509705,9769.195598831178,171861.9254489136,19682.03831050873
2023-05-08,20850.0,2750.0,86.44864105857025,103015.75,72.35778352705194,46376.72062614441,10220.592297763824,172590.49715774535,19845.138337163924
2023-05-09,21050.0,2775.0,86.23149779781714,102766.96875,72.35778352705194,46612.7365013504,12640.284752454756,171878.63130371092,20129.16327372551
2023-05-10,20900.0,2770.0,84.65722841057217,102849.890625,71.57411663427436,46109.70796508789,13165.330644226075,173813.9097265625,20182.29729034424
2023-05-11,21000.0,2795.0,84.63008687820768,103045.0078125,70.60387772139988,43966.961757202145,13091.889351644515,174492.1886375427,20244.412723283767
2023-05-12,20250.0,2750.0,83.89724900161067,103025.5,70.8650975792814,44830.53315719605,12670.53,174937.4949407959,20070.852612991333
2023-05-15,20800.0,2735.0,84.14153379472828,102845.015625,69.44705215016246,46374.09956569672,12719.958211631776,176273.74544311524,20399.76223371506
2023-05-16,21400.0,2755.0,84.00581513106863,102942.5703125,69.9321716065997,45329.57342254639,12676.921157455445,176775.7090515137,20184.61147315979
2023-05-17,21150.0,2775.0,85.36294675847908,102791.359375,70.79045706062979,46016.10788509369,13707.2225,178684.15326568604,20830.622814855575
2023-05-18,22350.0,2775.0,85.17294503009045,102508.421875,70.55616856491164,45719.38525558472,15659.750894699098,181579.74758911136,21216.184084167482
2023-05-19,21850.0,2805.0,85.17294503009045,102508.421875,70.55616856491164,45517.10215942383,15528.865250587462,180093.87876708983,20564.11877048492
2023-05-22,21600.0,2810.0,86.15006769980506,102815.7421875,70.55616856491164,45091.25584060669,15602.397001075744,179684.1205683899,21682.251401462556
2023-05-23,21550.0,2790.0,87.01861873914312,102723.0625,70.58964210128606,43709.41115139008,16583.806850442885,176529.5481260681,21299.825003681184
2023-05-24,21500.0,2765.0,86.3672109605582,102264.5234375,70.55612087772144,42006.62225551606,16103.362697257997,176296.12941375733,21310.508635997772
2023-05-25,20950.0,2790.0,86.3672109605582,102264.5234375,70.55612087772144,42834.77291374207,17024.556202316286,181807.66453704835,24458.781867408754
2023-05-26,20550.0,2785.0,85.47150188609986,102015.734375,70.55612087772144,44236.694920349124,18078.059494781497,186268.0813232422,26054.573043823242
2023-05-30,20600.0,2890.0,85.634362082124,101840.125,73.1035169240598,43555.911117324824,19484.7189505291,187100.72247344968,26586.344996223448
2023-05-31,20450.0,2820.0,84.84723013896081,102162.078125,72.16500812726395,43694.55719108581,19484.13055052757,186003.19176788328,25476.709506988525
2023-06-01,21100.0,2770.0,84.84723013896081,102220.6171875,72.80185220829006,45023.353998184204,19212.428949594498,187758.35894622802,25546.84684152603
2023-06-02,21500.0,2830.0,87.26290353226076,102454.765625,72.43315161946906,46629.989499206546,18951.649797477723,186899.55550964357,25755.098745918276
2023-06-05,21500.0,2890.0,88.26717323525845,102381.59375,71.6622357923404,46546.88021484375,19936.358100585938,187386.15519531252,26165.310869140627
2023-06-06,22950.0,2875.0,89.84144262250342,102601.109375,72.0981761727032,47055.666293945316,20065.9978495121,185920.7684172058,25870.14910856247
2023-06-07,22950.0,2875.0,89.84144262250342,102601.109375,72.0981761727032,47049.063279876704,19150.177252979276,183575.79783966063,26711.10139434814
2023-06-08,23100.0,2830.0,88.91859751659919,102054.765625,72.0981761727032,47410.45102806091,19811.708852710723,185829.08849334717,26750.213687095642
2023-06-09,23500.0,2880.0,89.59715232846722,102171.8359375,73.20479557912141,47007.19506515503,19397.729791183472,184765.8613253784,27272.793676643374
2023-06-12,22750.0,2805.0,89.51573873321095,102342.5703125,73.67427287050653,46816.806163711546,20166.746008434293,187507.06939331052,27109.865799465177
2023-06-13,22450.0,2790.0,88.91859751659919,102479.15625,75.48511479115696,48637.306355133056,20343.68,186486.88280212402,28447.461252822875
2023-06-14,22350.0,2765.0,87.96861637924907,102137.6875,75.01563749977184,49198.29648834229,20339.980204925538,188862.66775390625,28730.593717269898
2023-06-15,22400.0,2730.0,87.04576577242624,102064.515625,77.86603158195038,49282.53978183746,21247.834488277436,191302.5679370117,28829.210805187224
2023-06-16,21950.0,2745.0,87.9143278136015,102376.7109375,78.26844162844543,48768.7962084961,20744.683029022217,188998.51457336426,28588.460031738283
2023-06-19,21950.0,2745.0,88.6743237253188,102401.1015625,78.26844162844543,48454.73541038513,20214.515851163866,189924.22073745728,29778.28801929474
2023-06-20,21500.0,2735.0,88.26717323525848,102327.9375,78.97265098836857,48454.73541038513,20214.515851163866,189924.22073745728,29778.28801929474
2023-06-21,21150.0,2680.0,86.91006911244101,102581.59375,77.16180906771814,49351.79201911926,18911.659643497467,189114.25821777343,29571.085537643434
2023-06-22,21050.0,2670.0,87.29005056554385,102391.3515625,77.19534597874048,49403.07633686066,18191.237746953964,191686.8524169922,30077.78523874283
2023-06-23,21300.0,2620.0,85.93292993997059,102259.640625,77.76542742603799,48071.91683647156,18297.7853517437,191136.15290863038,30725.99929052353
2023-06-26,21000.0,2650.0,84.33153002219834,102332.8125,78.67085167494048,49225.51584320069,18190.026652450564,188774.95630004886,30495.176115875245
2023-06-27,20850.0,2640.0,83.70725277414067,102396.2265625,78.46964336311567,50464.68901657104,18992.853453683852,191248.82944198608,30834.336175231932
2023-06-28,21000.0,2645.0,81.56299470448562,102532.8125,78.67085167494047,49271.34862609863,19982.572450790405,192777.54494384766,30432.149500122072
2023-06-29,23000.0,2640.0,80.20587957983095,102586.46875,79.77747108135867,49811.5301077652,20029.49574866295,193845.69147521973,31688.48244474411
2023-06-30,23350.0,2680.0,81.48157010739214,102196.2265625,79.20739621121568,50637.03707351685,20201.87389945984,196834.81288146973,32530.68404998779
2023-07-03,29550.0,2700.0,80.26016814547853,102484.03125,76.84195968439822,51229.89455162048,20305.902998924255,195914.97163253784,32428.292136287688
2023-07-04,28200.0,2745.0,80.26016814547853,102484.03125,76.84195968439822,48881.60022735596,20390.217752285003,194409.14682434083,31451.845452079775
2023-07-05,26750.0,2700.0,80.26016814547853,102484.03125,76.84195968439822,48881.60022735596,20390.217752285003,194409.14682434083,31451.845452079775
2023-07-06,25450.0,2665.0,80.26016814547853,102484.03125,76.84195968439822,47373.9623216629,19681.860648870468,193229.1831878662,31217.73769979477
2023-07-07,26000.0,2670.0,80.26016814547853,102484.03125,76.84195968439822,48436.17141094208,20017.012799110413,193277.8314593506,32055.935186729435
2023-07-10,25650.0,2655.0,80.85729285933449,102284.03125,76.84195968439822,48920.78235912323,21295.134003257754,193547.40982055664,33044.72415342331
2023-07-11,26550.0,2670.0,84.08724522908071,103488.921875,78.00758468789023,49348.28192230225,21332.123303909302,192526.87706359866,32630.468136291507
2023-07-12,26550.0,2675.0,84.08724522908071,103488.921875,78.00758468789023,50389.46457241059,21370.740496559145,194156.26651016236,33070.19376176834
2023-07-13,26450.0,2680.0,84.08724522908071,103488.921875,78.00758468789023,51689.61808116913,21326.59230840683,195249.38709594726,33658.39551704407
2023-07-14,26850.0,2740.0,84.08724522908071,103488.921875,78.00758468789023,50155.86861709595,20766.991516952516,194105.05780395507,33252.79084213257
2023-07-17,27000.0,2755.0,83.68011674269478,103269.40625,78.00758468789023,49427.75789703369,22046.147516670226,195924.4900817871,33272.22340461731
2023-07-18,27200.0,2680.0,84.35867705548141,103630.390625,78.64178782962463,49127.04851543426,22796.529503803253,196658.74197052,33588.21244153976
2023-07-19,26300.0,2690.0,84.35867705548141,103630.390625,78.64178782962463,49634.890653076174,22846.967034301757,197210.00858642577,33668.021431274414
2023-07-20,27250.0,2665.0,84.92865473605427,103581.609375,78.64178782962463,51265.173375015256,21742.422734794618,193339.4058706665,33103.35622486114
2023-07-21,27400.0,2650.0,85.74293921341916,103191.359375,76.34656348466329,50264.50576095581,21091.355691757202,194972.74089569092,32853.344159488675
2023-07-24,27300.0,2615.0,88.24003720381258,103420.6328125,76.89016956232848,51980.054603729244,20898.412409210203,194805.8795425415,32899.83812168121
2023-07-25,26600.0,2605.0,88.78288985477674,103566.9765625,75.81894578949425,53723.312306213375,21106.545027008055,195377.96927673338,33032.628900756834
2023-07-26,24800.0,2515.0,88.78288985477674,103566.9765625,75.81894578949425,53325.4296244812,20932.477588806152,194443.10376525877,32174.17081375122
2023-07-27,26950.0,2600.0,115.39867442202502,103396.2421875,75.81894578949425,53311.16820289612,20627.26401277542,194478.08779586793,32229.270063343047
2023-07-28,27350.0,2600.0,115.39867442202502,103396.2421875,75.81894578949425,53707.172549209594,22737.848218173982,197909.09960525515,33017.22287126541
2023-07-31,29100.0,2625.0,115.39867442202502,103020.625,75.81894578949425,54840.485522270195,25273.184194374084,197719.2430290222,33019.94389362335
2023-08-01,28150.0,2665.0,115.39867442202502,103020.625,75.81894578949425,54156.485458984374,25663.96130615234,198714.65384765624,33944.21605224609
2023-08-02,28300.0,2630.0,115.39867442202502,103020.625,75.81894578949425,53263.06119606018,24616.609308967592,196441.06418304445,44345.14847335816
2023-08-03,26300.0,2610.0,115.39867442202502,103020.625,75.81894578949425,53900.14926818848,24295.68221115112,196204.19080474853,44646.98180419922
2023-08-04,26400.0,2625.0,115.39867442202502,102971.84375,75.81894578949425,53672.865239868166,23832.718999061584,196983.53396179198,46602.55136432648
2023-08-07,26450.0,2650.0,115.39867442202502,103210.875,74.59893964016526,53250.34814048767,23493.860301094057,198066.73637237548,46489.22519447327
2023-08-08,24750.0,2635.0,115.39867442202502,103230.3828125,74.03356310776206,54168.91416564941,22424.982004852296,197901.14618133544,47503.82187667846
2023-08-09,25900.0,2650.0,115.39867442202502,103323.0625,74.00381597039126,53815.691572761534,20060.6125,195617.64779434205,45647.90242710114
2023-08-10,25200.0,2650.0,115.39867442202502,103220.625,71.56379783552815,53755.95616149902,20272.471199264524,196083.5695462036,44405.51211936951
2023-08-11,27200.0,2690.0,115.39867442202502,102957.2109375,71.89112139829868,52882.90788208008,20405.459497947693,196081.47960617067,44221.74378730774
2023-08-14,27100.0,2690.0,115.39867442202502,102801.109375,70.49257406269392,52848.431486892696,20908.386355161667,199213.5682044983,45836.4138130188
2023-08-15,26100.0,2640.0,115.39867442202502,102845.015625,71.58938977001863,51294.5373916626,20518.949847221375,197829.45693969727,46206.571197509766
2023-08-16,26100.0,2640.0,115.39867442202502,102845.015625,71.58938977001863,50282.50543685913,20654.177745018005,195934.32503784177,44951.28579711914
2023-08-17,26550.0,2580.0,115.39867442202502,103045.0078125,71.58938977001863,51232.65578063965,18976.988988399506,194427.81286117557,44093.122517356875
2023-08-18,25600.0,2545.0,115.39867442202502,102747.453125,73.84230773450766,50106.44030605316,19267.055489597322,193709.59694259643,45296.65044826508
2023-08-21,26500.0,2525.0,115.39867442202502,102825.5,73.78302118466806,50131.08785839081,19465.525,197574.57074279786,46919.29938049317
2023-08-22,25850.0,2525.0,115.39867442202502,102820.625,72.15261490055322,50061.08314819336,19585.330301856993,196158.88928100586,46527.96957550049
2023-08-23,28400.0,2520.0,115.39867442202502,102879.15625,71.94511488317308,50691.04349426269,20488.536255416868,199914.0282067871,47617.0044039917
2023-08-24,28700.0,2515.0,115.39867442202502,103084.0390625,73.01229022263644,48912.35671272277,18679.93025355339,192908.89600204467,46093.06379787445
2023-08-25,27200.0,2515.0,115.39867442202502,103166.96875,70.72972607616917,48935.54842826843,19239.317946424482,194953.45765686032,49484.939115715024
2023-08-28,27450.0,2535.0,115.39867442202502,103123.0703125,70.64079334435135,49705.673040771486,19371.64845428467,196301.95739746094,50334.453497314455
2023-08-29,28250.0,2535.0,115.39867442202502,103445.015625,71.58938977001861,51223.380241165156,20356.79749574661,200261.87292037962,51008.40693702697
2023-08-30,29350.0,2540.0,115.39867442202502,103513.3125,72.89371130884035,51283.44381729126,21611.448499031067,201706.34444732667,51292.43510078431
2023-08-31,29500.0,2545.0,115.39867442202502,103645.0234375,73.39765570365222,50888.06428195954,19810.00079463959,202010.36379959108,51913.030264549256
2023-09-01,28100.0,2535.0,115.39867442202502,103927.9453125,76.68809701150948,52739.06659690857,20012.401602325437,201307.83851257322,52383.114193420406
2023-09-04,27650.0,2530.0,115.39867442202502,103664.53125,76.53987772985205,52326.967281494144,20231.73365074158,203348.02733032228,51871.81533447266
2023-09-05,27500.0,2540.0,115.39867442202502,103552.3359375,76.3027257163768,52326.967281494144,20231.73365074158,203348.02733032228,51871.81533447266
2023-09-06,26700.0,2545.0,115.39867442202502,103352.3359375,75.116988905468,51854.4457856369,20362.311253843305,201730.0278425598,50984.32169620514
2023-09-07,26650.0,2535.0,115.39867442202502,103001.1171875,75.17626964119071,51179.83035003662,20305.806350927352,200825.4567388916,52687.04573020935
2023-09-08,26950.0,2540.0,115.39867442202502,103176.71875,73.33836333969575,50491.50659900665,20165.718052530287,200782.6964163208,52068.913832588194
2023-09-11,26900.0,2590.0,115.39867442202502,103015.75,72.00440143301266,51497.32722007751,21025.80604920387,202990.7931661987,52020.47145572662
2023-09-12,25950.0,2570.0,115.39867442202502,103108.4296875,72.44905346386805,51267.04712848663,20692.45130252838,200091.6003689575,49762.5093523407
2023-09-13,25200.0,2575.0,115.39867442202502,103030.3828125,71.02615882536712,50949.86813774109,20743.320507240296,201239.00469818115,49071.0247215271
2023-09-14,25000.0,2615.0,115.39867442202502,103430.3828125,73.99052701616505,52005.19298675538,20988.680298843385,202276.71488342286,50793.15970046997
2023-09-15,25400.0,2610.0,115.39867442202502,103386.4765625,74.10909430172737,51609.2809539795,20325.893598842624,198720.81870285035,50436.78094585419
2023-09-18,24450.0,2585.0,115.39867442202502,103093.796875,71.35223775654333,51305.53171302795,20468.88545050621,198742.3416870117,49876.30192256928
2023-09-19,24400.0,2575.0,115.39867442202502,103225.5078125,70.84829917584834,49711.587121238714,20121.168993358613,198958.49862258913,50376.391817665106
2023-09-20,24050.0,2565.0,115.39867442202502,103005.984375,70.19613549937904,49627.56272964477,19609.211295509336,196421.6479736328,49213.96291427612
2023-09-21,23250.0,2510.0,115.39867442202502,102888.9140625,67.70607133553163,48104.45727722168,18761.12,194126.50472167967,48505.86170288086
2023-09-22,22950.0,2495.0,115.39867442202502,103010.8671875,68.47680811168013,47875.713946228025,18885.875552959442,193737.89915344238,48552.34533447265
2023-09-25,22550.0,2480.0,115.39867442202502,103249.8984375,68.47680811168013,47920.42848087311,18998.346956758498,194578.79679855346,48958.427527236934
2023-09-26,22100.0,2485.0,115.39867442202502,103127.9453125,67.97286953098514,47555.26502738953,18827.712451448442,193422.16150131225,47742.23895004272
2023-09-27,22300.0,2510.0,115.39867442202502,103103.5546875,69.12897178814944,47541.939474105835,20033.393014621735,193965.1105064392,48642.31910572052
2023-09-28,21100.0,2475.0,115.39867442202502,102132.8125,69.24847896437085,48821.43592308045,21390.586320915223,196585.54692123414,50016.16477352143
2023-09-29,21100.0,2475.0,115.39867442202502,102132.8125,69.24847896437085,48461.702050018306,21565.76,195585.23005004882,49969.5453565216
2023-10-02,21100.0,2475.0,115.39867442202502,102132.8125,69.24847896437085,47751.56969043732,21464.519754686356,197788.01733871462,51740.74517749787
2023-10-03,21100.0,2475.0,115.39867442202502,102132.8125,69.24847896437085,47674.17966316223,20273.23748096466,195534.89618774413,49954.45242919921
2023-10-04,21100.0,2475.0,115.39867442202502,102132.8125,69.24847896437085,47124.68618133545,21439.04557609558,198578.44053375244,51873.32149879456
2023-10-05,20900.0,2485.0,115.39867442202502,102581.59375,69.24847896437085,46046.98103179932,21346.97876657486,196087.21173980713,51375.751504211425
2023-10-06,21300.0,2505.0,115.39867442202502,102469.3984375,69.5472058895177,47737.63410774231,22426.32452407837,199349.50196533205,53513.30066864014
2023-10-09,20900.0,2470.0,115.39867442202502,102854.7734375,71.78079965383391,47945.92506603241,23776.49452407837,200412.70727523803,53997.704235000616
2023-10-10,20900.0,2470.0,115.39867442202502,102854.7734375,71.78079965383391,48531.09433479309,24026.260970191954,201445.90061187744,54587.84341060638
2023-10-11,21800.0,2470.0,115.39867442202502,102976.7265625,71.78079965383391,47973.50135818481,24000.435302181242,201332.0986427307,55698.96028453827
2023-10-12,22150.0,2465.0,115.39867442202502,103308.4296875,73.4942341292012,46729.27488132477,24007.488114681244,200442.1561935425,55759.910506210326
2023-10-13,21650.0,2450.0,115.39867442202502,103064.53125,73.92259424832362,46318.66957054139,23429.924823760986,199644.6944320679,52591.5013628006
2023-10-16,21250.0,2430.0,115.39867442202502,103098.671875,72.82109422724204,46980.81873241425,23499.7120262146,202557.95216644288,54839.19881752015
2023-10-17,21700.0,2430.0,115.39867442202502,103103.5546875,74.87110165415012,47803.95703125,24148.224206542967,201867.90996093748,55564.81424560546
2023-10-18,21200.0,2460.0,115.39867442202502,102742.5703125,74.1979677533134,46520.82473182678,23210.541029548647,198578.97201385497,52113.00866374969
2023-10-19,20000.0,2435.0,115.39867442202502,102742.5703125,71.84198709814004,46298.94023895264,23158.949275016785,197866.02333068848,50624.55777168274
2023-10-20,19300.0,2395.0,115.39867442202502,102854.7734375,71.16885319730332,44374.572459411625,21795.542025756837,194295.13350097658,49536.915182800294
2023-10-23,19050.0,2365.0,115.39867442202502,102747.453125,70.09795289949724,43915.255162429814,21929.94103279114,194980.18445739747,50307.47836723328
2023-10-24,19380.0,2420.0,115.39867442202502,102991.359375,73.12706745550733,44740.622295684814,22342.194380493165,195256.5387249756,52226.23334335328
2023-10-25,19590.0,2430.0,115.39867442202502,103098.671875,72.82109422724204,44196.05071128845,21032.001505851746,191404.96717300414,50269.85056159973
2023-10-26,18590.0,2400.0,115.39867442202502,102942.5703125,69.91437256321153,44360.76292953491,20784.002748146057,189018.90518310547,47224.443593139644
2023-10-27,19390.0,2395.0,115.39867442202502,103337.703125,69.2106329379769,44172.20149650574,20422.11008644104,189546.2506614685,49186.397106552125
2023-10-30,19240.0,2385.0,115.39867442202502,103171.84375,69.02705860281361,44520.20328941345,19845.895633106233,191064.2265258789,51539.291246185305
2023-10-31,18300.0,2365.0,115.39867442202502,103303.5546875,65.41660331467088,44181.78460056305,19995.244257688522,191949.02618270874,52874.1647587204
2023-11-01,18550.0,2385.0,115.39867442202502,103327.9453125,66.48749761135453,44283.092759323124,20245.54490352631,196261.6513092041,54403.70021720886
2023-11-02,19740.0,2410.0,115.39867442202502,104020.6328125,71.53601386987476,45515.32756202698,24132.091777896883,197643.02924240113,53506.59592647553
2023-11-03,19780.0,2430.0,115.39867442202502,104352.34375,71.81139337598698,44987.158651885984,24973.33479309082,196900.98956359862,53281.125950775146
2023-11-06,20900.0,2480.0,115.39867442202502,104391.3671875,75.05468799155827,44443.49779029846,24063.80878829956,194039.83164581298,51417.32588500977
2023-11-07,20450.0,2460.0,115.39867442202502,104498.6875,75.69722216911948,43140.033674011225,24596.603001823423,197473.48407943724,52350.4734456253
2023-11-08,20250.0,2445.0,115.39867442202502,104884.0625,74.5345407048542,42623.76208740234,24221.52990016937,197877.26029907228,52312.04923095703
2023-11-09,19430.0,2490.0,115.39867442202502,105059.671875,75.2076746056909,42151.64099235535,23931.69089962006,196367.91324050905,52177.9079386139
2023-11-10,18910.0,2480.0,115.39867442202502,104957.234375,76.73752274365005,42709.60244510651,25765.53639993668,200687.5161630249,54606.0093939972
2023-11-13,18400.0,2535.0,115.39867442202502,104884.0625,74.10616858348689,42880.61936706543,26115.157486953736,202450.14329223635,55842.06419406891
2023-11-14,18990.0,2520.0,115.39867442202502,104908.453125,75.42185466525213,45240.87407241821,26495.076309623717,207355.65941955565,57722.43044670105
2023-11-15,19700.0,2540.0,115.39867442202502,105635.28125,76.67633529934392,45318.756771163935,25941.783992080687,203090.04807647705,56372.053524246214
2023-11-16,19670.0,2560.0,115.39867442202502,105737.7265625,77.93080993231327,44628.20832977295,25643.667593765258,202762.8002532959,55378.422352981564
2023-11-17,19400.0,2545.0,115.39867442202502,106025.5390625,77.93080993231327,45174.82021190644,26559.342603321074,202674.70414031984,55921.72746448517
2023-11-20,19700.0,2535.0,115.39867442202502,105942.609375,78.14498399075204,45822.66064361572,27560.18339706421,204376.00056884767,57339.38368637085
2023-11-21,19780.0,2530.0,115.39867442202502,106127.9765625,78.35917605255813,46183.60262260437,25528.931016311642,202857.01908782957,54777.2860697937
2023-11-22,19550.0,2530.0,115.39867442202502,106010.8984375,79.24649001295604,46429.1386340332,25598.182094306943,205388.31355682373,56385.827552947994
2023-11-23,19260.0,2535.0,115.39867442202502,106127.9765625,77.22708230932346,46580.91591796875,25076.73699645996,206043.64615722655,55553.55458312988
2023-11-24,19490.0,2560.0,115.39867442202502,105937.7265625,77.62483670404796,46580.91591796875,25076.73699645996,206043.64615722655,55553.55458312988
2023-11-27,19290.0,2585.0,115.39867442202502,105966.9921875,78.84872361598667,46202.81431919098,24886.616300487516,205562.1373260498,55310.131960296625
2023-11-28,19130.0,2605.0,115.39867442202502,106220.65625,79.91962391379275,46615.67131069183,25499.02291557312,204423.3147088623,54473.01117847443
2023-11-29,19100.0,2585.0,115.39867442202502,106596.2734375,80.01141708249682,46518.140121383665,25647.96179725647,204117.306177063,54483.701567764285
2023-11-30,19860.0,2585.0,115.39867442202502,106376.7578125,81.81665072769061,46605.05834712982,25863.496515846255,203105.41856002808,56127.311743164064
2023-12-01,19470.0,2570.0,115.39867442202502,106376.7578125,81.57187094485388,49591.572682571415,26461.472097587586,206162.73708343506,58727.217794609074
2023-12-04,19320.0,2710.0,115.39867442202502,106537.734375,80.2867905874866,47494.440405120855,24001.511502399444,204075.58151641846,58967.34273113251
2023-12-05,18880.0,2725.0,115.39867442202502,106542.609375,77.77782931930301,46430.34246162415,23999.899999427795,205719.16613342287,59011.11211894989
2023-12-06,19230.0,2685.0,115.39867442202502,106620.6640625,79.61365068552746,46078.8109720993,22492.20279806137,204736.0099293518,57785.83201225281
2023-12-07,18980.0,2685.0,115.39867442202502,106518.21875,79.12409712097646,46662.31565784454,22821.14849000931,209631.9673300171,59618.84402057648
2023-12-08,19370.0,2680.0,115.39867442202502,106654.8125,80.47037092377231,48275.342287979125,23227.34529834747,207634.37164321897,61441.23548641204
2023-12-11,19700.0,2660.0,115.39867442202502,106674.3203125,80.50096464592538,48260.875854949954,23392.073202590946,210895.13956970218,62520.16610183717
2023-12-12,20500.0,2660.0,115.39867442202502,106771.8828125,81.23529799331311,47592.1252822876,22990.625,212193.79844665527,64753.2602930069
2023-12-13,20550.0,2650.0,115.39867442202502,106986.5234375,81.63305838916003,50071.29486328125,23584.11230758667,215814.77297973633,63088.66030517578
2023-12-14,20500.0,2640.0,115.39867442202502,107645.0703125,83.13231880608853,52662.25102668762,23602.161913375854,211756.06510330198,61053.429061775205
2023-12-15,20600.0,2605.0,115.39867442202502,107698.7265625,81.44948405399674,52064.87527587891,23585.7449887085,212566.9480859375,61677.66283874512
2023-12-18,20500.0,2565.0,115.39867442202502,107791.40625,82.12261795483346,51945.151979560855,23149.719398002628,214423.437568512,61849.62441268921
2023-12-19,20350.0,2550.0,115.39867442202502,107723.1171875,82.06141850828247,53409.2239862442,23477.703497886658,217174.0648651123,64193.499853134155
2023-12-20,20700.0,2575.0,115.39867442202502,108010.921875,82.36739173654777,51996.217316589355,22411.545000000002,212545.46134643556,61212.88134010315
2023-12-21,20400.0,2575.0,115.39867442202502,107947.5078125,82.36739173654777,53344.58199142456,22951.78399909973,215959.17814453124,63207.186288299556
2023-12-22,20300.0,2585.0,115.39867442202502,107703.6015625,82.18381140026206,53440.52152267456,22677.22120124817,215928.79905212403,63356.498813781734
2023-12-26,19980.0,2555.0,115.39867442202502,107776.7734375,81.7554452800172,53664.234882354736,22882.340394973755,215844.23063659668,63224.273451805115
2023-12-27,20300.0,2510.0,115.39867442202502,107893.8515625,83.53008520305791,54091.445447006234,22595.347711906434,216107.4649725342,63104.39622467042
2023-12-28,20400.0,2550.0,115.39867442202502,108230.4375,83.34649286452733,53660.73002548218,22625.181311893462,215194.76188430787,62902.403849411014
2023-12-29,20550.0,2530.0,115.39867442202502,107581.6484375,81.70346709283284,53203.28560134888,22165.954998493195,214673.0878918457,61828.26078083039
2024-01-02,20550.0,2530.0,115.39867442202502,107581.6484375,81.70346709283284,52992.51879333496,21562.621500778198,212617.02116516113,59186.26612991333
2024-01-03,20650.0,2490.0,115.39867442202502,107430.4296875,81.70346709283284,52269.44816818237,20999.059199142455,211073.77759552,59303.60778656005
2024-01-04,20550.0,2450.0,115.39867442202502,107445.0625,81.25537022039988,52709.65094814301,21293.8375,210882.052850647,59844.51415111542
2024-01-05,20500.0,2465.0,115.39867442202502,107152.375,80.986510925108,52741.72046791076,21023.606997756957,211996.3561276245,60752.416141433714
2024-01-08,20700.0,2435.0,115.39867442202502,107254.8125,80.83714334791021,53746.26882751464,21930.718700370788,216377.11777679442,63675.93588554382
2024-01-09,20750.0,2455.0,115.39867442202502,107347.5,80.95663506600428,53123.19203063965,21567.927996826173,216848.5203479004,64532.18088226319
2024-01-10,20500.0,2450.0,115.39867442202502,107352.3828125,80.12018132102494,52793.53408515931,22169.853008880615,219075.21885772707,64239.36686027527
2024-01-11,20300.0,2510.0,115.39867442202502,107454.8203125,80.77739748886317,52345.36861816406,21901.507600708006,218343.06864257812,65490.74007110595
2024-01-12,20050.0,2480.0,115.39867442202502,107537.75,79.79157616668604,52245.273743209844,22012.751900615694,218482.35453857423,64854.36346767426
2024-01-15,19860.0,2455.0,115.39867442202502,107601.1640625,78.50702554927372,50325.67558670044,22009.695914268494,221452.16409301758,66331.8147392273
2024-01-16,19900.0,2420.0,115.39867442202502,107469.453125,76.89386391836209,50325.67558670044,22009.695914268494,221452.16409301758,66331.8147392273
2024-01-17,20750.0,2395.0,115.39867442202502,107269.453125,76.59512876396647,49944.79734729767,22031.92887954712,222309.4613485718,66027.71468868255
2024-01-18,20100.0,2405.0,115.39867442202502,107225.546875,78.09918185876234,49701.418581581114,21955.171489315035,224662.3078843689,67933.45919265746
2024-01-19,20550.0,2420.0,115.39867442202502,107225.546875,78.09918185876234,50422.305209083555,22460.534319095612,228986.91195739745,71633.79625118256
2024-01-22,20000.0,2400.0,115.39867442202502,107401.15625,78.09918185876234,48734.40166759491,23553.20051050186,229216.27516937256,71325.24235630035
2024-01-23,19850.0,2430.0,115.39867442202502,107488.9609375,77.3471525799306,49465.07302734375,23114.06069824219,229460.4684765625,71378.52127929688
2024-01-24,19430.0,2415.0,115.39867442202502,107264.578125,77.68138174511404,51627.34168579101,22407.145,231359.516144104,70457.69170516968
2024-01-25,19060.0,2440.0,115.39867442202502,107401.15625,77.2914477190667,51196.73254394531,21990.55877685547,231322.2149658203,71018.80895996094
2024-01-26,19300.0,2430.0,115.39867442202502,107596.28125,75.75954492527266,51394.514099121094,21844.90850967407,229991.4648449707,71222.9047869873
2024-01-29,19480.0,2500.0,115.39867442202502,107352.3828125,74.64543131939172,52202.672676086426,22823.695203781128,232237.06349945068,73109.61787414551
2024-01-30,19200.0,2500.0,115.39867442202502,107532.8671875,74.78469620298529,51610.146102027895,22246.28789583206,229521.151729126,75082.19276794433
2024-01-31,19570.0,2490.0,115.39867442202502,107635.3046875,72.25009498790573,51478.82279586792,21478.541203689576,226021.52988891603,74980.22553977967
2024-02-01,19510.0,2690.0,115.39867442202502,107688.96875,70.38395210319305,51992.56541084289,21747.96729839325,228265.7629837036,78961.55240020751
2024-02-02,19740.0,2710.0,115.39867442202502,107762.140625,72.27795014977147,51504.092056655885,22498.7386051178,230419.86133728028,81025.20253524781
2024-02-05,19470.0,2745.0,115.39867442202502,107615.796875,70.35610240419491,50021.52091827393,22253.984686088563,231621.7757711792,81727.74889068604
2024-02-06,19600.0,2695.0,115.39867442202502,107488.9609375,71.91586035985469,51786.421291618346,29017.77321352005,230454.45373703,78218.23399345398
2024-02-07,19600.0,2765.0,115.39867442202502,107810.921875,70.3004030061986,50556.49045722961,31325.93250635147,232879.42666900632,80394.27371276855
2024-02-08,20050.0,2760.0,115.39867442202502,107679.2109375,74.19979243248045,49189.52542396545,32550.996003971097,233460.84897079467,81668.23963348388
2024-02-09,20400.0,2780.0,115.39867442202502,107381.6484375,75.26511863169495,48391.43236083984,32500.976881217954,236620.46974945065,84436.7488960266
2024-02-12,20400.0,2780.0,115.39867442202502,107381.6484375,75.26511863169495,48755.5145576477,33350.8174842453,235393.91948364256,81406.52276275634
2024-02-13,20400.0,2780.0,115.39867442202502,107381.6484375,75.26511863169495,47298.79545043946,31882.399103927615,231108.4610095215,82795.27630691529
2024-02-14,20650.0,2750.0,115.39867442202502,107123.109375,75.26511863169495,48255.021126480104,33630.16211299896,234926.7003781128,86491.19473297118
2024-02-15,21400.0,2770.0,115.39867442202502,107503.59375,74.67919261749739,49571.71705993652,33892.87419647216,235409.51033813474,83579.19777862549
2024-02-16,20900.0,2830.0,115.39867442202502,107527.984375,73.05457055546881,50365.656913757324,32626.42311294556,233460.255703125,83822.43498535156
2024-02-19,20700.0,2880.0,115.39867442202502,107557.2578125,72.09577540908172,49555.528138160706,31291.649489879608,232092.7802581787,82699.45792865753
2024-02-20,20700.0,2825.0,115.39867442202502,107523.109375,72.06914525769827,49555.528138160706,31291.649489879608,232092.7802581787,82699.45792865753
2024-02-21,20650.0,2815.0,115.39867442202502,107693.84375,71.40331834205676,50404.185797691345,30356.762694454195,230732.0605407715,77938.16610145569
2024-02-22,20400.0,2740.0,115.39867442202502,107898.7265625,72.81486785113694,49923.278636894225,31344.269102745056,236444.32566070557,83337.24530223847
2024-02-23,20000.0,2730.0,115.39867442202502,107947.5078125,71.80281240198295,50297.68793209076,30520.46778764725,235723.3236920166,83072.26258247376
2024-02-26,19720.0,2690.0,115.39867442202502,108103.609375,71.9359840534874,49176.48122360229,31355.060889244076,236012.818946228,87997.36037704466
2024-02-27,19450.0,2690.0,115.39867442202502,108108.484375,71.35005281564305,49344.5953060913,32645.996713829038,236564.30461853027,87944.26690979004
2024-02-28,19720.0,2705.0,115.39867442202502,108128.0,74.30631826166105,48562.32712875366,32625.608501930237,236202.89700256346,88058.79552062988
2024-02-29,19460.0,2685.0,115.39867442202502,108025.5625,73.80029314890746,49087.815263977056,33511.6450980568,238210.46702438354,90095.22457382202
2024-03-01,19590.0,2710.0,115.39867442202502,108215.8046875,74.00437526264241,49192.38835144043,33276.56440734863,241636.98893432616,93927.89384155274
2024-03-04,19590.0,2710.0,115.39867442202502,108215.8046875,74.00437526264241,49567.496253814694,32004.212818832395,240055.82551361082,95167.6828969574
2024-03-05,20450.0,2685.0,115.39867442202502,108386.53125,74.00437526264241,48203.54597957611,31822.302386226653,236711.46902282714,93315.22975975036
2024-03-06,19990.0,2640.0,115.39867442202502,108562.1484375,76.09619066077767,49434.719746513365,34897.17819644928,237791.92059402465,95759.74425262451
2024-03-07,20450.0,2645.0,115.39867442202502,108420.6875,75.30537934967681,51224.4649471283,35040.97678756714,239618.60274658204,95196.20703582764
2024-03-08,19580.0,2650.0,115.39867442202502,108601.171875,76.65740771766613,51081.556940917966,34354.05240783691,235260.88380249022,91257.16183776855
2024-03-11,19400.0,2630.0,115.39867442202502,108723.125,76.3767991892219,51547.89976234436,33273.14300069809,233206.02344055174,87689.77994995117
2024-03-12,20950.0,2655.0,115.39867442202502,108562.1484375,76.98904052706523,51403.54147979736,32377.255000076293,236196.63899871826,94527.84135177612
2024-03-13,24600.0,2725.0,115.39867442202502,108659.703125,76.8104655504462,55450.48410003662,32866.75,235087.37324279785,96181.95409385681
2024-03-14,23300.0,2730.0,115.39867442202502,108601.171875,75.48394932293434,55484.10927886963,32203.626402282716,235159.32915344238,97163.14297485352
2024-03-15,22900.0,2730.0,115.39867442202502,108445.078125,75.35640363063172,57619.622590637206,31226.431195735928,234302.2783340454,98303.10589408875
2024-03-18,23150.0,2700.0,115.39867442202502,108328.0,76.09619066077768,57634.948183021545,32006.159999999996,237284.17345779418,102614.02837005614
2024-03-19,23300.0,2705.0,115.39867442202502,108328.0,74.94824440652334,57642.603591766354,31851.062978973387,238700.7267498779,102868.07373199462
2024-03-20,23950.0,2690.0,115.39867442202502,108303.609375,76.22374135644185,59860.19176185608,32899.72099136352,241691.88409057618,103966.78339324951
2024-03-21,23500.0,2770.0,115.39867442202502,108581.65625,77.90739753046873,59399.69941459655,32378.473597393033,239724.4098432922,108285.0172541809
2024-03-22,23700.0,2775.0,115.39867442202502,108835.3203125,77.14209335648378,58637.69255035401,32356.225608367924,242855.8302624512,110118.48207412721
2024-03-25,22550.0,2745.0,115.39867442202502,108752.390625,77.24414191839357,59159.70063037872,32907.37140729904,242884.04094696042,109749.75288352965
2024-03-26,22400.0,2735.0,115.39867442202502,108757.2734375,78.72371597868548,58411.310302734375,33452.1591796875,242338.318359375,110828.6484375
2024-03-27,22450.0,2715.0,115.39867442202502,108932.8828125,80.15227076138405,60117.22954559326,33053.69610866546,244057.38058288573,108973.28312881468
2024-03-28,22150.0,2710.0,115.39867442202502,108986.546875,83.36653028001926,61493.58291114807,30971.69040807724,243086.64152023316,109651.73441207886
2024-03-29,24700.0,2690.0,115.39867442202502,108864.59375,84.79509006607935,62025.00160694122,30832.42582321167,244141.44905090332,108166.35013580322
2024-04-01,23850.0,2700.0,115.39867442202502,109006.0546875,86.27466412637126,62025.00160694122,30832.42582321167,244141.44905090332,108166.35013580322
2024-04-02,23400.0,2685.0,149.69719480887179,108879.2265625,87.24403540400655,63524.169162940976,30703.125472087857,242464.94743362424,108875.23061676025
2024-04-03,22800.0,2680.0,150.3858201577127,108830.4375,86.52976551769959,65000.84408569336,30610.951028823853,242496.58044433594,114804.58124542236
2024-04-04,23900.0,2655.0,182.88395860843326,108952.3984375,87.62668248763751,64359.550782623286,30277.63698345184,238488.6982911682,108405.18593086241
2024-04-05,23850.0,2655.0,183.23241962832864,108971.9140625,87.06547543747213,65013.52045417785,31055.235561676025,242334.38809570312,115138.43441619872
2024-04-08,22600.0,2630.0,153.49707926392156,108864.59375,84.28488728342273,65740.17227783204,31123.600000000002,242539.10967407227,113584.96833496094
2024-04-09,22900.0,2650.0,141.05204283908603,108898.734375,83.74917736365019,67529.15490875243,30902.987276458738,243683.0319946289,110543.51225280762
2024-04-10,23000.0,2630.0,136.68370918850695,108376.78125,84.90123995037726,66744.46797885894,30245.701102924348,240555.07181854246,114070.89930915833
2024-04-11,23000.0,2630.0,136.68370918850695,108376.78125,84.90123995037726,67254.94064517975,31158.099808158877,247179.0465426636,117487.47076034546
2024-04-12,22800.0,2640.0,136.68370918850695,108845.078125,84.90123995037726,66274.5989225769,31165.355904884338,245068.00428405762,115036.47107421875
2024-04-15,21600.0,2625.0,139.03712879361598,108776.7890625,84.82610457957458,67444.76840938568,30301.496472187046,242590.4147822571,111336.27416015626
2024-04-16,21600.0,2630.0,149.45020458060526,108625.5625,81.49517518468289,67117.73400878906,30498.968430175784,244408.3112109375,114514.0927734375
2024-04-17,21550.0,2615.0,148.4427475578702,108654.8359375,81.24472722340246,67284.33020141601,29533.102059860234,240066.78759887698,113190.01918762208
2024-04-18,22300.0,2670.0,149.78871014024423,108937.7578125,82.77244701577192,67134.46332260132,29020.363447380067,236591.48293304443,110980.50283615114
2024-04-19,21200.0,2675.0,159.52477480795554,109088.984375,80.39320611988613,66557.87144561768,28181.457454681396,232219.69968994142,103007.66047546387
2024-04-22,20800.0,2705.0,169.26889913184877,108952.3984375,77.71343356497513,65916.64191345214,28977.18385116577,235432.86658325195,104851.80145812988
2024-04-23,21000.0,2720.0,167.92293654947477,109059.7109375,76.98714135419176,64503.70213764191,29847.4019581604,238471.86002746582,108921.76385429382
2024-04-24,21400.0,2720.0,152.81108120844934,108981.6640625,80.31807566117621,64397.377580795284,29575.277609024044,237643.87131225585,115557.26221115112
2024-04-25,21050.0,2740.0,141.05204283908606,108698.734375,78.86548632751669,65945.89043449401,29739.65934585571,236506.36244384764,123455.1104447937
2024-04-26,21100.0,2725.0,139.70608025671206,108503.609375,79.41646594782233,67672.20002326964,30967.252629470822,241081.26214752195,128234.27528762816
2024-04-29,21800.0,2780.0,139.70608025671206,108732.8828125,80.40967636689852,70346.59181137085,31444.90039491653,242442.4559196472,130243.88346443175
2024-04-30,21550.0,2780.0,134.2658123339429,109108.4921875,79.38135430879922,67253.6789794922,30360.78145111084,238629.49266357423,128194.85173461915
2024-05-01,21500.0,2765.0,126.5593467597909,109108.4921875,79.2060681166516,67457.92982540131,30679.335163974763,237811.6201271057,122463.57299461366
2024-05-02,21500.0,2765.0,126.5593467597909,109108.4921875,79.2060681166516,65381.09947113038,31015.04345066071,238820.74600265504,126450.37983428956
2024-05-03,21550.0,2745.0,126.5593467597909,109176.7890625,79.2060681166516,67012.27697448731,31799.7230960083,241459.67830810547,126457.02600097656
2024-05-06,21850.0,2735.0,122.09531541765759,109406.0625,79.88429397894767,67519.36551948547,34255.59885597229,243383.4057507324,131824.9927882385
2024-05-07,21850.0,2735.0,122.09531541765759,109406.0625,79.88429397894767,68081.08735485077,29092.22948141098,243498.03942260743,128700.42548332215
2024-05-08,22150.0,2800.0,122.09531541765759,109498.75,79.88429397894767,66186.62980670929,29309.741273975374,243350.22080841064,132456.59686889648
2024-05-09,21850.0,2740.0,115.46419976943407,109474.3515625,79.06073976371188,68182.60926933288,28956.30276397705,245733.79300689697,133814.42891830445
2024-05-10,21300.0,2790.0,116.07293131608863,109528.0078125,76.88075754321686,68764.33099697113,28176.062521762848,245948.29992660522,130156.60166915893
2024-05-13,21350.0,2790.0,115.32622061885907,109503.6171875,76.34786952159368,69371.23377639771,28644.036130542758,246568.42832656862,129351.22563606263
2024-05-14,22500.0,2770.0,149.8291246832387,109484.109375,76.68697533694184,71335.62296779633,29346.429531002042,248293.07346923827,134798.27037132264
2024-05-15,22650.0,2805.0,139.4804567864792,109957.2890625,75.65810499459579,71058.69006786347,29474.450603771213,250561.4385574341,141913.3348060608
2024-05-16,22650.0,2805.0,139.4804567864792,109957.2890625,75.65810499459579,68216.99900894165,29122.496986866,247319.48507461548,130540.00744819643
2024-05-17,22800.0,2805.0,139.4804567864792,109928.015625,75.65810499459579,71599.33687213897,29481.101110095977,248992.10286071777,130830.71273757934
2024-05-20,22200.0,2810.0,142.52074340021645,109747.53125,76.23235875382856,72493.67784118652,29316.72113800049,250936.32879638672,134338.70233154297
2024-05-21,22100.0,2815.0,142.82769541410337,109835.3359375,76.37592336517199,72179.23104118348,28961.58928791046,252830.45552703858,134827.2579772949
2024-05-22,21200.0,2780.0,185.46479181925505,109884.109375,77.06981430052427,68014.39278808593,28841.161303939818,252544.26286560055,136069.48840942382
2024-05-23,22700.0,2760.0,186.37833947963284,109952.40625,76.68697533694184,67975.56614067078,28228.512664527894,251443.59352539064,137579.94513153078
2024-05-24,22600.0,2740.0,172.6751245739662,109810.9453125,74.9881414944674,68747.12034622193,28763.11051334381,255078.051612854,144982.72953964234
2024-05-27,23200.0,2730.0,168.71398191856812,109913.3828125,76.90232225395695,70954.54669246674,28578.531464195254,253899.0080406189,142410.85792121888
2024-05-28,22800.0,2725.0,169.02093393245508,109918.265625,79.46253439221015,70954.54669246674,28578.531464195254,253899.0080406189,142410.85792121888
2024-05-29,23050.0,2705.0,173.8883158669479,109664.6015625,79.15148710658114,70198.30712223053,28584.56652902603,253532.40399490355,140533.99399276733
2024-05-30,22200.0,2690.0,160.79900498905508,109606.0546875,77.88334241199607,69586.38350070953,29662.970475120543,250793.07826690673,139267.66536140442
2024-05-31,21300.0,2735.0,160.18510096128122,109645.0859375,77.62014062453315,71191.3118038559,30036.122822799683,254561.00866882325,135526.8950440979
2024-06-03,21300.0,2740.0,155.3177190267884,109757.28125,76.01701183681345,69776.94019729615,29334.400780105592,253655.12636154177,131905.6192023468
2024-06-04,20750.0,2715.0,155.01076701290148,110088.9921875,75.34704833668506,66641.81634368897,30408.716524887084,254317.19864013672,126392.98852020263
2024-06-05,20550.0,2715.0,143.43429106059426,110235.3359375,76.20843131860467,67534.81167030334,31514.43554336548,258794.28738952635,132914.44277648925
2024-06-06,20700.0,2735.0,147.31302107879722,110449.96875,76.7771543148186,68195.2850692749,32484.05675010681,257409.4727256775,119856.94914093018
2024-06-07,20700.0,2735.0,147.31302107879722,110449.96875,76.7771543148186,65605.25977775574,31850.317070274356,257355.1794232178,119502.4364126587
2024-06-10,21050.0,2740.0,147.31302107879722,109786.5546875,76.7771543148186,67031.89798004151,31820.171145458222,260132.4110952759,125285.96175933839
2024-06-11,20750.0,2720.0,140.15669263192828,109415.8125,75.68710190540853,66147.07815261841,32810.68402479172,261927.5766192627,122541.45851417542
2024-06-12,21000.0,2740.0,138.06704472544254,109376.7890625,77.77241027625354,66069.66151729584,32755.298330802918,265757.4163218689,123942.17579589844
2024-06-13,20850.0,2710.0,141.3446431541085,109684.1171875,79.24159742689703,64355.91983341217,32022.080329933164,266873.76871536253,130826.67229118347
2024-06-14,20400.0,2720.0,134.18831470723958,109781.671875,77.48804877814656,64650.46998168946,32502.086779174806,268803.29285766603,125829.52136535644
2024-06-17,20200.0,2740.0,129.12163416685635,109688.984375,77.60653273569115,63579.149101257324,34540.11063194275,272406.0418548584,123346.09303665161
2024-06-18,20600.0,2730.0,130.31674101748348,109323.1328125,78.5780965465869,64175.284421081546,35654.32117858887,272562.9473706055,131357.38995117188
2024-06-19,20500.0,2750.0,138.96158578130118,109303.6171875,78.50700617206016,66590.93615158081,35384.75206066132,271132.50024261477,124991.18262542726
2024-06-20,20600.0,2860.0,136.5785284084938,109615.8203125,77.65393095967872,66590.93615158081,35384.75206066132,271132.50024261477,124991.18262542726
2024-06-21,20450.0,2880.0,135.38342155786668,109630.453125,76.7771543148186,67043.7857875061,33093.973011817936,271078.9128179932,125513.40409126283
2024-06-24,20200.0,2905.0,126.73857679404901,109620.6953125,75.59231938034262,68202.16662563324,33562.34698802948,268289.34903045656,123552.4652357483
2024-06-25,20100.0,2960.0,123.75438783170465,109645.0859375,74.69184594397362,67427.58893539429,34068.64885917664,270950.3458886719,126944.53898895264
2024-06-26,20050.0,2890.0,122.55928098107753,109449.9609375,75.71079869691745,66945.18366661073,33466.46552972794,271832.6236473084,120555.05984497072
2024-06-27,19940.0,2840.0,125.84403573819041,109347.5234375,75.09468675865541,65252.85891906738,34948.86624847412,271939.2452050781,120124.40133911133
2024-06-28,19840.0,2895.0,125.24290414865342,109576.796875,76.91933042290236,65194.789885139464,34868.01139497757,268659.8326744079,118900.2834159851
2024-07-01,20100.0,2895.0,117.2492852735008,109288.9921875,75.92406982049769,65244.19515609741,35792.03883934021,271589.3472747803,119581.5964050293
2024-07-02,19720.0,2890.0,109.14116514319826,109191.421875,74.83402205205735,65817.02836856841,35814.58639421463,275128.3671600342,121742.3312637329
2024-07-03,19810.0,2900.0,114.6873196895217,109313.375,74.64445236095578,68354.4482439041,35798.37302827835,277067.24547882075,129082.0891090393
2024-07-04,20100.0,2960.0,112.71932936663276,109357.2734375,75.80559050392286,69278.52350143432,37573.85946834564,278981.0958465576,126360.00137550353
2024-07-05,20150.0,2950.0,118.20823328538121,109542.640625,76.01885698653335,69278.52350143432,37573.85946834564,278981.0958465576,126360.00137550353
2024-07-08,20150.0,2960.0,119.87565781350169,109571.9140625,75.99516019502443,68896.60680999755,38301.62205493927,280257.5928337097,127380.70983947754
2024-07-09,20450.0,2960.0,118.1438263293594,109854.8515625,76.94302721441127,68484.60732891083,37891.051255645754,280596.795827179,128035.04958709718
2024-07-10,20650.0,2960.0,138.66101998653266,109820.6953125,76.54018639972946,69551.13124855042,39316.79650554657,283547.9678567505,129887.4136720276
2024-07-11,20350.0,3055.0,142.23918420996716,109571.9140625,76.63496892479539,68812.2992860794,37890.29316329956,274782.0882064819,127011.21037902831
2024-07-12,20050.0,3050.0,136.87193787481544,110015.8203125,75.0709899671465,68707.43654708863,38593.44258041382,277268.33911743166,123010.37458190919
2024-07-15,19960.0,3050.0,131.50469153966372,110030.453125,74.54966983588986,68151.02423549652,39649.75000551224,279621.54704177857,121276.20899002075
2024-07-16,20000.0,3080.0,125.5434699434219,110284.1171875,75.35535146525348,67776.8016450882,39707.66340566635,280112.21983932494,123982.19739028931
2024-07-17,19840.0,3045.0,123.75438783170468,110279.234375,71.37431369660452,65443.96547336578,38960.81325201034,271079.0110343933,112652.68634887694
2024-07-18,19510.0,2990.0,119.87565781350169,110303.625,70.40274988570876,62108.023555183405,39633.46315536499,270344.90371246333,113994.04194755554
2024-07-19,19300.0,2970.0,121.36417413045044,110215.8203125,70.2368769861161,62325.01297088623,39705.90809400559,269014.1015742493,118254.11093475342
2024-07-22,18850.0,2930.0,111.70313072717737,110206.0703125,67.58285026002687,62448.303829612734,39522.685328598025,272930.65468643187,121724.1524697876
2024-07-23,19140.0,2940.0,114.15059505600655,110274.3671875,66.91934473874701,61314.27867164612,39924.32105991364,271380.5986080933,125822.73837554932
2024-07-24,18850.0,2960.0,111.58862947202746,110274.3671875,67.0615254878005,59562.48715896607,36692.040526199344,260488.52194519044,108163.53694152832
2024-07-25,18210.0,2915.0,108.72609809327989,110415.828125,63.79138682344924,60085.256184997554,36764.577941379546,257743.14582321167,105348.8391606903
2024-07-26,18320.0,2975.0,105.74190913093553,110518.265625,63.838780406467066,60831.150445442196,37592.93022209167,260956.34184921262,106425.8783164978
2024-07-29,18550.0,3030.0,106.93701598156264,110742.65625,64.28901944513645,59941.86216228485,37422.66429456711,261226.26838623048,107548.42390716553
2024-07-30,18270.0,2975.0,103.29444480210637,110649.9765625,62.46437578088949,59356.71969795227,36521.92376232147,258209.90524017334,100917.8961277771
2024-07-31,18520.0,3005.0,103.17994354695645,110664.609375,64.43119555322019,60772.03245185852,36820.20726425171,262700.9692520141,107521.0547756195
2024-08-01,18760.0,3025.0,105.0835269138236,110991.4453125,64.33640838718453,58356.18022918701,35690.479895591736,256356.95205688477,101041.5465965271
2024-08-02,18200.0,2920.0,97.15431499469283,110991.4453125,58.88617882692234,55761.78896476746,33631.060888862616,248564.63257629395,94210.45193908692
2024-08-05,15570.0,2705.0,82.06161830024621,111630.46875,51.871970309011274,54631.85196777344,32947.411408691405,242891.44086914064,92424.89522460938
2024-08-06,16270.0,2795.0,99.59462299507513,111045.1015625,55.45016262200868,55248.980808258064,36625.06621017456,246745.2493438721,95198.17837677003
2024-08-07,16680.0,2850.0,102.87937775218798,110869.484375,56.255853533311786,53109.25289642334,36189.4731803894,243616.07199676515,92218.56542648315
2024-08-08,17100.0,2865.0,104.31064344156178,110913.390625,55.2605929309071,55230.52971839905,40316.804145469665,251366.4942288208,97625.58386718751
2024-08-09,16990.0,2870.0,111.88203893834911,110669.4921875,57.180019120219974,54713.18301223755,40924.93741212845,250261.0525405884,97231.83007484436
2024-08-12,17200.0,2880.0,113.31330462772291,110606.0703125,58.41224763771379,55643.15119354248,40246.77945035934,252029.03209075925,99693.89038589477
2024-08-13,17020.0,2915.0,113.198803372573,110835.34375,58.12788613960682,55978.939671020504,41551.63836547852,257739.47774780274,104007.28884521485
2024-08-14,17550.0,2895.0,119.87565781350172,111069.4921875,59.810349054800284,55516.99604911804,42015.85,255584.5223648071,108400.82516632079
2024-08-15,17500.0,2880.0,120.01297242726288,110810.953125,58.38736912353152,58063.986726760864,42559.41526395798,263572.70964294433,112837.87934791566
2024-08-16,17500.0,2880.0,120.01297242726288,110810.953125,58.38736912353152,57500.852724151606,43447.2296798706,262166.1547109985,107320.0789263916
2024-08-19,17520.0,2925.0,120.01297242726288,110932.90625,58.38736912353152,57702.455044174196,43361.825000000004,261664.62757400514,105006.09941688538
2024-08-20,18110.0,2975.0,121.24880395111342,110957.296875,59.313436762122706,56660.18139511108,43043.129193573,260621.03050354004,101665.63160018921
2024-08-21,17860.0,2995.0,118.70848359653176,111069.4921875,58.97462991008564,57212.84356315613,43399.90082107544,262272.3718405151,103784.74731674194
2024-08-22,17630.0,2960.0,119.9443151203823,111152.421875,57.754934090039114,56845.370213699345,42875.90170248032,259922.40407882692,102901.55125366211
2024-08-23,17630.0,3000.0,120.01297242726288,110893.875,57.5064757318786,57946.83125061035,42189.857711563105,259650.60868652342,104045.62097442626
2024-08-26,17410.0,3045.0,118.77714090341236,111059.734375,55.993147306733285,58677.351508750915,40985.151006793974,257340.98026550293,103472.10577346802
2024-08-27,17300.0,3000.0,120.8368601098299,110567.046875,53.42384372063266,58834.06157073975,41044.95620307923,258603.92648315433,106511.70198822023
2024-08-28,17030.0,2935.0,117.88459591396474,110567.046875,53.42384372063266,57247.230176353456,40535.15481491089,256508.11507873537,107264.80523529054
2024-08-29,16720.0,2935.0,114.31441595617432,110498.7578125,53.42384372063266,57060.96263908386,41292.62,255484.69206695555,106215.92235488891
2024-08-30,16760.0,2975.0,115.00098902498017,110498.7578125,54.39840505568453,57819.045989990234,42057.279388427734,259383.22985839844,110678.9136352539
2024-09-02,17190.0,2970.0,110.19497754333922,110376.8046875,53.1137532626342,54159.43046180725,40876.99320665359,252159.45210998534,100525.89355819701
2024-09-03,17150.0,3010.0,110.60692138462274,110279.234375,51.85124645011216,54159.43046180725,40876.99320665359,252159.45210998534,100525.89355819701
2024-09-04,16300.0,2950.0,107.10539873371287,110532.8984375,48.61746764905789,54370.48246009827,40896.68890399933,250919.58219299317,100124.5534778595
2024-09-05,16020.0,2940.0,103.32924685528072,110689.0,47.68720061296275,54023.659441146854,40267.82219627381,250887.71060852052,100110.411118927
2024-09-06,15620.0,2925.0,98.52323537363974,110981.6875,46.33610086462705,52217.881328125004,40511.174298095706,244270.75462890626,95646.43552734375
2024-09-09,15710.0,2885.0,98.86652190804266,110698.75,46.82338153215299,52995.930809631354,46438.73395202637,248565.52937622071,99739.54147644044
2024-09-10,15640.0,2895.0,97.21874654290862,110801.203125,46.22535427248475,53058.41211479187,46696.92934513092,251045.02902374268,101159.42281227112
2024-09-11,16290.0,2850.0,126.32944466027674,111030.46875,46.60188834786839,54113.15795555114,46719.55945442199,255920.5252052307,110203.12158157348
2024-09-12,16400.0,2880.0,136.76535530612568,111045.1015625,48.92755376915615,54812.43817119598,46826.52829532623,258682.05738067624,116114.15023117064
2024-09-13,16400.0,2930.0,130.72351230063418,111220.71875,48.46242242005868,55422.69411987305,47308.36360282898,257482.38385864257,113741.29927734374
2024-09-16,16440.0,2940.0,124.54971192503955,111006.078125,48.977026656146485,55358.06239990234,47950.62471355438,254704.58477371215,114620.08271621703
2024-09-17,16440.0,2940.0,124.54971192503955,111006.078125,48.977026656146485,55803.56770534515,48252.87550998687,255469.8177314758,115328.96735366821
2024-09-18,16440.0,2940.0,124.54971192503955,111006.078125,48.977026656146485,56840.304574203496,48172.57841434479,254394.8025177002,115847.5773097992
2024-09-19,16440.0,2940.0,124.54971192503955,111006.078125,48.977026656146485,58636.69624313354,48950.01883361816,261803.4706512451,122115.36988586425
2024-09-20,16410.0,2950.0,124.54971192503955,111215.8359375,48.977026656146485,58043.6361529541,49612.153017501834,262243.412772522,125837.18852645875
2024-09-23,16370.0,2920.0,121.79834436635065,111001.1953125,50.408972307663866,58859.052270660395,50629.85501785278,263008.6195562744,127917.783354187
2024-09-24,16660.0,2915.0,123.14047488278423,111152.421875,51.81854367144004,63330.92025756836,49077.002029418945,263436.17416381836,129274.91020202637
2024-09-25,16780.0,2870.0,123.47600751189263,111186.5625,51.77379509595762,63038.75843963623,49558.91057395935,264764.085180664,134234.45920791625
2024-09-26,17330.0,2905.0,126.22737507058154,111215.8359375,54.48106638480391,66705.39419540405,48778.33599380493,262637.9378338623,132033.9668083191
2024-09-27,17190.0,2925.0,121.1943856339555,111279.25,54.05595929968094,65704.47548152924,48239.401399803166,260114.94477539064,128608.5298300934
2024-09-30,16910.0,2910.0,120.05357469498692,111318.2734375,52.668762223645984,64156.00907752991,48915.769003219604,261900.57014190676,130567.05518203737
2024-10-01,16630.0,2900.0,120.19268660077485,111786.578125,53.817575554171945,65182.46988830566,48265.017588043214,259998.7666213989,128974.21936340332
2024-10-02,16630.0,2900.0,120.19268660077485,111786.578125,53.817575554171945,65639.99442249298,49544.16191814422,259950.02853378296,134901.2504486847
2024-10-03,16480.0,2905.0,120.19268660077485,111445.109375,53.817575554171945,64967.231398696895,52408.16144172668,262501.7928271484,136881.99156921386
2024-10-04,16480.0,2905.0,120.19268660077485,111445.109375,53.817575554171945,66635.58365592957,53963.085136184694,268244.7443151855,141609.45765426636
2024-10-07,16650.0,2920.0,120.19268660077485,111030.46875,53.817575554171945,66704.25152778625,52258.43667984009,264387.4053955078,143137.44497299194
2024-10-08,16550.0,2920.0,118.66245563710758,110879.25,52.97805612333333,63945.03836391449,55812.01152729034,268892.1586766052,143550.2551018524
2024-10-09,16180.0,2945.0,117.45740083075702,111074.375,53.354107357618574,64292.02854949951,58054.70663772583,270924.6446411133,145248.70638702394
2024-10-10,16180.0,2945.0,117.45740083075702,111074.375,53.354107357618574,65402.48775970459,58785.51101833343,271608.77368377685,144882.83047431946
2024-10-11,16100.0,2940.0,117.45740083075702,111167.0546875,53.354107357618574,66046.43888683319,58769.389832878114,271945.00081649784,150767.42869117737
2024-10-14,16050.0,2950.0,121.35610755718528,111040.21875,54.34951696326876,64501.884812927245,58620.8160610199,274248.7676374817,151535.82843444825
2024-10-15,16050.0,2960.0,122.20673447931509,111313.3984375,54.59284142929949,63278.522903823854,57924.16351661683,273488.94556884764,146427.36637519838
2024-10-16,15800.0,2965.0,119.22954025186078,111396.3203125,53.06654207958227,64135.69586791992,57182.45721618652,273206.4756835938,152019.93118286133
2024-10-17,15770.0,2945.0,119.65485371292569,111489.0078125,54.30527615126318,64453.07202056884,57585.36,274917.64918579103,156380.0256713867
2024-10-18,15320.0,2940.0,113.41692295064045,111230.46875,51.82780367566361,64694.676664352424,58853.86217193604,276423.77619323734,153441.98187446594
2024-10-21,15350.0,2930.0,111.85744026006914,111342.6640625,52.07112814169433,64818.43310165406,58889.27905220032,278845.0581460571,154312.45777038575
2024-10-22,14910.0,2910.0,108.17139026417333,110752.4140625,50.566949197979916,65619.95971824646,59223.70490592957,279162.13781341555,154816.92939193727
2024-10-23,14890.0,2895.0,108.88024603261482,110752.4140625,52.602013553523605,64907.42579837798,58842.77011081695,275412.36700012203,149417.91919044493
2024-10-24,14860.0,2885.0,109.94352968527707,111376.8125,51.40752029384829,63467.53786319732,60204.713498039244,277704.9269047546,151775.61162994383
2024-10-25,14430.0,2900.0,105.90305180516049,111508.5234375,51.16419582781757,63468.07255096435,62321.30724792481,280832.0593688965,155525.72113311768
2024-10-28,14670.0,2900.0,116.96120179284793,111186.5625,51.76144245765523,63477.00174777985,62309.084591369625,280172.60941055295,157106.18729385376
2024-10-29,14470.0,2880.0,113.55869410432872,111132.90625,51.5181179916245,63105.80511627197,62102.246421813965,282095.4285522461,157027.55634002687
2024-10-30,14400.0,2870.0,108.66758930208236,111249.9765625,50.67537587048088,62121.95161216736,60222.73100704193,279271.55328735354,154698.50672058106
2024-10-31,14580.0,2865.0,108.24227584101746,111249.9765625,50.67537587048088,60801.08332763672,57251.8110918045,272025.1761730957,150259.65219886779
2024-11-01,14350.0,2870.0,110.22707199265366,111352.421875,50.67537587048088,61543.1737783432,57721.74147872925,273909.9300262451,146907.56574821472
2024-11-04,14650.0,2905.0,112.28275372113403,111371.9296875,51.56247306870717,62380.387426528934,56945.78949016571,272764.9149430847,145770.62194519045
2024-11-05,14840.0,2915.0,113.62957968117287,110996.3203125,51.60863491333807,63585.56604202271,70572.69527427673,277278.47187561035,154892.34713241577
2024-11-06,14180.0,2905.0,105.4777383440956,110996.3203125,51.60863491333807,64329.31170959473,77740.88769104004,288861.74248535157,168269.27122879028
2024-11-07,13540.0,2910.0,104.06002680721258,111430.4765625,51.60863491333807,65946.67209289552,77374.80227897645,290204.4824740601,168832.4604801941
2024-11-08,13540.0,2915.0,103.98914123036845,111810.96875,50.98545453117396,63479.811979217535,81552.72824752808,293099.7313197327,175289.6458961487
2024-11-11,12640.0,2860.0,102.42965853979713,111879.2578125,48.19268101241673,61480.6587588501,84136.6079442978,292933.5419181824,176753.30822166443
2024-11-12,12220.0,2770.0,95.62464316275869,112210.96875,46.66934918030315,60196.00308395386,84285.55585113526,294847.64430114743,174017.52758880614
2024-11-13,11930.0,2675.0,91.79682201317459,111630.46875,45.44606933829039,59362.50719879151,85237.3690713501,293584.0599719238,174527.3770111084
2024-11-14,12020.0,2710.0,90.30822489944742,111762.1796875,43.922737506176816,59506.65132717133,83015.92902809143,291204.0158029175,169444.61364372252
2024-11-15,12310.0,2710.0,90.87530951420064,111806.0859375,44.845965358088755,58498.80601913452,91908.30870895386,283178.49735839845,168575.2165942383
2024-11-18,12300.0,2700.0,100.72840469553752,112015.84375,43.32263352597518,59529.24690628052,85413.59045974731,284547.0477557373,171188.2606338501
2024-11-19,12180.0,2710.0,100.3739768113168,112254.8671875,43.414957215236974,60245.66234889984,87720.43276241302,286198.59618469235,195920.8286312866
2024-11-20,12050.0,2740.0,99.23980758181037,112254.8671875,43.7611665296157,59958.33462799072,86937.55970516204,287432.43837493897,192111.44838867188
2024-11-21,12000.0,2745.0,97.53855373755077,112420.7265625,43.66884736070689,60104.58027648926,85965.36085510254,288808.2317504883,197839.13150024414
2024-11-22,12000.0,2755.0,96.19172777751191,112479.265625,44.91520812503509,60242.10097068787,90443.27935539246,290151.9325604248,196593.49279403687
2024-11-25,12530.0,2760.0,99.09803642812209,112650.0,45.83844049730001,60957.47147758484,90576.59163780212,289689.6964045715,184615.5675956726
2024-11-26,12610.0,2750.0,97.96386719861569,112918.296875,44.91520812503509,59536.28218753815,91818.39761634827,290343.54040740966,183639.4378956604
2024-11-27,12300.0,2740.0,96.68792681542098,112962.1953125,43.13798614745159,59681.57445098877,91884.80124542236,286941.15626861574,176245.3449143982
2024-11-28,12290.0,2710.0,96.61704123857683,113737.8125,42.930262366965536,60535.171067276,93710.09175796508,290641.4289619446,177906.66371017456
2024-11-29,12000.0,2720.0,92.93099124268102,113996.359375,41.96086815006972,60535.171067276,93710.09175796508,290641.4289619446,177906.66371017456
2024-12-02,11700.0,2705.0,91.58416528264218,114420.7421875,40.94531208854301,60159.244258461,93352.96984176636,295750.0595800782,178298.79020004274
2024-12-03,11730.0,2805.0,93.78161816481084,114132.9375,42.69945314381107,61353.61718643188,101318.81549278258,301234.54749954224,182686.79176864622
2024-12-04,11390.0,2785.0,96.33349893120024,114142.6953125,42.37632475174778,59586.55943481446,98639.37384521485,301597.56418945314,184516.58009765626
2024-12-05,11150.0,2750.0,92.36390662792783,114147.5703125,43.0918243028207,59396.507352905275,101759.29948883057,301591.7299841309,190232.69020751954
2024-12-06,11080.0,2695.0,88.60697105518787,114064.640625,42.58405305258681,58665.996612548835,108586.01079101564,305688.7271484375,190072.0850341797
2024-12-09,10320.0,2570.0,83.36143836872074,114196.3515625,40.760664710019434,61308.80592021942,103621.42169075012,304950.3942840576,180129.77313652038
2024-12-10,11170.0,2660.0,87.18925951830485,114381.71875,41.43001145716742,59929.3713142395,101557.01312561035,304414.44973449706,174057.8942855835
2024-12-11,11830.0,2710.0,89.67025470785013,114328.0625,42.953343289280994,60220.01239967346,103580.53805160522,308997.0877380371,179463.90058898926
2024-12-12,11900.0,2750.0,91.08796624473312,114225.625,43.99197575277017,58971.608529853824,104637.19963760376,307222.3005180359,178444.10176254273
2024-12-13,12250.0,2790.0,95.05755854800555,114396.359375,43.92273750617681,58503.04714691162,109146.75696212768,310762.51354583737,180171.95614288328
2024-12-16,12340.0,2775.0,96.26261335435609,114050.0078125,44.822888956126285,57428.81205047607,108917.89499999999,315841.07882568357,180826.4285217285
2024-12-17,12370.0,2760.0,94.63224508694063,113615.859375,45.838440497300006,57191.95034179688,106835.9415234375,314143.19191406254,173042.30173828127
2024-12-18,12300.0,2780.0,94.84490181747309,113645.125,46.41545903483322,54577.47896568299,102840.67937217712,303250.69785858155,163846.8535507965
2024-12-19,12000.0,2750.0,92.29302105108368,113167.078125,44.84596535808875,54212.113324584956,107312.11127609253,303460.1790463257,166655.94370605468
2024-12-20,11240.0,2685.0,90.37911047629163,112576.8203125,43.29955712401271,55032.407615356446,116356.0904083252,305887.31527282717,173112.21929992674
2024-12-23,11870.0,2690.0,89.95379701522673,112991.4609375,45.63071671681397,55863.30878356934,117142.51794433594,310376.01385620114,170646.35121826173
2024-12-24,11900.0,2705.0,88.89051336256446,112708.53125,45.60763127414554,56035.93230346679,120057.3127972412,315813.8435986328,172759.5474432373
2024-12-26,11650.0,2720.0,86.19686144248675,112464.625,44.96136996966599,56388.804603424076,120553.59150421144,317798.06147644046,174185.6627572632
2024-12-27,11510.0,2680.0,83.85763740662979,112449.796875,45.122936425874116,56018.36745605469,116279.23469238282,314171.2560791016,168976.67135009766
2024-12-30,11710.0,2630.0,85.4171200972011,112133.484375,45.215260115135905,55081.11974731445,113633.65804931641,310355.91690429684,170740.66122558594
